where,word,mean,pinYin,Pronunciation
南汇·周浦,阿(阿),[空],ʔɑʔ⁵⁵,暂无
南汇·周浦,阿(阿),[空],ʔu⁵²,暂无
南汇·周浦,哀(哀),[空],ʔe⁵²,暂无
南汇·周浦,挨(挨),[空],ʔɑ⁵²,暂无
南汇·周浦,挨(挨),[空],ʔɛ⁵²,暂无
南汇·周浦,挨(捱),[空],ŋɑ¹¹³,暂无
南汇·周浦,矮(矮),[空],ʔɑ⁴⁴,暂无
南汇·周浦,爱(愛),[空],ʔe³³⁵,暂无
南汇·周浦,碍(礙),[空],ɦe¹¹³,暂无
南汇·周浦,碍(礙),[空],ŋe¹¹³,暂无
南汇·周浦,安(安),[空],ʔø⁵²,暂无
南汇·周浦,庵(庵),[空],ʔø⁵²,暂无
南汇·周浦,岸(岸),[空],ɦø¹¹³,暂无
南汇·周浦,按(按),[空],ʔø³³⁵,暂无
南汇·周浦,案(案),[空],ʔø³³⁵,暂无
南汇·周浦,暗(暗),[空],ʔe³³⁵,暂无
南汇·周浦,暗(暗),[空],ʔø³³⁵,暂无
南汇·周浦,肮(肮),[空],ʔɒ̃⁵²,暂无
南汇·周浦,肮(骯),[空],ʔɒ̃⁵²,暂无
南汇·周浦,昂(昂),[空],ɦɒ̃¹¹³,暂无
南汇·周浦,昂(昂),[空],ŋɒ̃¹¹³,暂无
南汇·周浦,熬(熬),[空],ŋɔ¹¹³,暂无
南汇·周浦,袄(襖),[空],ʔɔ⁴⁴,暂无
南汇·周浦,傲(傲),[空],ŋɔ¹¹³,暂无
南汇·周浦,奥(奧),[空],ʔɔ³³⁵,暂无
南汇·周浦,懊(懊),[空],ʔɔ³³⁵,暂无
南汇·周浦,懊(懊),[空],ʔɔ⁴⁴,暂无
南汇·周浦,八(八),[空],ʔbɑʔ⁵⁵,暂无
南汇·周浦,巴(巴),[空],ʔbɑ⁵²,暂无
南汇·周浦,巴(巴),[空],ʔbo⁵²,暂无
南汇·周浦,叭(叭),[空],ʔbɑ⁵²,暂无
南汇·周浦,芭(芭),[空],ʔbɑ⁵²,暂无
南汇·周浦,芭(芭),[空],ʔbo⁵²,暂无
南汇·周浦,拔(拔),[空],bɑʔ²³,暂无
南汇·周浦,把(把),[空],ʔbɑ⁴⁴,暂无
南汇·周浦,把(把),[空],ʔbo⁴⁴,暂无
南汇·周浦,罢(罷),[空],bo¹¹³,暂无
南汇·周浦,霸(霸),[空],ʔbo³³⁵,暂无
南汇·周浦,坝(壩),[空],ʔbɑ³³⁵,暂无
南汇·周浦,坝(壩),[空],ʔbo³³⁵,暂无
南汇·周浦,欛(欛),[空],ʔbo³³⁵,暂无
南汇·周浦,白(白),[空],bɑʔ²³,暂无
南汇·周浦,百(百),[空],ʔbɑʔ⁵⁵,暂无
南汇·周浦,柏(柏),[空],ʔbɑʔ⁵⁵,暂无
南汇·周浦,摆(擺),[空],ʔbɑ⁴⁴,暂无
南汇·周浦,拜(拜),[空],ʔbɑ³³⁵,暂无
南汇·周浦,败(敗),[空],bɑ¹¹³,暂无
南汇·周浦,稗(稗),[空],bɑ¹¹³,暂无
南汇·周浦,扳(扳),[空],ʔbɛ⁵²,暂无
南汇·周浦,班(班),[空],ʔbɛ⁵²,暂无
南汇·周浦,般(般),[空],ʔbɛ⁵²,暂无
南汇·周浦,斑(斑),[空],ʔbɛ⁵²,暂无
南汇·周浦,搬(搬),[空],ʔbe⁵²,暂无
南汇·周浦,板(板),[空],ʔbɛ⁴⁴,暂无
南汇·周浦,版(版),[空],ʔbɛ⁴⁴,暂无
南汇·周浦,半(半),[空],ʔbẽ³³⁵,暂无
南汇·周浦,伴(伴),[空],be¹¹³,暂无
南汇·周浦,拌(拌),[空],be¹¹³,暂无
南汇·周浦,办(辦),[空],bɛ¹¹³,暂无
南汇·周浦,瓣(瓣),[空],bɛ¹¹³,暂无
南汇·周浦,扮(扮),[空],ʔbɛ³³⁵,暂无
南汇·周浦,邦(邦),[空],bɒ̃⁵²,暂无
南汇·周浦,浜(浜),[空],ʔbᴀ̃⁵²,暂无
南汇·周浦,帮(幫),[空],ʔbɒ̃⁵²,暂无
南汇·周浦,绑(綁),[空],ʔbɒ̃⁴⁴,暂无
南汇·周浦,榜(榜),[空],ʔbɒ̃⁴⁴,暂无
南汇·周浦,蚌(蚌),[空],bᴀ̃¹¹³,暂无
南汇·周浦,棒(棒),[空],bɒ̃¹¹³,暂无
南汇·周浦,傍(傍),[空],bɒ̃¹¹³,暂无
南汇·周浦,磅(磅),[空],ʔbɒ̃³³⁵,暂无
南汇·周浦,谤(謗),[空],ʔbɒ̃³³⁵,暂无
南汇·周浦,包(包),[空],ʔbɔ⁵²,暂无
南汇·周浦,胞(胞),[空],ʔbɔ⁵²,暂无
南汇·周浦,褒(褒),[空],ʔbɔ⁵²,暂无
南汇·周浦,雹(雹),[空],bɔ¹¹³,暂无
南汇·周浦,薄(薄),[空],boʔ²³,暂无
南汇·周浦,薄(薄),[空],boʔ²³,暂无
南汇·周浦,保(保),[空],ʔbɔ⁴⁴,暂无
南汇·周浦,堡(堡),[空],ʔbɔ⁴⁴,暂无
南汇·周浦,饱(飽),[空],ʔbɔ⁴⁴,暂无
南汇·周浦,宝(寶),[空],ʔbɔ⁴⁴,暂无
南汇·周浦,抱(抱),[空],bɔ¹¹³,暂无
南汇·周浦,豹(豹),[空],ʔbɔ³³⁵,暂无
南汇·周浦,报(報),[空],ʔbɔ³³⁵,暂无
南汇·周浦,暴(暴),[空],bɔ¹¹³,暂无
南汇·周浦,鲍(鮑),[空],bɔ¹¹³,暂无
南汇·周浦,杯(杯),[空],ʔbe⁵²,暂无
南汇·周浦,卑(卑),[空],ʔbe⁵²,暂无
南汇·周浦,悲(悲),[空],ʔbe⁵²,暂无
南汇·周浦,碑(碑),[空],ʔbe⁵²,暂无
南汇·周浦,北(北),[空],poʔ⁵⁵,暂无
南汇·周浦,贝(貝),[空],ʔbe³³⁵,暂无
南汇·周浦,背(背),[空],be³³⁵,暂无
南汇·周浦,倍(倍),[空],be¹¹³,暂无
南汇·周浦,被(被),[空],bi¹¹³,暂无
南汇·周浦,备(備),[空],be¹¹³,暂无
南汇·周浦,辈(輩),[空],ʔbe³³⁵,暂无
南汇·周浦,鐾(鐾),[空],bi¹¹³,暂无
南汇·周浦,奔(奔),[空],ʔbəŋ⁵²,暂无
南汇·周浦,本(本),[空],ʔbəŋ⁴⁴,暂无
南汇·周浦,笨(笨),[空],bəŋ¹¹³,暂无
南汇·周浦,绷(繃),[空],ʔbᴀ̃⁵²,暂无
南汇·周浦,迸(迸),[空],ʔbᴀ̃³³⁵,暂无
南汇·周浦,迸(迸),[空],ʔbiɪŋ³³⁵,暂无
南汇·周浦,逼(逼),[空],ʔbɪʔ⁵⁵,暂无
南汇·周浦,鼻(鼻),[空],bɪʔ²³,暂无
南汇·周浦,比(比),[空],ʔbi⁴⁴,暂无
南汇·周浦,彼(彼),[空],ʔbi⁴⁴,暂无
南汇·周浦,笔(筆),[空],ʔbɪʔ⁵⁵,暂无
南汇·周浦,鄙(鄙),[空],ʔbi⁴⁴,暂无
南汇·周浦,必(必),[空],ʔbɪʔ⁵⁵,暂无
南汇·周浦,闭(閉),[空],ʔbi³³⁵,暂无
南汇·周浦,敝(敝),[空],bi¹¹³,暂无
南汇·周浦,婢(婢),[空],bi¹¹³,暂无
南汇·周浦,蓖(蓖),[空],ʔbi⁵²,暂无
南汇·周浦,碧(碧),[空],ʔbɪʔ⁵⁵,暂无
南汇·周浦,币(幣),[空],bi¹¹³,暂无
南汇·周浦,壁(壁),[空],ʔbɪʔ⁵⁵,暂无
南汇·周浦,避(避),[空],bi¹¹³,暂无
南汇·周浦,臂(臂),[空],ʔbi³³⁵,暂无
南汇·周浦,璧(璧),[空],ʔbɪʔ⁵⁵,暂无
南汇·周浦,蝙(蝙),[空],ʔbi⁵²,暂无
南汇·周浦,编(編),[空],ʔbi⁵²,暂无
南汇·周浦,鞭(鞭),[空],ʔbi⁵²,暂无
南汇·周浦,边(邊),[空],ʔbi⁵²,暂无
南汇·周浦,扁(扁),[空],ʔbi⁴⁴,暂无
南汇·周浦,匾(匾),[空],ʔbi⁴⁴,暂无
南汇·周浦,便(便),[空],bi¹¹³,暂无
南汇·周浦,便(便),[空],bi¹¹³,暂无
南汇·周浦,遍(遍),[空],ʔbi³³⁵,暂无
南汇·周浦,辨(辨),[空],bi¹¹³,暂无
南汇·周浦,辫(辮),[空],bi¹¹³,暂无
南汇·周浦,辩(辯),[空],bi¹¹³,暂无
南汇·周浦,变(變),[空],ʔbi³³⁵,暂无
南汇·周浦,标(標),[空],ʔbiɔ⁵²,暂无
南汇·周浦,表(表),[空],ʔbiɔ⁴⁴,暂无
南汇·周浦,别(別),[空],bɪʔ²³,暂无
南汇·周浦,瘪(癟),[空],ʔbɪʔ⁵⁵,暂无
南汇·周浦,宾(賓),[空],ʔbiɪŋ⁵²,暂无
南汇·周浦,鬓(鬢),[空],ʔbiɪŋ³³⁵,暂无
南汇·周浦,冰(冰),[空],ʔbiɪŋ⁵²,暂无
南汇·周浦,兵(兵),[空],ʔbiɪŋ⁵²,暂无
南汇·周浦,丙(丙),[空],ʔbiɪŋ⁴⁴,暂无
南汇·周浦,秉(秉),[空],ʔbiɪŋ⁴⁴,暂无
南汇·周浦,柄(柄),[空],ʔbiɪŋ³³⁵,暂无
南汇·周浦,禀(稟),[空],ʔbiɪŋ⁴⁴,暂无
南汇·周浦,饼(餅),[空],ʔbiɪŋ⁴⁴,暂无
南汇·周浦,并(並),[空],biɪŋ¹¹³,暂无
南汇·周浦,病(病),[空],biɪŋ¹¹³,暂无
南汇·周浦,波(波),[空],ʔbu⁵²,暂无
南汇·周浦,玻(玻),[空],ʔbu⁵²,暂无
南汇·周浦,剥(剝),[空],pɒʔ⁵⁵,暂无
南汇·周浦,剥(剝),[空],poʔ⁵⁵,暂无
南汇·周浦,钵(缽),[空],ʔbəʔ⁵⁵,暂无
南汇·周浦,播(播),[空],ʔbu³³⁵,暂无
南汇·周浦,拨(撥),[空],ʔbəʔ⁵⁵,暂无
南汇·周浦,饽(餑),[空],boʔ²³,暂无
南汇·周浦,伯(伯),[空],ʔbɑʔ⁵⁵,暂无
南汇·周浦,博(博),[空],poʔ⁵⁵,暂无
南汇·周浦,钹(鈸),[空],bəʔ²³,暂无
南汇·周浦,驳(駁),[空],poʔ⁵⁵,暂无
南汇·周浦,跛(跛),[空],ʔbu⁴⁴,暂无
南汇·周浦,擘(擘),[空],ʔbɑʔ⁵⁵,暂无
南汇·周浦,簸(簸),[空],ʔbu³³⁵,暂无
南汇·周浦,捕(捕),[空],bu¹¹³,暂无
南汇·周浦,补(補),[空],ʔbv̩⁴⁴,暂无
南汇·周浦,不(不),[空],pəʔ⁵⁵,暂无
南汇·周浦,布(布),[空],ʔbv̩³³⁵,暂无
南汇·周浦,步(步),[空],bu¹¹³,暂无
南汇·周浦,布(佈),[空],ʔbv̩³³⁵,暂无
南汇·周浦,部(部),[空],bu¹¹³,暂无
南汇·周浦,簿(簿),[空],bu¹¹³,暂无
南汇·周浦,猜(猜),[空],tsʰe⁵²,暂无
南汇·周浦,才(才),[空],ze¹¹³,暂无
南汇·周浦,材(材),[空],ze¹¹³,暂无
南汇·周浦,财(財),[空],ze¹¹³,暂无
南汇·周浦,裁(裁),[空],ze¹¹³,暂无
南汇·周浦,采(采),[空],tsʰe⁴⁴,暂无
南汇·周浦,采(採),[空],tsʰe⁴⁴,暂无
南汇·周浦,彩(彩),[空],tsʰe⁴⁴,暂无
南汇·周浦,菜(菜),[空],tsʰe³³⁵,暂无
南汇·周浦,蔡(蔡),[空],tsʰɑ³³⁵,暂无
南汇·周浦,参(參),[空],tsəŋ⁵²,暂无
南汇·周浦,参(參),[空],tsʰe⁵²,暂无
南汇·周浦,参(參),[空],tsʰø⁵²,暂无
南汇·周浦,残(殘),[空],zɛ¹¹³,暂无
南汇·周浦,惭(慚),[空],zɛ¹¹³,暂无
南汇·周浦,蚕(蠶),[空],ze¹¹³,暂无
南汇·周浦,惨(慘),[空],tsʰe⁴⁴,暂无
南汇·周浦,仓(倉),[空],tsʰɒ̃⁵²,暂无
南汇·周浦,舱(艙),[空],tsʰɒ̃⁵²,暂无
南汇·周浦,藏(藏),[空],zɒ̃¹¹³,暂无
南汇·周浦,藏(藏),[空],zɒ̃¹¹³,暂无
南汇·周浦,操(操),[空],tsʰɔ⁵²,暂无
南汇·周浦,曹(曹),[空],zɔ¹¹³,暂无
南汇·周浦,槽(槽),[空],zɔ¹¹³,暂无
南汇·周浦,草(草),[空],tsʰɔ⁴⁴,暂无
南汇·周浦,册(冊),[空],tsʰɑʔ⁵⁵,暂无
南汇·周浦,侧(側),[空],tsəʔ⁵⁵,暂无
南汇·周浦,策(策),[空],tsʰɑʔ⁵⁵,暂无
南汇·周浦,测(測),[空],tsʰəʔ⁵⁵,暂无
南汇·周浦,恻(惻),[空],tsʰəʔ⁵⁵,暂无
南汇·周浦,曾(曾),[空],zəŋ¹¹³,暂无
南汇·周浦,层(層),[空],zəŋ¹¹³,暂无
南汇·周浦,叉(叉),[空],tsʰɑ⁵²,暂无
南汇·周浦,叉(叉),[空],tsʰo⁵²,暂无
南汇·周浦,杈(杈),[空],tsʰɑ⁵²,暂无
南汇·周浦,杈(杈),[空],tsʰo⁵²,暂无
南汇·周浦,插(插),[空],tsʰɑʔ⁵⁵,暂无
南汇·周浦,茶(茶),[空],zo¹¹³,暂无
南汇·周浦,查(查),[空],zo¹¹³,暂无
南汇·周浦,察(察),[空],tsʰɑʔ⁵⁵,暂无
南汇·周浦,岔(岔),[空],tsʰɑ³³⁵,暂无
南汇·周浦,岔(岔),[空],tsʰo³³⁵,暂无
南汇·周浦,差(差),[空],tsʰɑ⁵²,暂无
南汇·周浦,差(差),[空],tsʰɑ⁵²,暂无
南汇·周浦,差(差),[空],tsʰo⁵²,暂无
南汇·周浦,差(差),[空],tsʰo⁵²,暂无
南汇·周浦,拆(拆),[空],tsʰɑʔ⁵⁵,暂无
南汇·周浦,柴(柴),[空],zɑ¹¹³,暂无
南汇·周浦,豺(豺),[空],zɑ¹¹³,暂无
南汇·周浦,豺(豺),[空],ze¹¹³,暂无
南汇·周浦,搀(攙),[空],tsʰɛ⁵²,暂无
南汇·周浦,禅(禪),[空],ze¹¹³,暂无
南汇·周浦,蝉(蟬),[空],ze¹¹³,暂无
南汇·周浦,缠(纏),[空],zø¹¹³,暂无
南汇·周浦,产(產),[空],tsʰɛ⁴⁴,暂无
南汇·周浦,产(産),[空],tsʰɛ⁴⁴,暂无
南汇·周浦,铲(鏟),[空],tsʰɛ⁴⁴,暂无
南汇·周浦,忏(懺),[空],tsʰɛ³³⁵,暂无
南汇·周浦,昌(昌),[空],tsʰᴀ̃⁵²,暂无
南汇·周浦,长(長),[空],tsᴀ̃¹¹³,暂无
南汇·周浦,长(長),[空],zᴀ̃¹¹³,暂无
南汇·周浦,常(常),[空],zᴀ̃¹¹³,暂无
南汇·周浦,肠(腸),[空],zᴀ̃¹¹³,暂无
南汇·周浦,尝(嘗),[空],zɒ̃¹¹³,暂无
南汇·周浦,厂(廠),[空],tsʰᴀ̃⁴⁴,暂无
南汇·周浦,唱(唱),[空],tsʰɒ̃³³⁵,暂无
南汇·周浦,畅(暢),[空],tsʰᴀ̃³³⁵,暂无
南汇·周浦,抄(抄),[空],tsʰɔ⁵²,暂无
南汇·周浦,超(超),[空],tsʰɔ⁵²,暂无
南汇·周浦,钞(鈔),[空],tsʰɔ⁵²,暂无
南汇·周浦,巢(巢),[空],zɔ¹¹³,暂无
南汇·周浦,朝(朝),[空],tsɔ⁵²,暂无
南汇·周浦,朝(朝),[空],zɔ¹¹³,暂无
南汇·周浦,潮(潮),[空],zɔ¹¹³,暂无
南汇·周浦,吵(吵),[空],tsʰɔ⁴⁴,暂无
南汇·周浦,炒(炒),[空],tsʰɔ⁴⁴,暂无
南汇·周浦,车(車),[空],tsʰo⁵²,暂无
南汇·周浦,扯(扯),[空],tsʰɑ⁴⁴,暂无
南汇·周浦,坼(坼),[空],tsʰɑʔ⁵⁵,暂无
南汇·周浦,撤(撤),[空],tsʰəʔ⁴⁵,暂无
南汇·周浦,彻(徹),[空],tsʰəʔ⁴⁵,暂无
南汇·周浦,臣(臣),[空],zəŋ¹¹³,暂无
南汇·周浦,辰(辰),[空],zəŋ¹¹³,暂无
南汇·周浦,沉(沉),[空],zəŋ¹¹³,暂无
南汇·周浦,陈(陳),[空],zəŋ¹¹³,暂无
南汇·周浦,晨(晨),[空],zəŋ¹¹³,暂无
南汇·周浦,尘(塵),[空],zəŋ¹¹³,暂无
南汇·周浦,趁(趁),[空],tsʰəŋ³³⁵,暂无
南汇·周浦,衬(襯),[空],tsʰəŋ³³⁵,暂无
南汇·周浦,称(稱),[空],tsʰəŋ⁵²,暂无
南汇·周浦,撑(撐),[空],tsʰᴀ̃⁵²,暂无
南汇·周浦,成(成),[空],zəŋ¹¹³,暂无
南汇·周浦,城(城),[空],zəŋ¹¹³,暂无
南汇·周浦,乘(乘),[空],zəŋ¹¹³,暂无
南汇·周浦,程(程),[空],zəŋ¹¹³,暂无
南汇·周浦,诚(誠),[空],zəŋ¹¹³,暂无
南汇·周浦,逞(逞),[空],tsʰəŋ⁴⁴,暂无
南汇·周浦,秤(秤),[空],tsʰəŋ³³⁵,暂无
南汇·周浦,吃(吃),[空],tɕʰiʌʔ⁵⁵,暂无
南汇·周浦,吃(吃),[空],tɕʰɪʔ⁵⁵,暂无
南汇·周浦,痴(癡),[空],tsʰɿ⁵²,暂无
南汇·周浦,池(池),[空],zɿ¹¹³,暂无
南汇·周浦,持(持),[空],zɿ¹¹³,暂无
南汇·周浦,驰(馳),[空],zɿ¹¹³,暂无
南汇·周浦,迟(遲),[空],zɿ¹¹³,暂无
南汇·周浦,尺(尺),[空],tsʰɑʔ⁵⁵,暂无
南汇·周浦,耻(恥),[空],tsʰɿ⁴⁴,暂无
南汇·周浦,斥(斥),[空],tsʰɑʔ⁵⁵,暂无
南汇·周浦,赤(赤),[空],tsʰɑʔ⁵⁵,暂无
南汇·周浦,翅(翅),[空],tsʰɿ³³⁵,暂无
南汇·周浦,饬(飭),[空],tsʰəʔ⁵⁵,暂无
南汇·周浦,充(充),[空],tsʰoŋ⁵²,暂无
南汇·周浦,冲(衝),[空],tsʰoŋ⁵²,暂无
南汇·周浦,崇(崇),[空],zoŋ¹¹³,暂无
南汇·周浦,虫(蟲),[空],zoŋ¹¹³,暂无
南汇·周浦,宠(寵),[空],tsʰoŋ⁴⁴,暂无
南汇·周浦,抽(抽),[空],tsʰɤ⁵²,暂无
南汇·周浦,仇(仇),[空],zɤ¹¹³,暂无
南汇·周浦,愁(愁),[空],zɤ¹¹³,暂无
南汇·周浦,绸(綢),[空],zɤ¹¹³,暂无
南汇·周浦,丑(醜),[空],tsʰɤ⁴⁴,暂无
南汇·周浦,臭(臭),[空],tsʰɤ³³⁵,暂无
南汇·周浦,出(出),[空],tsʰəʔ⁵⁵,暂无
南汇·周浦,初(初),[空],tsʰu⁵²,暂无
南汇·周浦,除(除),[空],ʑy¹¹³,暂无
南汇·周浦,锄(鋤),[空],zɿ¹¹³,暂无
南汇·周浦,厨(廚),[空],ʑy¹¹³,暂无
南汇·周浦,橱(櫥),[空],zɿ¹¹³,暂无
南汇·周浦,橱(櫥),[空],ʑy¹¹³,暂无
南汇·周浦,楚(楚),[空],tsʰu⁴⁴,暂无
南汇·周浦,畜(畜),[空],ɕioʔ⁵⁵,暂无
南汇·周浦,畜(畜),[空],tsʰoʔ⁵⁵,暂无
南汇·周浦,处(處),[空],tɕʰy³³⁵,暂无
南汇·周浦,处(處),[空],tɕʰy⁴⁴,暂无
南汇·周浦,处(處),[空],tsɿ³³⁵,暂无
南汇·周浦,处(處),[空],tsɿ⁴⁴,暂无
南汇·周浦,触(觸),[空],tsʰoʔ⁵⁵,暂无
南汇·周浦,川(川),[空],tsʰø⁵²,暂无
南汇·周浦,穿(穿),[空],tsʰø⁵²,暂无
南汇·周浦,传(傳),[空],zø¹¹³,暂无
南汇·周浦,传(傳),[空],zø¹¹³,暂无
南汇·周浦,喘(喘),[空],tsʰø⁴⁴,暂无
南汇·周浦,串(串),[空],tsʰø³³⁵,暂无
南汇·周浦,窗(窗),[空],tsʰɒ̃⁵²,暂无
南汇·周浦,疮(瘡),[空],tsʰɒ̃⁵²,暂无
南汇·周浦,床(床),[空],zɒ̃¹¹³,暂无
南汇·周浦,创(創),[空],tsʰɒ̃³³⁵,暂无
南汇·周浦,吹(吹),[空],tsʰɿ⁵²,暂无
南汇·周浦,炊(炊),[空],tsʰø⁵²,暂无
南汇·周浦,垂(垂),[空],zø¹¹³,暂无
南汇·周浦,槌(槌),[空],tsø⁵²,暂无
南汇·周浦,槌(槌),[空],zø¹¹³,暂无
南汇·周浦,春(春),[空],tsʰəŋ⁵²,暂无
南汇·周浦,唇(唇),[空],zəŋ¹¹³,暂无
南汇·周浦,纯(純),[空],zəŋ¹¹³,暂无
南汇·周浦,蠢(蠢),[空],tsʰəŋ⁴⁴,暂无
南汇·周浦,戳(戳),[空],tsʰoʔ⁵⁵,暂无
南汇·周浦,绰(綽),[空],tsʰoʔ⁵⁵,暂无
南汇·周浦,龊(齪),[空],tsʰoʔ⁵⁵,暂无
南汇·周浦,瓷(瓷),[空],zɿ¹¹³,暂无
南汇·周浦,词(詞),[空],zɿ¹¹³,暂无
南汇·周浦,慈(慈),[空],zɿ¹¹³,暂无
南汇·周浦,磁(磁),[空],zɿ¹¹³,暂无
南汇·周浦,雌(雌),[空],tsʰɿ⁵²,暂无
南汇·周浦,辞(辭),[空],zɿ¹¹³,暂无
南汇·周浦,此(此),[空],tsʰɿ⁴⁴,暂无
南汇·周浦,次(次),[空],tsʰɿ³³⁵,暂无
南汇·周浦,刺(刺),[空],tsʰɿ³³⁵,暂无
南汇·周浦,匆(匆),[空],tsʰoŋ⁵²,暂无
南汇·周浦,葱(蔥),[空],tsʰoŋ⁵²,暂无
南汇·周浦,聪(聰),[空],tsʰoŋ⁵²,暂无
南汇·周浦,从(從),[空],zoŋ¹¹³,暂无
南汇·周浦,丛(叢),[空],zoŋ¹¹³,暂无
南汇·周浦,粗(粗),[空],tsu⁵²,暂无
南汇·周浦,促(促),[空],tsʰoʔ⁵⁵,暂无
南汇·周浦,猝(猝),[空],tsʰoʔ⁵⁵,暂无
南汇·周浦,醋(醋),[空],tsʰu³³⁵,暂无
南汇·周浦,汆(汆),[空],tsʰø⁵²,暂无
南汇·周浦,窜(竄),[空],tsʰø³³⁵,暂无
南汇·周浦,崔(崔),[空],tsʰø⁵²,暂无
南汇·周浦,催(催),[空],tsʰø⁵²,暂无
南汇·周浦,脆(脆),[空],tsʰø³³⁵,暂无
南汇·周浦,翠(翠),[空],tsʰø³³⁵,暂无
南汇·周浦,村(村),[空],tsʰəŋ⁵²,暂无
南汇·周浦,存(存),[空],zəŋ¹¹³,暂无
南汇·周浦,忖(忖),[空],tsʰəŋ⁴⁴,暂无
南汇·周浦,寸(寸),[空],tsʰəŋ³³⁵,暂无
南汇·周浦,搓(搓),[空],tsʰu⁵²,暂无
南汇·周浦,撮(撮),[空],tsʰoʔ⁵⁵,暂无
南汇·周浦,措(措),[空],tsʰu³³⁵,暂无
南汇·周浦,错(錯),[空],tsʰu³³⁵,暂无
南汇·周浦,搭(搭),[空],ʔdɑʔ⁵⁵,暂无
南汇·周浦,剳(剳),[空],tsɑʔ⁵⁵,暂无
南汇·周浦,达(達),[空],dɑʔ²³,暂无
南汇·周浦,答(答),[空],ʔdɑʔ⁵⁵,暂无
南汇·周浦,打(打),[空],ʔdᴀ̃⁴⁴,暂无
南汇·周浦,大(大),[空],dɑ¹¹³,暂无
南汇·周浦,大(大),[空],du¹¹³,暂无
南汇·周浦,呆(呆),[空],ŋe¹¹³,暂无
南汇·周浦,呆(呆),[空],te⁵²,暂无
南汇·周浦,歹(歹),[空],te⁴⁴,暂无
南汇·周浦,代(代),[空],de¹¹³,暂无
南汇·周浦,待(待),[空],de¹¹³,暂无
南汇·周浦,带(帶),[空],tɑ³³⁵,暂无
南汇·周浦,袋(袋),[空],de¹¹³,暂无
南汇·周浦,戴(戴),[空],tɑ³³⁵,暂无
南汇·周浦,戴(戴),[空],tɛ³³⁵,暂无
南汇·周浦,丹(丹),[空],ʔdɛ⁵²,暂无
南汇·周浦,耽(耽),[空],ʔde⁵²,暂无
南汇·周浦,单(單),[空],ʔdɛ⁵²,暂无
南汇·周浦,掸(撣),[空],ʔdɛ⁴⁴,暂无
南汇·周浦,担(擔),[空],ʔdɛ³³⁵,暂无
南汇·周浦,担(擔),[空],ʔdɛ⁵²,暂无
南汇·周浦,胆(膽),[空],ʔdɛ⁴⁴,暂无
南汇·周浦,旦(旦),[空],ʔdɛ³³⁵,暂无
南汇·周浦,但(但),[空],dɛ¹¹³,暂无
南汇·周浦,蛋(蛋),[空],dɛ¹¹³,暂无
南汇·周浦,弹(彈),[空],dɛ¹¹³,暂无
南汇·周浦,弹(彈),[空],dɛ¹¹³,暂无
南汇·周浦,当(當),[空],ʔdɒ̃³³⁵,暂无
南汇·周浦,当(當),[空],ʔdɒ̃⁵²,暂无
南汇·周浦,挡(擋),[空],ʔdɒ̃⁴⁴,暂无
南汇·周浦,党(黨),[空],ʔdɒ̃⁴⁴,暂无
南汇·周浦,宕(宕),[空],dɒ̃¹¹³,暂无
南汇·周浦,荡(蕩),[空],dɒ̃¹¹³,暂无
南汇·周浦,刀(刀),[空],ʔdɔ⁵²,暂无
南汇·周浦,倒(倒),[空],ʔdɔ³³⁵,暂无
南汇·周浦,倒(倒),[空],ʔdɔ⁴⁴,暂无
南汇·周浦,岛(島),[空],ʔdɔ⁴⁴,暂无
南汇·周浦,导(導),[空],dɔ¹¹³,暂无
南汇·周浦,到(到),[空],ʔdɔ³³⁵,暂无
南汇·周浦,道(道),[空],dɔ¹¹³,暂无
南汇·周浦,盗(盜),[空],dɔ¹¹³,暂无
南汇·周浦,稻(稻),[空],dɔ¹¹³,暂无
南汇·周浦,得(得),[空],ʔdəʔ⁵⁵,暂无
南汇·周浦,德(德),[空],ʔdəʔ⁵⁵,暂无
南汇·周浦,的(的),[空],ʔdɪʔ⁵⁵,暂无
南汇·周浦,登(登),[空],ʔdəŋ⁵²,暂无
南汇·周浦,灯(燈),[空],ʔdəŋ⁵²,暂无
南汇·周浦,等(等),[空],ʔdəŋ⁴⁴,暂无
南汇·周浦,凳(凳),[空],ʔdəŋ³³⁵,暂无
南汇·周浦,邓(鄧),[空],dəŋ¹¹³,暂无
南汇·周浦,低(低),[空],ʔdi⁵²,暂无
南汇·周浦,滴(滴),[空],ʔdɪʔ⁵⁵,暂无
南汇·周浦,狄(狄),[空],dɪʔ²³,暂无
南汇·周浦,笛(笛),[空],dɪʔ²³,暂无
南汇·周浦,敌(敵),[空],dɪʔ²³,暂无
南汇·周浦,抵(抵),[空],ʔdi⁴⁴,暂无
南汇·周浦,底(底),[空],ʔdi⁴⁴,暂无
南汇·周浦,地(地),[空],di¹¹³,暂无
南汇·周浦,弟(弟),[空],di¹¹³,暂无
南汇·周浦,帝(帝),[空],ʔdi³³⁵,暂无
南汇·周浦,第(第),[空],di¹¹³,暂无
南汇·周浦,递(遞),[空],di¹¹³,暂无
南汇·周浦,颠(顛),[空],ʔdi⁵²,暂无
南汇·周浦,典(典),[空],ʔdi⁴⁴,暂无
南汇·周浦,点(點),[空],ʔdi⁴⁴,暂无
南汇·周浦,店(店),[空],ʔdi³³⁵,暂无
南汇·周浦,电(電),[空],di¹¹³,暂无
南汇·周浦,殿(殿),[空],di¹¹³,暂无
南汇·周浦,垫(墊),[空],di¹¹³,暂无
南汇·周浦,刁(刁),[空],ʔdiɔ⁵²,暂无
南汇·周浦,雕(雕),[空],ʔdiɔ⁵²,暂无
南汇·周浦,吊(弔),[空],ʔdiɔ³³⁵,暂无
南汇·周浦,吊(吊),[空],ʔdiɔ³³⁵,暂无
南汇·周浦,掉(掉),[空],diɔ¹¹³,暂无
南汇·周浦,钓(釣),[空],ʔdiɔ³³⁵,暂无
南汇·周浦,调(調),[空],diɔ¹¹³,暂无
南汇·周浦,调(調),[空],diɔ¹¹³,暂无
南汇·周浦,爹(爹),[空],ʔdiɑ⁵²,暂无
南汇·周浦,跌(跌),[空],ʔdɪʔ⁵⁵,暂无
南汇·周浦,迭(迭),[空],dɪʔ²³,暂无
南汇·周浦,蝶(蝶),[空],dɪʔ²³,暂无
南汇·周浦,谍(諜),[空],dɪʔ²³,暂无
南汇·周浦,叠(疊),[空],dəʔ²³,暂无
南汇·周浦,叠(疊),[空],dɪʔ²³,暂无
南汇·周浦,丁(丁),[空],ʔdiɪŋ⁵²,暂无
南汇·周浦,疔(疔),[空],ʔdiɪŋ⁵²,暂无
南汇·周浦,钉(釘),[空],ʔdiɪŋ³³⁵,暂无
南汇·周浦,钉(釘),[空],ʔdiɪŋ⁵²,暂无
南汇·周浦,顶(頂),[空],ʔdiɪŋ⁴⁴,暂无
南汇·周浦,鼎(鼎),[空],ʔdiɪŋ⁴⁴,暂无
南汇·周浦,定(定),[空],diɪŋ¹¹³,暂无
南汇·周浦,订(訂),[空],ʔdiɪŋ³³⁵,暂无
南汇·周浦,丢(丟),[空],ʔdiɤ⁵²,暂无
南汇·周浦,冬(冬),[空],ʔdoŋ⁵²,暂无
南汇·周浦,东(東),[空],ʔdoŋ⁵²,暂无
南汇·周浦,董(董),[空],ʔdoŋ⁴⁴,暂无
南汇·周浦,懂(懂),[空],ʔdoŋ⁴⁴,暂无
南汇·周浦,洞(洞),[空],doŋ¹¹³,暂无
南汇·周浦,冻(凍),[空],ʔdoŋ³³⁵,暂无
南汇·周浦,动(動),[空],doŋ¹¹³,暂无
南汇·周浦,都(都),[空],ʔdu⁵²,暂无
南汇·周浦,兜(兜),[空],ʔdɤ⁵²,暂无
南汇·周浦,抖(抖),[空],ʔdɤ⁴⁴,暂无
南汇·周浦,豆(豆),[空],dɤ¹¹³,暂无
南汇·周浦,斗(鬥),[空],ʔdɤ³³⁵,暂无
南汇·周浦,督(督),[空],ʔdoʔ⁵⁵,暂无
南汇·周浦,毒(毒),[空],doʔ²³,暂无
南汇·周浦,独(獨),[空],doʔ²³,暂无
南汇·周浦,读(讀),[空],doʔ²³,暂无
南汇·周浦,堵(堵),[空],ʔdu⁴⁴,暂无
南汇·周浦,睹(睹),[空],ʔdu⁴⁴,暂无
南汇·周浦,赌(賭),[空],ʔdu⁴⁴,暂无
南汇·周浦,笃(篤),[空],ʔdoʔ⁵⁵,暂无
南汇·周浦,杜(杜),[空],du¹¹³,暂无
南汇·周浦,肚(肚),[空],du¹¹³,暂无
南汇·周浦,肚(肚),[空],ʔdu⁴⁴,暂无
南汇·周浦,妒(妒),[空],ʔdu³³⁵,暂无
南汇·周浦,度(度),[空],doʔ²³,暂无
南汇·周浦,度(度),[空],du¹¹³,暂无
南汇·周浦,渡(渡),[空],du¹¹³,暂无
南汇·周浦,镀(鍍),[空],du¹¹³,暂无
南汇·周浦,端(端),[空],ʔdø⁵²,暂无
南汇·周浦,短(短),[空],ʔdø⁵²,暂无
南汇·周浦,段(段),[空],dø¹¹³,暂无
南汇·周浦,断(斷),[空],dø¹¹³,暂无
南汇·周浦,断(斷),[空],ʔdø³³⁵,暂无
南汇·周浦,堆(堆),[空],ʔde³³⁵,暂无
南汇·周浦,兑(兌),[空],de¹¹³,暂无
南汇·周浦,队(隊),[空],de¹¹³,暂无
南汇·周浦,对(對),[空],ʔde³³⁵,暂无
南汇·周浦,敦(敦),[空],ʔdəŋ⁵²,暂无
南汇·周浦,盾(盾),[空],dəŋ¹¹³,暂无
南汇·周浦,钝(鈍),[空],dəŋ¹¹³,暂无
南汇·周浦,顿(頓),[空],ʔdəŋ³³⁵,暂无
南汇·周浦,多(多),[空],ʔdu⁵²,暂无
南汇·周浦,掇(掇),[空],ʔdəʔ⁵⁵,暂无
南汇·周浦,掇(掇),[空],ʔdœʔ⁵⁵,暂无
南汇·周浦,夺(奪),[空],dəʔ²³,暂无
南汇·周浦,夺(奪),[空],dœʔ²³,暂无
南汇·周浦,铎(鐸),[空],doʔ²³,暂无
南汇·周浦,朵(朵),[空],ʔdu⁵²,暂无
南汇·周浦,舵(舵),[空],du¹¹³,暂无
南汇·周浦,惰(惰),[空],dəu¹¹³,暂无
南汇·周浦,蛾(蛾),[空],ŋu¹¹³,暂无
南汇·周浦,鹅(鵝),[空],ɡɒ̃¹¹³,暂无
南汇·周浦,鹅(鵝),[空],ŋu¹¹³,暂无
南汇·周浦,额(額),[空],ŋɑʔ²³,暂无
南汇·周浦,扼(扼),[空],ʔəʔ⁵⁵,暂无
南汇·周浦,恶(惡),[空],ʔɒʔ⁵⁵,暂无
南汇·周浦,恶(惡),[空],ʔoʔ⁵⁵,暂无
南汇·周浦,饿(餓),[空],ŋu¹¹³,暂无
南汇·周浦,恩(恩),[空],ʔəŋ⁵²,暂无
南汇·周浦,而(而),[空],ɦəl¹¹³,暂无
南汇·周浦,儿(兒),[空],ɦəl¹¹³,暂无
南汇·周浦,儿(兒),[空],ȵi¹¹³,暂无
南汇·周浦,耳(耳),[空],ɦəl¹¹³,暂无
南汇·周浦,耳(耳),[空],ȵi¹¹³,暂无
南汇·周浦,尔(爾),[空],ɦəl¹¹³,暂无
南汇·周浦,二(二),[空],ɦəl¹¹³,暂无
南汇·周浦,二(二),[空],liᴀ̃¹¹³,暂无
南汇·周浦,二(二),[空],ȵi¹¹³,暂无
南汇·周浦,贰(貳),[空],ɦəl¹¹³,暂无
南汇·周浦,贰(貳),[空],liᴀ̃¹¹³,暂无
南汇·周浦,发(發),[空],fɑʔ⁵⁵,暂无
南汇·周浦,废(廢),[空],fi³³⁵,暂无
南汇·周浦,乏(乏),[空],vɑʔ²³,暂无
南汇·周浦,伐(伐),[空],vɑʔ²³,暂无
南汇·周浦,罚(罰),[空],vɑʔ²³,暂无
南汇·周浦,法(法),[空],fɑʔ⁵⁵,暂无
南汇·周浦,发(髮),[空],fɑʔ⁵⁵,暂无
南汇·周浦,帆(帆),[空],vɛ¹¹³,暂无
南汇·周浦,番(番),[空],fɛ⁵²,暂无
南汇·周浦,翻(翻),[空],fɛ⁵²,暂无
南汇·周浦,凡(凡),[空],vɛ¹¹³,暂无
南汇·周浦,烦(煩),[空],vɛ¹¹³,暂无
南汇·周浦,繁(繁),[空],vɛ¹¹³,暂无
南汇·周浦,矾(礬),[空],vɛ¹¹³,暂无
南汇·周浦,反(反),[空],fɛ⁴⁴,暂无
南汇·周浦,犯(犯),[空],vɛ¹¹³,暂无
南汇·周浦,泛(泛),[空],fɛ³³⁵,暂无
南汇·周浦,贩(販),[空],fɛ³³⁵,暂无
南汇·周浦,范(範),[空],vɛ¹¹³,暂无
南汇·周浦,方(方),[空],fɒ̃⁵²,暂无
南汇·周浦,防(防),[空],bɒ̃¹¹³,暂无
南汇·周浦,房(房),[空],vɒ̃¹¹³,暂无
南汇·周浦,仿(仿),[空],fɒ̃⁴⁴,暂无
南汇·周浦,纺(紡),[空],fɒ̃⁴⁴,暂无
南汇·周浦,访(訪),[空],fɒ̃³³⁵,暂无
南汇·周浦,放(放),[空],fɒ̃³³⁵,暂无
南汇·周浦,非(非),[空],fi⁵²,暂无
南汇·周浦,飞(飛),[空],fi⁵²,暂无
南汇·周浦,肥(肥),[空],vi¹¹³,暂无
南汇·周浦,匪(匪),[空],fi⁴⁴,暂无
南汇·周浦,费(費),[空],fi³³⁵,暂无
南汇·周浦,费(費),[空],vi¹¹³,暂无
南汇·周浦,分(分),[空],fəŋ⁵²,暂无
南汇·周浦,纷(紛),[空],fəŋ⁵²,暂无
南汇·周浦,粉(粉),[空],fəŋ⁴⁴,暂无
南汇·周浦,份(份),[空],vəŋ¹¹³,暂无
南汇·周浦,忿(忿),[空],vəŋ¹¹³,暂无
南汇·周浦,坟(墳),[空],vəŋ¹¹³,暂无
南汇·周浦,奋(奮),[空],fəŋ³³⁵,暂无
南汇·周浦,粪(糞),[空],fəŋ³³⁵,暂无
南汇·周浦,封(封),[空],foŋ⁵²,暂无
南汇·周浦,封(封),[空],hoŋ⁵²,暂无
南汇·周浦,风(風),[空],foŋ⁵²,暂无
南汇·周浦,风(風),[空],hoŋ⁵²,暂无
南汇·周浦,蜂(蜂),[空],foŋ⁵²,暂无
南汇·周浦,蜂(蜂),[空],hoŋ⁵²,暂无
南汇·周浦,疯(瘋),[空],foŋ⁵²,暂无
南汇·周浦,疯(瘋),[空],hoŋ⁵²,暂无
南汇·周浦,锋(鋒),[空],foŋ⁵²,暂无
南汇·周浦,锋(鋒),[空],hoŋ⁵²,暂无
南汇·周浦,丰(豐),[空],foŋ⁵²,暂无
南汇·周浦,丰(豐),[空],hoŋ⁵²,暂无
南汇·周浦,逢(逢),[空],voŋ¹¹³,暂无
南汇·周浦,冯(馮),[空],ɦoŋ¹¹³,暂无
南汇·周浦,冯(馮),[空],voŋ¹¹³,暂无
南汇·周浦,缝(縫),[空],ɦoŋ¹¹³,暂无
南汇·周浦,缝(縫),[空],ɦoŋ¹¹³,暂无
南汇·周浦,缝(縫),[空],voŋ¹¹³,暂无
南汇·周浦,缝(縫),[空],voŋ¹¹³,暂无
南汇·周浦,讽(諷),[空],hoŋ⁵²,暂无
南汇·周浦,讽(諷),[空],ɦoŋ⁵²,暂无
南汇·周浦,奉(奉),[空],ɦoŋ¹¹³,暂无
南汇·周浦,奉(奉),[空],voŋ¹¹³,暂无
南汇·周浦,俸(俸),[空],voŋ¹¹³,暂无
南汇·周浦,凤(鳳),[空],ɦoŋ¹¹³,暂无
南汇·周浦,凤(鳳),[空],voŋ¹¹³,暂无
南汇·周浦,佛(佛),[空],vəʔ²³,暂无
南汇·周浦,否(否),[空],fɤ⁴⁴,暂无
南汇·周浦,夫(夫),[空],fv̩⁵²,暂无
南汇·周浦,肤(膚),[空],fv̩⁵²,暂无
南汇·周浦,伏(伏),[空],voʔ²³,暂无
南汇·周浦,扶(扶),[空],vv̩¹¹³,暂无
南汇·周浦,拂(拂),[空],vəʔ²³,暂无
南汇·周浦,服(服),[空],ɦoʔ²³,暂无
南汇·周浦,服(服),[空],voʔ²³,暂无
南汇·周浦,浮(浮),[空],vu¹¹³,暂无
南汇·周浦,符(符),[空],vv̩¹¹³,暂无
南汇·周浦,幅(幅),[空],foʔ⁵⁵,暂无
南汇·周浦,福(福),[空],foʔ⁵⁵,暂无
南汇·周浦,甫(甫),[空],fv̩⁴⁴,暂无
南汇·周浦,斧(斧),[空],fv̩⁴⁴,暂无
南汇·周浦,府(府),[空],fv̩⁴⁴,暂无
南汇·周浦,腐(腐),[空],vv̩¹¹³,暂无
南汇·周浦,抚(撫),[空],vv̩¹¹³,暂无
南汇·周浦,父(父),[空],ɦu¹¹³,暂无
南汇·周浦,父(父),[空],vv̩¹¹³,暂无
南汇·周浦,付(付),[空],fv̩³³⁵,暂无
南汇·周浦,附(附),[空],ɦu¹¹³,暂无
南汇·周浦,附(附),[空],vv̩¹¹³,暂无
南汇·周浦,副(副),[空],fv̩³³⁵,暂无
南汇·周浦,妇(婦),[空],ɦu¹¹³,暂无
南汇·周浦,妇(婦),[空],vv̩¹¹³,暂无
南汇·周浦,复(復),[空],voʔ²³,暂无
南汇·周浦,富(富),[空],fv̩³³⁵,暂无
南汇·周浦,腹(腹),[空],foʔ⁵⁵,暂无
南汇·周浦,复(複),[空],foʔ⁵⁵,暂无
南汇·周浦,缚(縛),[空],boʔ²³,暂无
南汇·周浦,覆(覆),[空],foʔ⁵⁵,暂无
南汇·周浦,该(該),[空],ke⁵²,暂无
南汇·周浦,改(改),[空],ke³³⁵,暂无
南汇·周浦,溉(溉),[空],ke³³⁵,暂无
南汇·周浦,盖(蓋),[空],ke³³⁵,暂无
南汇·周浦,概(概),[空],ke³³⁵,暂无
南汇·周浦,竿(竿),[空],kø⁵²,暂无
南汇·周浦,尴(尷),[空],kɛ⁵²,暂无
南汇·周浦,敢(敢),[空],kø⁴⁴,暂无
南汇·周浦,赶(趕),[空],kø⁴⁴,暂无
南汇·周浦,干(幹),[空],kø³³⁵,暂无
南汇·周浦,缸(缸),[空],kɒ̃⁵²,暂无
南汇·周浦,刚(剛),[空],kɒ̃⁵²,暂无
南汇·周浦,岗(崗),[空],kɒ̃⁵²,暂无
南汇·周浦,港(港),[空],kɒ̃⁴⁴,暂无
南汇·周浦,高(高),[空],kɔ⁵²,暂无
南汇·周浦,糕(糕),[空],kɔ⁵²,暂无
南汇·周浦,稿(稿),[空],kɔ⁴⁴,暂无
南汇·周浦,告(告),[空],kɔ³³⁵,暂无
南汇·周浦,哥(哥),[空],ku⁵²,暂无
南汇·周浦,割(割),[空],kəʔ⁵⁵,暂无
南汇·周浦,歌(歌),[空],ku⁵²,暂无
南汇·周浦,搁(擱),[空],koʔ⁵⁵,暂无
南汇·周浦,鸽(鴿),[空],kəʔ⁵⁵,暂无
南汇·周浦,革(革),[空],kəʔ⁵⁵,暂无
南汇·周浦,格(格),[空],kĄʔ⁵⁵,暂无
南汇·周浦,格(格),[空],kəʔ⁵⁵,暂无
南汇·周浦,隔(隔),[空],kɑʔ⁵⁵,暂无
南汇·周浦,阁(閣),[空],koʔ⁵⁵,暂无
南汇·周浦,葛(葛),[空],kəʔ⁵⁵,暂无
南汇·周浦,各(各),[空],kɒʔ⁵⁵,暂无
南汇·周浦,各(各),[空],koʔ⁵⁵,暂无
南汇·周浦,个(個),[空],kɤ³³⁵,暂无
南汇·周浦,给(給),[空],tɕɪʔ⁵⁵,暂无
南汇·周浦,根(根),[空],kəŋ⁵²,暂无
南汇·周浦,跟(跟),[空],kəŋ⁵²,暂无
南汇·周浦,庚(庚),[空],kᴀ̃⁵²,暂无
南汇·周浦,羹(羹),[空],kᴀ̃⁵²,暂无
南汇·周浦,耿(耿),[空],kəŋ⁴⁴,暂无
南汇·周浦,哽(哽),[空],kᴀ̃⁴⁴,暂无
南汇·周浦,梗(梗),[空],kᴀ̃⁴⁴,暂无
南汇·周浦,更(更),[空],kᴀ̃⁵²,暂无
南汇·周浦,更(更),[空],kəŋ³³⁵,暂无
南汇·周浦,更(更),[空],kəŋ⁵²,暂无
南汇·周浦,工(工),[空],koŋ⁵²,暂无
南汇·周浦,弓(弓),[空],koŋ⁵²,暂无
南汇·周浦,公(公),[空],koŋ⁵²,暂无
南汇·周浦,功(功),[空],koŋ⁵²,暂无
南汇·周浦,攻(攻),[空],koŋ⁵²,暂无
南汇·周浦,恭(恭),[空],koŋ⁵²,暂无
南汇·周浦,拱(拱),[空],koŋ⁴⁴,暂无
南汇·周浦,共(共),[空],ɡoŋ¹¹³,暂无
南汇·周浦,供(供),[空],koŋ⁵²,暂无
南汇·周浦,贡(貢),[空],koŋ³³⁵,暂无
南汇·周浦,勾(勾),[空],kɤ⁵²,暂无
南汇·周浦,钩(鈎),[空],kɤ⁵²,暂无
南汇·周浦,沟(溝),[空],kɤ⁵²,暂无
南汇·周浦,狗(狗),[空],kɤ⁴⁴,暂无
南汇·周浦,够(夠),[空],kɤ³³⁵,暂无
南汇·周浦,估(估),[空],ku⁴⁴,暂无
南汇·周浦,孤(孤),[空],lu¹¹³,暂无
南汇·周浦,姑(姑),[空],ku⁵²,暂无
南汇·周浦,古(古),[空],ku⁵²,暂无
南汇·周浦,股(股),[空],ku⁴⁴,暂无
南汇·周浦,骨(骨),[空],kuəʔ⁵⁵,暂无
南汇·周浦,鼓(鼓),[空],ku⁴⁴,暂无
南汇·周浦,固(固),[空],ku³³⁵,暂无
南汇·周浦,故(故),[空],ku³³⁵,暂无
南汇·周浦,顾(顧),[空],ku⁴⁴,暂无
南汇·周浦,瓜(瓜),[空],ko⁵²,暂无
南汇·周浦,刮(刮),[空],kuɑʔ⁵⁵,暂无
南汇·周浦,寡(寡),[空],ko⁴⁴,暂无
南汇·周浦,寡(寡),[空],kuɑ⁴⁴,暂无
南汇·周浦,挂(掛),[空],ko³³⁵,暂无
南汇·周浦,乖(乖),[空],kuɑ⁵²,暂无
南汇·周浦,拐(拐),[空],kuɑ⁴⁴,暂无
南汇·周浦,怪(怪),[空],kuɑ³³⁵,暂无
南汇·周浦,官(官),[空],kue⁵²,暂无
南汇·周浦,关(關),[空],kuɛ⁵²,暂无
南汇·周浦,观(觀),[空],kue⁵²,暂无
南汇·周浦,管(管),[空],kue⁴⁴,暂无
南汇·周浦,馆(館),[空],kue⁴⁴,暂无
南汇·周浦,冠(冠),[空],kue³³⁵,暂无
南汇·周浦,冠(冠),[空],kuɛ³³⁵,暂无
南汇·周浦,贯(貫),[空],kuɛ³³⁵,暂无
南汇·周浦,掼(摜),[空],ɡuɛ¹¹³,暂无
南汇·周浦,惯(慣),[空],kuɛ³³⁵,暂无
南汇·周浦,罐(罐),[空],kue³³⁵,暂无
南汇·周浦,罐(罐),[空],kuɛ³³⁵,暂无
南汇·周浦,光(光),[空],kuɒ̃⁵²,暂无
南汇·周浦,广(廣),[空],kuɒ̃⁴⁴,暂无
南汇·周浦,逛(逛),[空],ɡuɒ̃¹¹³,暂无
南汇·周浦,逛(逛),[空],kuɒ̃³³⁵,暂无
南汇·周浦,规(規),[空],kue⁵²,暂无
南汇·周浦,闺(閨),[空],kue⁴⁴,暂无
南汇·周浦,龟(龜),[空],kue⁵²,暂无
南汇·周浦,龟(龜),[空],tɕy⁵²,暂无
南汇·周浦,归(歸),[空],kue⁵²,暂无
南汇·周浦,归(歸),[空],tɕy⁵²,暂无
南汇·周浦,鬼(鬼),[空],kue⁴⁴,暂无
南汇·周浦,鬼(鬼),[空],tɕy⁴⁴,暂无
南汇·周浦,诡(詭),[空],kue⁴⁴,暂无
南汇·周浦,桂(桂),[空],kue³³⁵,暂无
南汇·周浦,贵(貴),[空],kue³³⁵,暂无
南汇·周浦,贵(貴),[空],tɕy³³⁵,暂无
南汇·周浦,跪(跪),[空],dʑy¹¹³,暂无
南汇·周浦,跪(跪),[空],ɡue¹¹³,暂无
南汇·周浦,柜(櫃),[空],dʑy¹¹³,暂无
南汇·周浦,柜(櫃),[空],ɡue¹¹³,暂无
南汇·周浦,滚(滾),[空],kuəŋ⁴⁴,暂无
南汇·周浦,棍(棍),[空],kuəŋ⁴⁴,暂无
南汇·周浦,郭(郭),[空],koʔ⁵⁵,暂无
南汇·周浦,锅(鍋),[空],ku⁵²,暂无
南汇·周浦,国(國),[空],koʔ⁵⁵,暂无
南汇·周浦,果(果),[空],ku⁴⁴,暂无
南汇·周浦,裹(裹),[空],ku⁴⁴,暂无
南汇·周浦,过(過),[空],ku³³⁵,暂无
南汇·周浦,哈(哈),[空],hɑ⁵²,暂无
南汇·周浦,蛤(蛤),[空],kəʔ⁵⁵,暂无
南汇·周浦,孩(孩),[空],ɦe¹¹³,暂无
南汇·周浦,还(還),[空],ɦuɛ¹¹³,暂无
南汇·周浦,还(還),[空],vɛ¹¹³,暂无
南汇·周浦,海(海),[空],he⁴⁴,暂无
南汇·周浦,亥(亥),[空],ɦe¹¹³,暂无
南汇·周浦,害(害),[空],ɦe¹¹³,暂无
南汇·周浦,酣(酣),[空],hø⁵²,暂无
南汇·周浦,含(含),[空],ɦe¹¹³,暂无
南汇·周浦,含(含),[空],ɦø¹¹³,暂无
南汇·周浦,寒(寒),[空],ɦɛ¹¹³,暂无
南汇·周浦,寒(寒),[空],ɦø¹¹³,暂无
南汇·周浦,韩(韓),[空],ɦø¹¹³,暂无
南汇·周浦,罕(罕),[空],hø⁴⁴,暂无
南汇·周浦,喊(喊),[空],hɛ⁴⁴,暂无
南汇·周浦,汗(汗),[空],ɦø¹¹³,暂无
南汇·周浦,旱(旱),[空],ɦø¹¹³,暂无
南汇·周浦,汉(漢),[空],hø³³⁵,暂无
南汇·周浦,憾(憾),[空],ɦø³³⁵,暂无
南汇·周浦,行(行),[空],ɦᴀ̃¹¹³,暂无
南汇·周浦,行(行),[空],ɦɒ̃¹¹³,暂无
南汇·周浦,行(行),[空],ɦiɪŋ¹¹³,暂无
南汇·周浦,杭(杭),[空],ɦɒ̃¹¹³,暂无
南汇·周浦,航(航),[空],ɦɒ̃¹¹³,暂无
南汇·周浦,蒿(蒿),[空],hɔ⁵²,暂无
南汇·周浦,毫(毫),[空],ɦɔ¹¹³,暂无
南汇·周浦,豪(豪),[空],ɦɔ¹¹³,暂无
南汇·周浦,好(好),[空],hɔ⁴⁴,暂无
南汇·周浦,好(好),[空],hɔ⁴⁴,暂无
南汇·周浦,号(號),[空],ɦɔ¹¹³,暂无
南汇·周浦,喝(喝),[空],hɑʔ⁵⁵,暂无
南汇·周浦,喝(喝),[空],həʔ⁵⁵,暂无
南汇·周浦,合(合),[空],ɦəʔ²³,暂无
南汇·周浦,何(何),[空],ɦu¹¹³,暂无
南汇·周浦,何(何),[空],vv̩¹¹³,暂无
南汇·周浦,和(和),[空],ɦu¹¹³,暂无
南汇·周浦,和(和),[空],vv̩¹¹³,暂无
南汇·周浦,河(河),[空],ɦu¹¹³,暂无
南汇·周浦,河(河),[空],vv̩¹¹³,暂无
南汇·周浦,曷(曷),[空],ɦəʔ²³,暂无
南汇·周浦,荷(荷),[空],ɦu¹¹³,暂无
南汇·周浦,荷(荷),[空],ɦu¹¹³,暂无
南汇·周浦,荷(荷),[空],vv̩¹¹³,暂无
南汇·周浦,核(核),[空],ɦəʔ²³,暂无
南汇·周浦,核(核),[空],ɦuəʔ²³,暂无
南汇·周浦,核(核),[空],vəʔ²³,暂无
南汇·周浦,盒(盒),[空],ɦɑʔ²³,暂无
南汇·周浦,贺(賀),[空],ɦu¹¹³,暂无
南汇·周浦,赫(赫),[空],hɑʔ⁵⁵,暂无
南汇·周浦,壑(壑),[空],hoʔ⁵⁵,暂无
南汇·周浦,鹤(鶴),[空],ŋɒʔ²³,暂无
南汇·周浦,黑(黑),[空],həʔ⁵⁵,暂无
南汇·周浦,痕(痕),[空],ɦəŋ¹¹³,暂无
南汇·周浦,很(很),[空],həŋ⁴⁴,暂无
南汇·周浦,狠(狠),[空],həŋ⁴⁴,暂无
南汇·周浦,恨(恨),[空],ɦəŋ¹¹³,暂无
南汇·周浦,亨(亨),[空],hᴀ̃⁵²,暂无
南汇·周浦,哼(哼),[空],həŋ⁵²,暂无
南汇·周浦,恒(恒),[空],ɦəŋ¹¹³,暂无
南汇·周浦,横(橫),[空],vᴀ̃¹¹³,暂无
南汇·周浦,衡(衡),[空],ɦəŋ¹¹³,暂无
南汇·周浦,烘(烘),[空],hoŋ⁵²,暂无
南汇·周浦,轰(轟),[空],hoŋ⁵²,暂无
南汇·周浦,虹(虹),[空],ɦoŋ¹¹³,暂无
南汇·周浦,虹(虹),[空],kɒ̃³³⁵,暂无
南汇·周浦,洪(洪),[空],ɦoŋ¹¹³,暂无
南汇·周浦,红(紅),[空],ɦoŋ¹¹³,暂无
南汇·周浦,侯(侯),[空],ɦɤ¹¹³,暂无
南汇·周浦,喉(喉),[空],ɦɤ¹¹³,暂无
南汇·周浦,猴(猴),[空],ɦɤ¹¹³,暂无
南汇·周浦,吼(吼),[空],hɤ⁴⁴,暂无
南汇·周浦,厚(厚),[空],ɦɤ¹¹³,暂无
南汇·周浦,后(後),[空],ɦɤ¹¹³,暂无
南汇·周浦,候(候),[空],ɦɤ¹¹³,暂无
南汇·周浦,乎(乎),[空],ɦu¹¹³,暂无
南汇·周浦,乎(乎),[空],vv̩¹¹³,暂无
南汇·周浦,呼(呼),[空],fv̩⁵²,暂无
南汇·周浦,呼(呼),[空],hu⁵²,暂无
南汇·周浦,忽(忽),[空],fəʔ⁵⁵,暂无
南汇·周浦,忽(忽),[空],hoʔ⁵⁵,暂无
南汇·周浦,狐(狐),[空],ɦu¹¹³,暂无
南汇·周浦,狐(狐),[空],vv̩¹¹³,暂无
南汇·周浦,胡(胡),[空],ɦu¹¹³,暂无
南汇·周浦,胡(胡),[空],vv̩¹¹³,暂无
南汇·周浦,壶(壺),[空],ɦu¹¹³,暂无
南汇·周浦,壶(壺),[空],vv̩¹¹³,暂无
南汇·周浦,湖(湖),[空],ɦu¹¹³,暂无
南汇·周浦,湖(湖),[空],vv̩¹¹³,暂无
南汇·周浦,虎(虎),[空],fv̩⁴⁴,暂无
南汇·周浦,虎(虎),[空],hu⁴⁴,暂无
南汇·周浦,许(許),[空],ɕy⁴⁴,暂无
南汇·周浦,浒(滸),[空],fv̩⁴⁴,暂无
南汇·周浦,浒(滸),[空],hu⁴⁴,暂无
南汇·周浦,互(互),[空],vv̩¹¹³,暂无
南汇·周浦,户(戶),[空],ɦu¹¹³,暂无
南汇·周浦,户(戶),[空],vv̩¹¹³,暂无
南汇·周浦,沪(滬),[空],ɦu¹¹³,暂无
南汇·周浦,沪(滬),[空],vv̩¹¹³,暂无
南汇·周浦,护(護),[空],ɦu¹¹³,暂无
南汇·周浦,护(護),[空],vv̩¹¹³,暂无
南汇·周浦,花(花),[空],ho⁵²,暂无
南汇·周浦,华(華),[空],ɦo¹¹³,暂无
南汇·周浦,猾(猾),[空],ɦuɑʔ²³,暂无
南汇·周浦,猾(猾),[空],vɑʔ²³,暂无
南汇·周浦,滑(滑),[空],ɦuɑʔ²³,暂无
南汇·周浦,滑(滑),[空],vɑʔ²³,暂无
南汇·周浦,化(化),[空],ho³³⁵,暂无
南汇·周浦,画(畫),[空],ɦo¹¹³,暂无
南汇·周浦,话(話),[空],ɦo¹¹³,暂无
南汇·周浦,划(劃),[空],ɦuɑʔ²³,暂无
南汇·周浦,划(劃),[空],vɑʔ²³,暂无
南汇·周浦,槐(槐),[空],ɦuɑ¹¹³,暂无
南汇·周浦,怀(懷),[空],ɦuɑ¹¹³,暂无
南汇·周浦,坏(壞),[空],ɦuɑ¹¹³,暂无
南汇·周浦,坏(壞),[空],vɑ¹¹³,暂无
南汇·周浦,欢(歡),[空],fe⁵²,暂无
南汇·周浦,欢(歡),[空],hue⁵²,暂无
南汇·周浦,环(環),[空],ɡuɛ¹¹³,暂无
南汇·周浦,缓(緩),[空],ʔue⁴⁴,暂无
南汇·周浦,缓(緩),[空],ʔuɛ⁴⁴,暂无
南汇·周浦,幻(幻),[空],ɦuɛ¹¹³,暂无
南汇·周浦,幻(幻),[空],vɛ¹¹³,暂无
南汇·周浦,换(換),[空],ɦuø¹¹³,暂无
南汇·周浦,唤(喚),[空],hue³³⁵,暂无
南汇·周浦,焕(煥),[空],hue³³⁵,暂无
南汇·周浦,荒(荒),[空],fɒ̃⁵²,暂无
南汇·周浦,荒(荒),[空],huɒ̃⁵²,暂无
南汇·周浦,慌(慌),[空],fɒ̃⁵²,暂无
南汇·周浦,慌(慌),[空],huɒ̃⁵²,暂无
南汇·周浦,皇(皇),[空],ɦuɒ̃¹¹³,暂无
南汇·周浦,皇(皇),[空],vɒ̃¹¹³,暂无
南汇·周浦,黄(黃),[空],ɦuɒ̃¹¹³,暂无
南汇·周浦,黄(黃),[空],vɒ̃¹¹³,暂无
南汇·周浦,晃(晃),[空],huɒ̃⁴⁴,暂无
南汇·周浦,谎(謊),[空],fɒ̃⁴⁴,暂无
南汇·周浦,谎(謊),[空],huɒ̃⁴⁴,暂无
南汇·周浦,灰(灰),[空],hue⁵²,暂无
南汇·周浦,挥(揮),[空],hue⁵²,暂无
南汇·周浦,辉(輝),[空],hue⁵²,暂无
南汇·周浦,徽(徽),[空],hue⁵²,暂无
南汇·周浦,回(回),[空],ɦue¹¹³,暂无
南汇·周浦,悔(悔),[空],hue⁴⁴,暂无
南汇·周浦,毁(毀),[空],hue⁴⁴,暂无
南汇·周浦,晦(晦),[空],hue³³⁵,暂无
南汇·周浦,惠(惠),[空],ɦue¹¹³,暂无
南汇·周浦,会(會),[空],ve¹¹³,暂无
南汇·周浦,会(會),[空],ʔue³³⁵,暂无
南汇·周浦,慧(慧),[空],ɦue¹¹³,暂无
南汇·周浦,讳(諱),[空],hue³³⁵,暂无
南汇·周浦,昏(昏),[空],fəŋ⁵²,暂无
南汇·周浦,昏(昏),[空],huəŋ⁵²,暂无
南汇·周浦,婚(婚),[空],huəŋ⁵²,暂无
南汇·周浦,荤(葷),[空],huəŋ⁵²,暂无
南汇·周浦,混(混),[空],vəŋ¹¹³,暂无
南汇·周浦,浑(渾),[空],vəŋ¹¹³,暂无
南汇·周浦,魂(魂),[空],huəŋ¹¹³,暂无
南汇·周浦,魂(魂),[空],vəŋ¹¹³,暂无
南汇·周浦,馄(餛),[空],huəŋ¹¹³,暂无
南汇·周浦,馄(餛),[空],vəŋ¹¹³,暂无
南汇·周浦,豁(豁),[空],hoʔ⁵⁵,暂无
南汇·周浦,豁(豁),[空],huəʔ⁵⁵,暂无
南汇·周浦,活(活),[空],ɦuəʔ²³,暂无
南汇·周浦,活(活),[空],vəʔ²³,暂无
南汇·周浦,火(火),[空],fv̩⁴⁴,暂无
南汇·周浦,火(火),[空],hu⁴⁴,暂无
南汇·周浦,或(或),[空],ɦoʔ²³,暂无
南汇·周浦,货(貨),[空],hu³³⁵,暂无
南汇·周浦,惑(惑),[空],ɦoʔ²³,暂无
南汇·周浦,祸(禍),[空],ɦu¹¹³,暂无
南汇·周浦,霍(霍),[空],hoʔ⁵⁵,暂无
南汇·周浦,获(獲),[空],ɦoʔ²³,暂无
南汇·周浦,藿(藿),[空],hoʔ⁵⁵,暂无
南汇·周浦,镬(鑊),[空],ɦuɒʔ²³,暂无
南汇·周浦,镬(鑊),[空],ɦuoʔ²³,暂无
南汇·周浦,镬(鑊),[空],vɒʔ²³,暂无
南汇·周浦,基(基),[空],tɕi⁵²,暂无
南汇·周浦,机(機),[空],tɕi⁵²,暂无
南汇·周浦,积(積),[空],tɕɪʔ⁵⁵,暂无
南汇·周浦,激(激),[空],tɕɪʔ⁵⁵,暂无
南汇·周浦,击(擊),[空],tɕɪʔ⁵⁵,暂无
南汇·周浦,鸡(雞),[空],tɕi⁵²,暂无
南汇·周浦,鸡(鷄),[空],tɕi⁵²,暂无
南汇·周浦,及(及),[空],dʑɪʔ²³,暂无
南汇·周浦,即(即),[空],tɕɪʔ⁵⁵,暂无
南汇·周浦,急(急),[空],tɕɪʔ⁵⁵,暂无
南汇·周浦,级(級),[空],tɕɪʔ⁵⁵,暂无
南汇·周浦,极(極),[空],dʑɪʔ²³,暂无
南汇·周浦,棘(棘),[空],tɕɪʔ⁵⁵,暂无
南汇·周浦,集(集),[空],ʑɪʔ²³,暂无
南汇·周浦,辑(輯),[空],tɕʰɪʔ⁵⁵,暂无
南汇·周浦,借(藉),[空],ʑɪʔ²³,暂无
南汇·周浦,籍(籍),[空],ʑɪʔ²³,暂无
南汇·周浦,己(己),[空],tɕi⁴⁴,暂无
南汇·周浦,脊(脊),[空],tɕɪʔ⁵⁵,暂无
南汇·周浦,几(幾),[空],tɕi⁴⁴,暂无
南汇·周浦,几(幾),[空],tɕi⁵²,暂无
南汇·周浦,挤(擠),[空],tɕi⁴⁴,暂无
南汇·周浦,技(技),[空],dʑi¹¹³,暂无
南汇·周浦,忌(忌),[空],dʑi¹¹³,暂无
南汇·周浦,妓(妓),[空],dʑi¹¹³,暂无
南汇·周浦,计(計),[空],tɕi³³⁵,暂无
南汇·周浦,既(既),[空],tɕi³³⁵,暂无
南汇·周浦,纪(紀),[空],tɕi⁴⁴,暂无
南汇·周浦,记(記),[空],tɕi³³⁵,暂无
南汇·周浦,祭(祭),[空],tɕi³³⁵,暂无
南汇·周浦,寄(寄),[空],tɕi³³⁵,暂无
南汇·周浦,际(際),[空],tɕi³³⁵,暂无
南汇·周浦,济(濟),[空],tɕi³³⁵,暂无
南汇·周浦,绩(績),[空],tɕɪʔ⁵⁵,暂无
南汇·周浦,继(繼),[空],tɕi³³⁵,暂无
南汇·周浦,加(加),[空],kɑ⁵²,暂无
南汇·周浦,加(加),[空],tɕiɑ⁵²,暂无
南汇·周浦,家(家),[空],kɑ⁵²,暂无
南汇·周浦,家(家),[空],tɕiɑ⁵²,暂无
南汇·周浦,裌(裌),[空],kɑʔ⁵⁵,暂无
南汇·周浦,夹(夾),[空],kɑʔ⁵⁵,暂无
南汇·周浦,甲(甲),[空],tɕiɑʔ⁵⁵,暂无
南汇·周浦,假(假),[空],kɑ³³⁵,暂无
南汇·周浦,假(假),[空],kɑ⁴⁴,暂无
南汇·周浦,假(假),[空],tɕiɑ³³⁵,暂无
南汇·周浦,假(假),[空],tɕiɑ⁴⁴,暂无
南汇·周浦,贾(賈),[空],kɑ⁴⁴,暂无
南汇·周浦,贾(賈),[空],tɕiɑ⁴⁴,暂无
南汇·周浦,架(架),[空],kɑ³³⁵,暂无
南汇·周浦,嫁(嫁),[空],kɑ³³⁵,暂无
南汇·周浦,价(價),[空],kɑ³³⁵,暂无
南汇·周浦,骆(駱),[空],loʔ²³,暂无
南汇·周浦,尖(尖),[空],tɕi⁵²,暂无
南汇·周浦,奸(奸),[空],kɛ⁵²,暂无
南汇·周浦,奸(奸),[空],tɕi⁵²,暂无
南汇·周浦,肩(肩),[空],tɕi⁵²,暂无
南汇·周浦,兼(兼),[空],tɕi⁵²,暂无
南汇·周浦,坚(堅),[空],tɕi⁵²,暂无
南汇·周浦,间(間),[空],kɛ⁵²,暂无
南汇·周浦,间(間),[空],tɕi³³⁵,暂无
南汇·周浦,间(間),[空],tɕi⁵²,暂无
南汇·周浦,煎(煎),[空],tɕi⁵²,暂无
南汇·周浦,监(監),[空],kɛ⁵²,暂无
南汇·周浦,艰(艱),[空],tɕi⁵²,暂无
南汇·周浦,剪(剪),[空],tɕi⁴⁴,暂无
南汇·周浦,拣(揀),[空],kɛ⁴⁴,暂无
南汇·周浦,减(減),[空],kɛ⁴⁴,暂无
南汇·周浦,俭(儉),[空],dʑi¹¹³,暂无
南汇·周浦,简(簡),[空],tɕi⁴⁴,暂无
南汇·周浦,咸(鹹),[空],ɦɛ¹¹³,暂无
南汇·周浦,件(件),[空],dʑi¹¹³,暂无
南汇·周浦,见(見),[空],tɕi³³⁵,暂无
南汇·周浦,建(建),[空],tɕi³³⁵,暂无
南汇·周浦,健(健),[空],dʑi¹¹³,暂无
南汇·周浦,渐(漸),[空],ʑi¹¹³,暂无
南汇·周浦,贱(賤),[空],ʑi¹¹³,暂无
南汇·周浦,践(踐),[空],ʑi¹¹³,暂无
南汇·周浦,箭(箭),[空],tɕi³³⁵,暂无
南汇·周浦,荐(薦),[空],tɕi³³⁵,暂无
南汇·周浦,鉴(鑒),[空],kɛ³³⁵,暂无
南汇·周浦,鉴(鑒),[空],tɕi³³⁵,暂无
南汇·周浦,江(江),[空],kɒ̃⁵²,暂无
南汇·周浦,江(江),[空],tɕiᴀ̃⁵²,暂无
南汇·周浦,将(將),[空],tɕiᴀ̃³³⁵,暂无
南汇·周浦,将(將),[空],tɕiᴀ̃⁵²,暂无
南汇·周浦,僵(僵),[空],tɕiᴀ̃⁵²,暂无
南汇·周浦,浆(漿),[空],tɕiᴀ̃⁵²,暂无
南汇·周浦,姜(薑),[空],tɕiᴀ̃⁵²,暂无
南汇·周浦,疆(疆),[空],tɕiᴀ̃⁵²,暂无
南汇·周浦,蒋(蔣),[空],tɕiᴀ̃⁴⁴,暂无
南汇·周浦,桨(槳),[空],tɕiᴀ̃⁴⁴,暂无
南汇·周浦,奖(獎),[空],tɕiᴀ̃⁴⁴,暂无
南汇·周浦,讲(講),[空],kɒ̃⁴⁴,暂无
南汇·周浦,讲(講),[空],tɕiᴀ̃⁴⁴,暂无
南汇·周浦,匠(匠),[空],ʑiᴀ̃¹¹³,暂无
南汇·周浦,降(降),[空],ɦɒ̃¹¹³,暂无
南汇·周浦,降(降),[空],kɒ̃³³⁵,暂无
南汇·周浦,降(降),[空],tɕiᴀ̃³³⁵,暂无
南汇·周浦,酱(醬),[空],tɕiᴀ̃³³⁵,暂无
南汇·周浦,交(交),[空],kɔ⁵²,暂无
南汇·周浦,交(交),[空],tɕiɔ⁵²,暂无
南汇·周浦,椒(椒),[空],tɕiɔ⁵²,暂无
南汇·周浦,焦(焦),[空],tɕiɔ⁵²,暂无
南汇·周浦,蕉(蕉),[空],tɕiɔ⁵²,暂无
南汇·周浦,胶(膠),[空],kɔ⁵²,暂无
南汇·周浦,浇(澆),[空],tɕiɔ⁵²,暂无
南汇·周浦,娇(嬌),[空],tɕiɔ⁵²,暂无
南汇·周浦,骄(驕),[空],tɕiɔ⁵²,暂无
南汇·周浦,嚼(嚼),[空],ʑiɑʔ²³,暂无
南汇·周浦,角(角),[空],kɒʔ⁵⁵,暂无
南汇·周浦,角(角),[空],koʔ⁵⁵,暂无
南汇·周浦,绞(絞),[空],kɔ⁴⁴,暂无
南汇·周浦,绞(絞),[空],tɕiɔ⁴⁴,暂无
南汇·周浦,剿(剿),[空],tɕiɔ⁴⁴,暂无
南汇·周浦,搅(攪),[空],kɔ⁴⁴,暂无
南汇·周浦,叫(叫),[空],tɕiɔ³³⁵,暂无
南汇·周浦,教(教),[空],kɔ³³⁵,暂无
南汇·周浦,教(教),[空],tɕiɔ³³⁵,暂无
南汇·周浦,酵(酵),[空],ɕiɔ³³⁵,暂无
南汇·周浦,酵(酵),[空],kɔ³³⁵,暂无
南汇·周浦,轿(轎),[空],dʑiɔ¹¹³,暂无
南汇·周浦,皆(皆),[空],tɕiɑ⁵²,暂无
南汇·周浦,接(接),[空],tɕɪʔ⁵⁵,暂无
南汇·周浦,阶(階),[空],kɑ⁵²,暂无
南汇·周浦,阶(階),[空],tɕiɑ⁵²,暂无
南汇·周浦,街(街),[空],kɑ⁵²,暂无
南汇·周浦,劫(劫),[空],tɕɪʔ⁵⁵,暂无
南汇·周浦,捷(捷),[空],ʑɪʔ²³,暂无
南汇·周浦,结(結),[空],tɕɪʔ⁵⁵,暂无
南汇·周浦,节(節),[空],tɕɪʔ⁵⁵,暂无
南汇·周浦,截(截),[空],ʑɪʔ²³,暂无
南汇·周浦,洁(潔),[空],tɕɪʔ⁵⁵,暂无
南汇·周浦,姐(姐),[空],tɕiɑ⁴⁴,暂无
南汇·周浦,解(解),[空],kɑ⁴⁴,暂无
南汇·周浦,解(解),[空],tɕiɑ⁴⁴,暂无
南汇·周浦,戒(戒),[空],kɑ³³⁵,暂无
南汇·周浦,戒(戒),[空],tɕiɑ³³⁵,暂无
南汇·周浦,界(界),[空],kɑ³³⁵,暂无
南汇·周浦,界(界),[空],tɕiɑ³³⁵,暂无
南汇·周浦,借(借),[空],tɕiɑ³³⁵,暂无
南汇·周浦,巾(巾),[空],tɕiɪŋ⁵²,暂无
南汇·周浦,斤(斤),[空],tɕiɪŋ⁵²,暂无
南汇·周浦,今(今),[空],tɕiɪŋ⁵²,暂无
南汇·周浦,金(金),[空],tɕiɪŋ⁵²,暂无
南汇·周浦,筋(筋),[空],tɕiɪŋ⁵²,暂无
南汇·周浦,襟(襟),[空],tɕiɪŋ⁵²,暂无
南汇·周浦,仅(僅),[空],dʑiɪŋ¹¹³,暂无
南汇·周浦,紧(緊),[空],tɕiɪŋ⁴⁴,暂无
南汇·周浦,锦(錦),[空],tɕiɪŋ⁴⁴,暂无
南汇·周浦,近(近),[空],dʑiɪŋ¹¹³,暂无
南汇·周浦,劲(勁),[空],tɕiɪŋ³³⁵,暂无
南汇·周浦,晋(晉),[空],tɕiɪŋ³³⁵,暂无
南汇·周浦,浸(浸),[空],tɕiɪŋ³³⁵,暂无
南汇·周浦,进(進),[空],tɕiɪŋ³³⁵,暂无
南汇·周浦,禁(禁),[空],tɕiɪŋ³³⁵,暂无
南汇·周浦,尽(盡),[空],tɕiɪŋ⁴⁴,暂无
南汇·周浦,尽(盡),[空],ʑiɪŋ¹¹³,暂无
南汇·周浦,京(京),[空],tɕiɪŋ⁵²,暂无
南汇·周浦,晶(晶),[空],tɕiɪŋ⁵²,暂无
南汇·周浦,睛(睛),[空],tɕiɪŋ⁵²,暂无
南汇·周浦,粳(粳),[空],kᴀ̃⁵²,暂无
南汇·周浦,经(經),[空],tɕiɪŋ⁵²,暂无
南汇·周浦,精(精),[空],tɕiɪŋ⁵²,暂无
南汇·周浦,鲸(鯨),[空],dʑiɪŋ¹¹³,暂无
南汇·周浦,井(井),[空],tɕiɪŋ⁴⁴,暂无
南汇·周浦,景(景),[空],tɕiɪŋ⁴⁴,暂无
南汇·周浦,颈(頸),[空],tɕiɪŋ⁴⁴,暂无
南汇·周浦,竟(竟),[空],tɕiɪŋ³³⁵,暂无
南汇·周浦,净(淨),[空],ʑiɪŋ¹¹³,暂无
南汇·周浦,敬(敬),[空],tɕiɪŋ³³⁵,暂无
南汇·周浦,靖(靖),[空],ʑiɪŋ¹¹³,暂无
南汇·周浦,境(境),[空],tɕiɪŋ⁴⁴,暂无
南汇·周浦,静(靜),[空],ʑiɪŋ¹¹³,暂无
南汇·周浦,镜(鏡),[空],tɕiɪŋ³³⁵,暂无
南汇·周浦,竞(競),[空],dʑiɪŋ¹¹³,暂无
南汇·周浦,迥(迥),[空],tɕioŋ⁴⁴,暂无
南汇·周浦,窘(窘),[空],tɕʰioŋ⁴⁴,暂无
南汇·周浦,究(究),[空],tɕiɤ³³⁵,暂无
南汇·周浦,纠(糾),[空],tɕiɤ⁵²,暂无
南汇·周浦,揪(揪),[空],tɕʰiɤ⁵²,暂无
南汇·周浦,鸠(鳩),[空],tɕiɤ⁵²,暂无
南汇·周浦,九(九),[空],tɕiɤ⁴⁴,暂无
南汇·周浦,久(久),[空],tɕiɤ⁴⁴,暂无
南汇·周浦,酒(酒),[空],tɕiɤ⁴⁴,暂无
南汇·周浦,臼(臼),[空],dʑiɤ¹¹³,暂无
南汇·周浦,柩(柩),[空],dʑiɤ¹¹³,暂无
南汇·周浦,救(救),[空],tɕiɤ³³⁵,暂无
南汇·周浦,就(就),[空],ʑiɤ¹¹³,暂无
南汇·周浦,舅(舅),[空],dʑiɤ¹¹³,暂无
南汇·周浦,旧(舊),[空],dʑiɤ¹¹³,暂无
南汇·周浦,拘(拘),[空],tɕy⁵²,暂无
南汇·周浦,居(居),[空],tɕy⁵²,暂无
南汇·周浦,鞠(鞠),[空],tɕioʔ⁵⁵,暂无
南汇·周浦,局(局),[空],dʑioʔ²³,暂无
南汇·周浦,菊(菊),[空],tɕioʔ⁵⁵,暂无
南汇·周浦,橘(橘),[空],tɕioʔ⁵⁵,暂无
南汇·周浦,橘(橘),[空],tɕyɪʔ⁵⁵,暂无
南汇·周浦,举(舉),[空],tɕy⁴⁴,暂无
南汇·周浦,句(句),[空],tɕy³³⁵,暂无
南汇·周浦,拒(拒),[空],dʑy¹¹³,暂无
南汇·周浦,具(具),[空],dʑy¹¹³,暂无
南汇·周浦,聚(聚),[空],ʑy¹¹³,暂无
南汇·周浦,剧(劇),[空],dʑiɑʔ²³,暂无
南汇·周浦,据(據),[空],tɕy³³⁵,暂无
南汇·周浦,惧(懼),[空],dʑy¹¹³,暂无
南汇·周浦,捐(捐),[空],tɕyø⁵²,暂无
南汇·周浦,卷(捲),[空],tɕyø⁴⁴,暂无
南汇·周浦,倦(倦),[空],dzyø¹¹³,暂无
南汇·周浦,眷(眷),[空],tɕyø³³⁵,暂无
南汇·周浦,绢(絹),[空],tɕyø³³⁵,暂无
南汇·周浦,掘(掘),[空],dʑioʔ²³,暂无
南汇·周浦,绝(絶),[空],ʑɪʔ²³,暂无
南汇·周浦,绝(絕),[空],ʑɪʔ²³,暂无
南汇·周浦,爵(爵),[空],tɕiɑʔ⁵⁵,暂无
南汇·周浦,觉(覺),[空],kɔ³³⁵,暂无
南汇·周浦,觉(覺),[空],koʔ⁵⁵,暂无
南汇·周浦,觉(覺),[空],tɕiɑʔ⁵⁵,暂无
南汇·周浦,觉(覺),[空],tɕiɔ³³⁵,暂无
南汇·周浦,倔(倔),[空],dʑioʔ²³,暂无
南汇·周浦,均(均),[空],tɕioŋ⁵²,暂无
南汇·周浦,君(君),[空],tɕioŋ⁵²,暂无
南汇·周浦,军(軍),[空],tɕioŋ⁵²,暂无
南汇·周浦,菌(菌),[空],tɕʰioŋ⁴⁴,暂无
南汇·周浦,菌(菌),[空],tɕʰyɪŋ⁴⁴,暂无
南汇·周浦,菌(菌),[空],tɕioŋ⁵²,暂无
南汇·周浦,俊(俊),[空],tɕiɪn³³⁵,暂无
南汇·周浦,俊(俊),[空],tɕyɪn³³⁵,暂无
南汇·周浦,郡(郡),[空],dʑioŋ¹¹³,暂无
南汇·周浦,卡(卡),[空],kʰɑ⁴⁴,暂无
南汇·周浦,揩(揩),[空],kʰɑ⁵²,暂无
南汇·周浦,开(開),[空],kʰe⁵²,暂无
南汇·周浦,凯(凱),[空],kʰe⁴⁴,暂无
南汇·周浦,慨(慨),[空],kʰe³³⁵,暂无
南汇·周浦,刊(刊),[空],kʰɛ⁵²,暂无
南汇·周浦,堪(堪),[空],kʰɛ⁵²,暂无
南汇·周浦,砍(砍),[空],kʰe⁴⁴,暂无
南汇·周浦,砍(砍),[空],kʰɛ⁴⁴,暂无
南汇·周浦,槛(檻),[空],kʰɛ⁴⁴,暂无
南汇·周浦,看(看),[空],kʰø³³⁵,暂无
南汇·周浦,看(看),[空],kʰø⁵²,暂无
南汇·周浦,康(康),[空],kʰɒ̃⁵²,暂无
南汇·周浦,慷(慷),[空],kʰɒ̃⁴⁴,暂无
南汇·周浦,糠(糠),[空],kʰɒ̃⁵²,暂无
南汇·周浦,扛(扛),[空],kɒ̃⁵²,暂无
南汇·周浦,抗(抗),[空],kʰɒ̃³³⁵,暂无
南汇·周浦,囥(囥),[空],kʰɒ̃³³⁵,暂无
南汇·周浦,炕(炕),[空],kʰɒ̃³³⁵,暂无
南汇·周浦,考(考),[空],kʰɔ⁴⁴,暂无
南汇·周浦,靠(靠),[空],kʰɔ³³⁵,暂无
南汇·周浦,科(科),[空],kʰu⁵²,暂无
南汇·周浦,窠(窠),[空],kʰu⁵²,暂无
南汇·周浦,磕(磕),[空],kʰəʔ⁵⁵,暂无
南汇·周浦,颗(顆),[空],kʰu⁴⁴,暂无
南汇·周浦,咳(咳),[空],kʰəʔ⁵⁵,暂无
南汇·周浦,可(可),[空],kʰu⁴⁴,暂无
南汇·周浦,渴(渴),[空],kʰəʔ⁵⁵,暂无
南汇·周浦,刻(刻),[空],kʰəʔ⁵⁵,暂无
南汇·周浦,客(客),[空],kʰɑʔ⁵⁵,暂无
南汇·周浦,课(課),[空],kʰu³³⁵,暂无
南汇·周浦,肯(肯),[空],kʰəŋ⁴⁴,暂无
南汇·周浦,垦(墾),[空],kʰəŋ⁴⁴,暂无
南汇·周浦,恳(懇),[空],kʰəŋ⁴⁴,暂无
南汇·周浦,坑(坑),[空],kʰᴀ̃⁵²,暂无
南汇·周浦,空(空),[空],kʰoŋ³³⁵,暂无
南汇·周浦,空(空),[空],kʰoŋ⁵²,暂无
南汇·周浦,孔(孔),[空],kʰoŋ⁴⁴,暂无
南汇·周浦,恐(恐),[空],kʰoŋ⁴⁴,暂无
南汇·周浦,抠(摳),[空],kʰɤ⁵²,暂无
南汇·周浦,瞘(瞘),[空],kʰɤ⁵²,暂无
南汇·周浦,口(口),[空],kʰɤ⁴⁴,暂无
南汇·周浦,叩(叩),[空],kʰɤ⁴⁴,暂无
南汇·周浦,扣(扣),[空],kʰɤ³³⁵,暂无
南汇·周浦,枯(枯),[空],ku³³⁵,暂无
南汇·周浦,哭(哭),[空],kʰoʔ⁵⁵,暂无
南汇·周浦,苦(苦),[空],kʰu⁵²,暂无
南汇·周浦,库(庫),[空],kʰu⁴⁴,暂无
南汇·周浦,酷(酷),[空],kʰɒʔ⁵⁵,暂无
南汇·周浦,酷(酷),[空],kʰoʔ⁵⁵,暂无
南汇·周浦,裤(褲),[空],kʰu³³⁵,暂无
南汇·周浦,夸(誇),[空],kʰo⁵¹,暂无
南汇·周浦,夸(誇),[空],kʰuɑ⁵²,暂无
南汇·周浦,跨(跨),[空],kʰo³³⁵,暂无
南汇·周浦,快(快),[空],kʰuɑ³³⁵,暂无
南汇·周浦,块(塊),[空],kʰue³³⁵,暂无
南汇·周浦,筷(筷),[空],kʰuɛ³³⁵,暂无
南汇·周浦,宽(寬),[空],kʰue⁵²,暂无
南汇·周浦,款(款),[空],kʰuɛ⁴⁴,暂无
南汇·周浦,匡(匡),[空],kʰuɒ̃⁵²,暂无
南汇·周浦,筐(筐),[空],kʰuɒ̃⁵²,暂无
南汇·周浦,狂(狂),[空],ɡuɒ̃¹¹³,暂无
南汇·周浦,况(況),[空],fɒ̃³³⁵,暂无
南汇·周浦,况(況),[空],kʰuɒ̃³³⁵,暂无
南汇·周浦,眶(眶),[空],kʰuɒ̃⁵²,暂无
南汇·周浦,旷(曠),[空],kʰuɒ̃³³⁵,暂无
南汇·周浦,矿(礦),[空],kʰuɒ̃⁴⁴,暂无
南汇·周浦,盔(盔),[空],kʰue⁵²,暂无
南汇·周浦,亏(虧),[空],kʰue⁵²,暂无
南汇·周浦,亏(虧),[空],tɕʰy⁵²,暂无
南汇·周浦,葵(葵),[空],ɡue¹¹³,暂无
南汇·周浦,傀(傀),[空],kʰue⁴⁴,暂无
南汇·周浦,愧(愧),[空],ɡue¹¹³,暂无
南汇·周浦,坤(坤),[空],kʰuəŋ⁵²,暂无
南汇·周浦,昆(昆),[空],kʰuəŋ⁵²,暂无
南汇·周浦,捆(捆),[空],kʰuəŋ⁴⁴,暂无
南汇·周浦,困(困),[空],kʰuəŋ³³⁵,暂无
南汇·周浦,困(睏),[空],kʰuəŋ³³⁵,暂无
南汇·周浦,括(括),[空],kuɑʔ⁵⁵,暂无
南汇·周浦,扩(擴),[空],kʰoʔ⁵⁵,暂无
南汇·周浦,扩(擴),[空],kʰuəʔ⁵⁵,暂无
南汇·周浦,阔(闊),[空],kʰuəʔ⁵⁵,暂无
南汇·周浦,拉(拉),[空],ʔlɑ⁵²,暂无
南汇·周浦,喇(喇),[空],lɑ¹¹³,暂无
南汇·周浦,辣(辣),[空],lɑʔ²³,暂无
南汇·周浦,腊(臘),[空],lɑʔ²³,暂无
南汇·周浦,来(來),[空],le¹¹³,暂无
南汇·周浦,赖(賴),[空],lɑ¹¹³,暂无
南汇·周浦,婪(婪),[空],le¹¹³,暂无
南汇·周浦,蓝(藍),[空],lɛ¹¹³,暂无
南汇·周浦,拦(攔),[空],lɛ¹¹³,暂无
南汇·周浦,兰(蘭),[空],lɛ¹¹³,暂无
南汇·周浦,篮(籃),[空],lɛ¹¹³,暂无
南汇·周浦,懒(懶),[空],lɛ¹¹³,暂无
南汇·周浦,览(覽),[空],lɛ¹¹³,暂无
南汇·周浦,烂(爛),[空],lɛ¹¹³,暂无
南汇·周浦,郎(郎),[空],lɒ̃¹¹³,暂无
南汇·周浦,狼(狼),[空],lɒ̃¹¹³,暂无
南汇·周浦,廊(廊),[空],lɒ̃¹¹³,暂无
南汇·周浦,朗(朗),[空],lɒ̃¹¹³,暂无
南汇·周浦,浪(浪),[空],lɒ̃¹¹³,暂无
南汇·周浦,捞(撈),[空],ʔlɔ⁵²,暂无
南汇·周浦,牢(牢),[空],lɔ¹¹³,暂无
南汇·周浦,劳(勞),[空],lɔ¹¹³,暂无
南汇·周浦,老(老),[空],lɔ¹¹³,暂无
南汇·周浦,烙(烙),[空],loʔ²³,暂无
南汇·周浦,勒(勒),[空],ləʔ²³,暂无
南汇·周浦,了(了),[空],liɔ¹¹³,暂无
南汇·周浦,雷(雷),[空],ne¹¹³,暂无
南汇·周浦,儡(儡),[空],le¹¹³,暂无
南汇·周浦,垒(壘),[空],le¹¹³,暂无
南汇·周浦,肋(肋),[空],ləʔ²³,暂无
南汇·周浦,累(累),[空],le¹¹³,暂无
南汇·周浦,泪(淚),[空],li¹¹³,暂无
南汇·周浦,类(類),[空],le¹¹³,暂无
南汇·周浦,冷(冷),[空],lᴀ̃¹¹³,暂无
南汇·周浦,厘(厘),[空],li¹¹³,暂无
南汇·周浦,梨(梨),[空],li¹¹³,暂无
南汇·周浦,犁(犁),[空],li¹¹³,暂无
南汇·周浦,黎(黎),[空],li¹¹³,暂无
南汇·周浦,离(離),[空],li¹¹³,暂无
南汇·周浦,李(李),[空],li¹¹³,暂无
南汇·周浦,理(理),[空],li¹¹³,暂无
南汇·周浦,里(裏),[空],li¹¹³,暂无
南汇·周浦,礼(禮),[空],li¹¹³,暂无
南汇·周浦,力(力),[空],lɪʔ²³,暂无
南汇·周浦,立(立),[空],lɪʔ²³,暂无
南汇·周浦,利(利),[空],li¹¹³,暂无
南汇·周浦,例(例),[空],li¹¹³,暂无
南汇·周浦,例(例),[空],lɪʔ²³,暂无
南汇·周浦,粒(粒),[空],lɪʔ²³,暂无
南汇·周浦,厉(厲),[空],li¹¹³,暂无
南汇·周浦,励(勵),[空],li¹¹³,暂无
南汇·周浦,历(歷),[空],lɪʔ²³,暂无
南汇·周浦,历(歷),[空],lɪʔ²³,暂无
南汇·周浦,丽(麗),[空],li¹¹³,暂无
南汇·周浦,连(連),[空],li¹¹³,暂无
南汇·周浦,怜(憐),[空],li¹¹³,暂无
南汇·周浦,联(聯),[空],li¹¹³,暂无
南汇·周浦,帘(簾),[空],li¹¹³,暂无
南汇·周浦,脸(臉),[空],li¹¹³,暂无
南汇·周浦,炼(煉),[空],li¹¹³,暂无
南汇·周浦,练(練),[空],li¹¹³,暂无
南汇·周浦,恋(戀),[空],li¹¹³,暂无
南汇·周浦,良(良),[空],liᴀ̃¹¹³,暂无
南汇·周浦,凉(涼),[空],liᴀ̃¹¹³,暂无
南汇·周浦,梁(梁),[空],liᴀ̃¹¹³,暂无
南汇·周浦,粮(糧),[空],liᴀ̃¹¹³,暂无
南汇·周浦,两(兩),[空],liᴀ̃¹¹³,暂无
南汇·周浦,亮(亮),[空],liᴀ̃¹¹³,暂无
南汇·周浦,量(量),[空],liᴀ̃¹¹³,暂无
南汇·周浦,量(量),[空],liᴀ̃¹¹³,暂无
南汇·周浦,晾(晾),[空],lᴀ̃¹¹³,暂无
南汇·周浦,晾(晾),[空],lɒ̃¹¹³,暂无
南汇·周浦,谅(諒),[空],liᴀ̃¹¹³,暂无
南汇·周浦,聊(聊),[空],liɔ¹¹³,暂无
南汇·周浦,寥(寥),[空],liɔ¹¹³,暂无
南汇·周浦,撩(撩),[空],ʔliɔ⁵²,暂无
南汇·周浦,燎(燎),[空],liɔ¹¹³,暂无
南汇·周浦,疗(療),[空],liɔ¹¹³,暂无
南汇·周浦,料(料),[空],liɔ¹¹³,暂无
南汇·周浦,廖(廖),[空],liɔ¹¹³,暂无
南汇·周浦,列(列),[空],lɪʔ²³,暂无
南汇·周浦,劣(劣),[空],lɪʔ²³,暂无
南汇·周浦,烈(烈),[空],lɪʔ²³,暂无
南汇·周浦,裂(裂),[空],lɪʔ²³,暂无
南汇·周浦,拎(拎),[空],ʔliɪŋ⁵²,暂无
南汇·周浦,林(林),[空],liɪŋ¹¹³,暂无
南汇·周浦,淋(淋),[空],liɪŋ¹¹³,暂无
南汇·周浦,邻(鄰),[空],liɪŋ¹¹³,暂无
南汇·周浦,临(臨),[空],liɪŋ¹¹³,暂无
南汇·周浦,吝(吝),[空],liɪŋ¹¹³,暂无
南汇·周浦,陵(陵),[空],liɪŋ¹¹³,暂无
南汇·周浦,菱(菱),[空],liɪŋ¹¹³,暂无
南汇·周浦,零(零),[空],liɪŋ¹¹³,暂无
南汇·周浦,铃(鈴),[空],liɪŋ¹¹³,暂无
南汇·周浦,灵(靈),[空],liɪŋ¹¹³,暂无
南汇·周浦,领(領),[空],liɪŋ¹¹³,暂无
南汇·周浦,另(另),[空],liɪŋ¹¹³,暂无
南汇·周浦,令(令),[空],liɪŋ¹¹³,暂无
南汇·周浦,溜(溜),[空],ʔliɤ⁵²,暂无
南汇·周浦,留(留),[空],liɤ¹¹³,暂无
南汇·周浦,流(流),[空],liɤ¹¹³,暂无
南汇·周浦,榴(榴),[空],liɤ¹¹³,暂无
南汇·周浦,刘(劉),[空],liɤ¹¹³,暂无
南汇·周浦,柳(柳),[空],liɤ¹¹³,暂无
南汇·周浦,六(六),[空],loʔ²³,暂无
南汇·周浦,隆(隆),[空],loŋ¹¹³,暂无
南汇·周浦,龙(龍),[空],loŋ¹¹³,暂无
南汇·周浦,笼(籠),[空],loŋ¹¹³,暂无
南汇·周浦,聋(聾),[空],loŋ¹¹³,暂无
南汇·周浦,拢(攏),[空],loŋ¹¹³,暂无
南汇·周浦,垄(壟),[空],loŋ¹¹³,暂无
南汇·周浦,楼(樓),[空],lɤ¹¹³,暂无
南汇·周浦,搂(摟),[空],lɤ¹¹³,暂无
南汇·周浦,篓(簍),[空],lɤ¹¹³,暂无
南汇·周浦,陋(陋),[空],lɤ¹¹³,暂无
南汇·周浦,漏(漏),[空],lɤ¹¹³,暂无
南汇·周浦,芦(蘆),[空],lu¹¹³,暂无
南汇·周浦,炉(爐),[空],lu¹¹³,暂无
南汇·周浦,虏(虜),[空],lu¹¹³,暂无
南汇·周浦,鲁(魯),[空],lu¹¹³,暂无
南汇·周浦,橹(櫓),[空],lu¹¹³,暂无
南汇·周浦,陆(陸),[空],loʔ²³,暂无
南汇·周浦,鹿(鹿),[空],loʔ²³,暂无
南汇·周浦,禄(祿),[空],loʔ²³,暂无
南汇·周浦,路(路),[空],lu¹¹³,暂无
南汇·周浦,录(録),[空],loʔ²³,暂无
南汇·周浦,录(錄),[空],loʔ²³,暂无
南汇·周浦,露(露),[空],lu¹¹³,暂无
南汇·周浦,銮(鑾),[空],lø¹¹³,暂无
南汇·周浦,卵(卵),[空],lø¹¹³,暂无
南汇·周浦,卵(卵),[空],lu¹¹³,暂无
南汇·周浦,乱(亂),[空],lø¹¹³,暂无
南汇·周浦,掠(掠),[空],liɑʔ²³,暂无
南汇·周浦,伦(倫),[空],ləŋ¹¹³,暂无
南汇·周浦,沦(淪),[空],ləŋ¹¹³,暂无
南汇·周浦,轮(輪),[空],ləŋ¹¹³,暂无
南汇·周浦,论(論),[空],ləŋ¹¹³,暂无
南汇·周浦,啰(啰),[空],ʔlu⁵²,暂无
南汇·周浦,脶(腡),[空],lu¹¹³,暂无
南汇·周浦,罗(羅),[空],lu¹¹³,暂无
南汇·周浦,骡(騾),[空],lu¹¹³,暂无
南汇·周浦,萝(蘿),[空],lu¹¹³,暂无
南汇·周浦,裸(裸),[空],lu¹¹³,暂无
南汇·周浦,洛(洛),[空],loʔ²³,暂无
南汇·周浦,落(落),[空],lɒʔ²³,暂无
南汇·周浦,啰(囉),[空],ʔlu⁵²,暂无
南汇·周浦,驴(驢),[空],ly¹¹³,暂无
南汇·周浦,吕(呂),[空],ly¹¹³,暂无
南汇·周浦,捋(捋),[空],ləʔ²³,暂无
南汇·周浦,捋(捋),[空],lœʔ²³,暂无
南汇·周浦,旅(旅),[空],ly¹¹³,暂无
南汇·周浦,屡(屢),[空],ly¹¹³,暂无
南汇·周浦,律(律),[空],lɪʔ²³,暂无
南汇·周浦,率(率),[空],səʔ⁵⁵,暂无
南汇·周浦,绿(緑),[空],loʔ²³,暂无
南汇·周浦,绿(綠),[空],loʔ²³,暂无
南汇·周浦,虑(慮),[空],ly¹¹³,暂无
南汇·周浦,滤(濾),[空],ly¹¹³,暂无
南汇·周浦,略(略),[空],liɑʔ²³,暂无
南汇·周浦,妈(媽),[空],ʔmɑ⁵²,暂无
南汇·周浦,麻(麻),[空],mo¹¹³,暂无
南汇·周浦,马(馬),[空],mo¹¹³,暂无
南汇·周浦,码(碼),[空],mo¹¹³,暂无
南汇·周浦,骂(罵),[空],mo¹¹³,暂无
南汇·周浦,骂(駡),[空],mo¹¹³,暂无
南汇·周浦,埋(埋),[空],mɑ¹¹³,暂无
南汇·周浦,买(買),[空],mɑ¹¹³,暂无
南汇·周浦,脉(脈),[空],mɑʔ²³,暂无
南汇·周浦,麦(麥),[空],mɑʔ²³,暂无
南汇·周浦,卖(賣),[空],mɑ¹¹³,暂无
南汇·周浦,迈(邁),[空],mɑ¹¹³,暂无
南汇·周浦,瞒(瞞),[空],me¹¹³,暂无
南汇·周浦,瞒(瞞),[空],mø¹¹³,暂无
南汇·周浦,馒(饅),[空],me¹¹³,暂无
南汇·周浦,馒(饅),[空],mø¹¹³,暂无
南汇·周浦,蛮(蠻),[空],mɛ¹¹³,暂无
南汇·周浦,蛮(蠻),[空],ʔmɛ⁵²,暂无
南汇·周浦,满(滿),[空],me¹¹³,暂无
南汇·周浦,幔(幔),[空],me¹¹³,暂无
南汇·周浦,漫(漫),[空],me¹¹³,暂无
南汇·周浦,慢(慢),[空],mɛ¹¹³,暂无
南汇·周浦,芒(芒),[空],mɒ̃¹¹³,暂无
南汇·周浦,忙(忙),[空],mɒ̃¹¹³,暂无
南汇·周浦,茫(茫),[空],mɒ̃¹¹³,暂无
南汇·周浦,莽(莽),[空],mɒ̃¹¹³,暂无
南汇·周浦,猫(貓),[空],ʔmɔ⁵²,暂无
南汇·周浦,毛(毛),[空],mɔ¹¹³,暂无
南汇·周浦,茅(茅),[空],mɔ¹¹³,暂无
南汇·周浦,卯(卯),[空],mɔ¹¹³,暂无
南汇·周浦,茂(茂),[空],mɤ¹¹³,暂无
南汇·周浦,冒(冒),[空],mɔ¹¹³,暂无
南汇·周浦,帽(帽),[空],mɔ¹¹³,暂无
南汇·周浦,贸(貿),[空],mɤ¹¹³,暂无
南汇·周浦,貌(貌),[空],mɔ¹¹³,暂无
南汇·周浦,眉(眉),[空],mi¹¹³,暂无
南汇·周浦,梅(梅),[空],me¹¹³,暂无
南汇·周浦,媒(媒),[空],me¹¹³,暂无
南汇·周浦,煤(煤),[空],me¹¹³,暂无
南汇·周浦,每(每),[空],me¹¹³,暂无
南汇·周浦,每(每),[空],me¹¹³,暂无
南汇·周浦,每(每),[空],ʔme⁴⁴,暂无
南汇·周浦,每(每),[空],ʔme⁴⁴,暂无
南汇·周浦,美(美),[空],me¹¹³,暂无
南汇·周浦,美(美),[空],ʔme⁴⁴,暂无
南汇·周浦,妹(妹),[空],me¹¹³,暂无
南汇·周浦,门(門),[空],məŋ¹¹³,暂无
南汇·周浦,闷(悶),[空],ʔməŋ⁵²,暂无
南汇·周浦,蒙(蒙),[空],moŋ¹¹³,暂无
南汇·周浦,猛(猛),[空],mᴀ̃¹¹³,暂无
南汇·周浦,孟(孟),[空],mᴀ̃¹¹³,暂无
南汇·周浦,孟(孟),[空],məŋ¹¹³,暂无
南汇·周浦,梦(夢),[空],mɒ̃¹¹³,暂无
南汇·周浦,迷(迷),[空],mi¹¹³,暂无
南汇·周浦,谜(謎),[空],mi¹¹³,暂无
南汇·周浦,米(米),[空],mi¹¹³,暂无
南汇·周浦,秘(秘),[空],ʔbi³³⁵,暂无
南汇·周浦,觅(覓),[空],mɪʔ²³,暂无
南汇·周浦,密(密),[空],mɪʔ²³,暂无
南汇·周浦,蜜(蜜),[空],mɪʔ²³,暂无
南汇·周浦,眠(眠),[空],mi¹¹³,暂无
南汇·周浦,棉(棉),[空],mi¹¹³,暂无
南汇·周浦,绵(綿),[空],mi¹¹³,暂无
南汇·周浦,免(免),[空],mi¹¹³,暂无
南汇·周浦,勉(勉),[空],mi¹¹³,暂无
南汇·周浦,缅(緬),[空],mi¹¹³,暂无
南汇·周浦,面(面),[空],mi¹¹³,暂无
南汇·周浦,面(麵),[空],mi¹¹³,暂无
南汇·周浦,苗(苗),[空],miɔ¹¹³,暂无
南汇·周浦,描(描),[空],miɔ¹¹³,暂无
南汇·周浦,秒(秒),[空],miɔ¹¹³,暂无
南汇·周浦,渺(渺),[空],miɔ¹¹³,暂无
南汇·周浦,妙(妙),[空],miɔ¹¹³,暂无
南汇·周浦,庙(廟),[空],miɔ¹¹³,暂无
南汇·周浦,灭(滅),[空],mɪʔ²³,暂无
南汇·周浦,蔑(蔑),[空],mɪʔ²³,暂无
南汇·周浦,民(民),[空],miɪŋ¹¹³,暂无
南汇·周浦,名(名),[空],miɪŋ¹¹³,暂无
南汇·周浦,明(明),[空],miɪŋ¹¹³,暂无
南汇·周浦,暝(暝),[空],miɪŋ¹¹³,暂无
南汇·周浦,命(命),[空],miɪŋ¹¹³,暂无
南汇·周浦,谬(謬),[空],miɔ¹¹³,暂无
南汇·周浦,谬(謬),[空],miɤ¹¹³,暂无
南汇·周浦,摸(摸),[空],mɒʔ²³,暂无
南汇·周浦,摸(摸),[空],moʔ²³,暂无
南汇·周浦,模(模),[空],mu¹¹³,暂无
南汇·周浦,摩(摩),[空],mu¹¹³,暂无
南汇·周浦,磨(磨),[空],mu¹¹³,暂无
南汇·周浦,磨(磨),[空],mu¹¹³,暂无
南汇·周浦,抹(抹),[空],məʔ²³,暂无
南汇·周浦,末(末),[空],məʔ²³,暂无
南汇·周浦,沫(沫),[空],məʔ²³,暂无
南汇·周浦,陌(陌),[空],mɑʔ²³,暂无
南汇·周浦,莫(莫),[空],mɒʔ²³,暂无
南汇·周浦,墨(墨),[空],məʔ²³,暂无
南汇·周浦,默(默),[空],məʔ²³,暂无
南汇·周浦,谋(謀),[空],mɤ¹¹³,暂无
南汇·周浦,某(某),[空],mɤ¹¹³,暂无
南汇·周浦,母(母),[空],mu¹¹³,暂无
南汇·周浦,姆(姆),[空],ɦm̩¹¹³,暂无
南汇·周浦,亩(畝),[空],ɦm̩¹¹³,暂无
南汇·周浦,亩(畝),[空],mɤ¹¹³,暂无
南汇·周浦,木(木),[空],mɒʔ²³,暂无
南汇·周浦,木(木),[空],moʔ²³,暂无
南汇·周浦,目(目),[空],mɒʔ²³,暂无
南汇·周浦,目(目),[空],moʔ²³,暂无
南汇·周浦,牧(牧),[空],moʔ²³,暂无
南汇·周浦,募(募),[空],mu¹¹³,暂无
南汇·周浦,墓(墓),[空],mu¹¹³,暂无
南汇·周浦,幕(幕),[空],mu¹¹³,暂无
南汇·周浦,慕(慕),[空],mu¹¹³,暂无
南汇·周浦,暮(暮),[空],mu¹¹³,暂无
南汇·周浦,穆(穆),[空],moʔ²³,暂无
南汇·周浦,拿(拿),[空],ʔnɛ⁵²,暂无
南汇·周浦,那(那),[空],ʔnɑ⁵²,暂无
南汇·周浦,呐(呐),[空],nɑʔ²³,暂无
南汇·周浦,纳(納),[空],nɑʔ²³,暂无
南汇·周浦,捺(捺),[空],nɑʔ²³,暂无
南汇·周浦,乃(乃),[空],ne¹¹³,暂无
南汇·周浦,奶(奶),[空],nɑ¹¹³,暂无
南汇·周浦,奈(奈),[空],ne¹¹³,暂无
南汇·周浦,耐(耐),[空],ne¹¹³,暂无
南汇·周浦,男(男),[空],nẽ¹¹³,暂无
南汇·周浦,南(南),[空],nẽ¹¹³,暂无
南汇·周浦,难(難),[空],nɛ¹¹³,暂无
南汇·周浦,难(難),[空],nɛ¹¹³,暂无
南汇·周浦,囊(囊),[空],nɒ̃¹¹³,暂无
南汇·周浦,恼(惱),[空],nɔ¹¹³,暂无
南汇·周浦,脑(腦),[空],nɔ¹¹³,暂无
南汇·周浦,闹(鬧),[空],nɔ¹¹³,暂无
南汇·周浦,馁(餒),[空],ne¹¹³,暂无
南汇·周浦,内(內),[空],ne¹¹³,暂无
南汇·周浦,嫩(嫩),[空],nəŋ¹¹³,暂无
南汇·周浦,能(能),[空],nəŋ¹¹³,暂无
南汇·周浦,泥(泥),[空],ȵi¹¹³,暂无
南汇·周浦,你(你),[空],ȵi¹¹³,暂无
南汇·周浦,拟(擬),[空],ȵi¹¹³,暂无
南汇·周浦,逆(逆),[空],ȵɪʔ²³,暂无
南汇·周浦,匿(匿),[空],ȵɪʔ²³,暂无
南汇·周浦,腻(膩),[空],ȵi¹¹³,暂无
南汇·周浦,年(年),[空],ȵi¹¹³,暂无
南汇·周浦,辇(輦),[空],ȵi¹¹³,暂无
南汇·周浦,念(念),[空],ȵi¹¹³,暂无
南汇·周浦,念(念),[空],ȵiɛ¹¹³,暂无
南汇·周浦,娘(娘),[空],ȵiᴀ̃¹¹³,暂无
南汇·周浦,酿(釀),[空],ȵiᴀ̃¹¹³,暂无
南汇·周浦,鸟(鳥),[空],ʔdiɔ⁴⁴,暂无
南汇·周浦,鸟(鳥),[空],ʔȵiɔ⁴⁴,暂无
南汇·周浦,尿(尿),[空],sɿ⁵²,暂无
南汇·周浦,捏(捏),[空],ȵiɑʔ²³,暂无
南汇·周浦,孽(孽),[空],ȵɪʔ²³,暂无
南汇·周浦,宁(寧),[空],ȵiɪŋ¹¹³,暂无
南汇·周浦,凝(凝),[空],ȵiɪŋ¹¹³,暂无
南汇·周浦,佞(佞),[空],ȵiɪŋ¹¹³,暂无
南汇·周浦,牛(牛),[空],ȵiɤ¹¹³,暂无
南汇·周浦,纽(紐),[空],ȵiɤ¹¹³,暂无
南汇·周浦,拗(拗),[空],ʔɔ³³⁵,暂无
南汇·周浦,农(農),[空],noŋ¹¹³,暂无
南汇·周浦,侬(儂),[空],noŋ¹¹³,暂无
南汇·周浦,浓(濃),[空],noŋ¹¹³,暂无
南汇·周浦,浓(濃),[空],ȵioŋ¹¹³,暂无
南汇·周浦,脓(膿),[空],noŋ¹¹³,暂无
南汇·周浦,弄(弄),[空],loŋ¹¹³,暂无
南汇·周浦,奴(奴),[空],nu¹¹³,暂无
南汇·周浦,努(努),[空],ʔnu⁴⁴,暂无
南汇·周浦,怒(怒),[空],nu¹¹³,暂无
南汇·周浦,暖(暖),[空],nø¹¹³,暂无
南汇·周浦,虐(虐),[空],ȵiɑʔ²³,暂无
南汇·周浦,疟(瘧),[空],ȵiɑʔ²³,暂无
南汇·周浦,挪(挪),[空],ʔnɔ⁵²,暂无
南汇·周浦,诺(諾),[空],noʔ²³,暂无
南汇·周浦,糯(糯),[空],nu¹¹³,暂无
南汇·周浦,女(女),[空],ȵy¹¹³,暂无
南汇·周浦,欧(歐),[空],ʔɤ⁵²,暂无
南汇·周浦,偶(偶),[空],ŋɤ¹¹³,暂无
南汇·周浦,呕(嘔),[空],ʔɤ⁴⁴,暂无
南汇·周浦,藕(藕),[空],ŋɤ¹¹³,暂无
南汇·周浦,杷(杷),[空],bo¹¹³,暂无
南汇·周浦,爬(爬),[空],bo¹¹³,暂无
南汇·周浦,琶(琶),[空],bo¹¹³,暂无
南汇·周浦,怕(怕),[空],pʰo³³⁵,暂无
南汇·周浦,拍(拍),[空],pʰɑʔ⁵⁵,暂无
南汇·周浦,排(排),[空],bɑ¹¹³,暂无
南汇·周浦,牌(牌),[空],bɑ¹¹³,暂无
南汇·周浦,派(派),[空],pʰɑ³³⁵,暂无
南汇·周浦,潘(潘),[空],pʰe⁵²,暂无
南汇·周浦,攀(攀),[空],pʰɛ⁵²,暂无
南汇·周浦,爿(爿),[空],bɛ¹¹³,暂无
南汇·周浦,盘(盤),[空],be¹¹³,暂无
南汇·周浦,判(判),[空],pʰe³³⁵,暂无
南汇·周浦,盼(盼),[空],pʰɛ³³⁵,暂无
南汇·周浦,叛(叛),[空],be¹¹³,暂无
南汇·周浦,襻(襻),[空],pʰɛ³³⁵,暂无
南汇·周浦,滂(滂),[空],bɒ̃¹¹³,暂无
南汇·周浦,旁(旁),[空],bɒ̃¹¹³,暂无
南汇·周浦,膀(膀),[空],pʰɒ̃⁴⁴,暂无
南汇·周浦,庞(龐),[空],bɒ̃¹¹³,暂无
南汇·周浦,胖(胖),[空],pʰɒ̃³³⁵,暂无
南汇·周浦,刨(刨),[空],bɔ¹¹³,暂无
南汇·周浦,袍(袍),[空],bɔ¹¹³,暂无
南汇·周浦,跑(跑),[空],bɔ¹¹³,暂无
南汇·周浦,泡(泡),[空],pʰɔ³³⁵,暂无
南汇·周浦,炮(炮),[空],pʰɔ³³⁵,暂无
南汇·周浦,胚(胚),[空],pʰe⁵²,暂无
南汇·周浦,陪(陪),[空],be¹¹³,暂无
南汇·周浦,赔(賠),[空],be¹¹³,暂无
南汇·周浦,佩(佩),[空],be³³⁵,暂无
南汇·周浦,配(配),[空],pʰe³³⁵,暂无
南汇·周浦,喷(噴),[空],pʰəŋ⁵²,暂无
南汇·周浦,喷(噴),[空],pʰəŋ⁵²,暂无
南汇·周浦,盆(盆),[空],bəŋ¹¹³,暂无
南汇·周浦,朋(朋),[空],bᴀ̃¹¹³,暂无
南汇·周浦,彭(彭),[空],bᴀ̃¹¹³,暂无
南汇·周浦,棚(棚),[空],bᴀ̃¹¹³,暂无
南汇·周浦,篷(篷),[空],boŋ¹¹³,暂无
南汇·周浦,篷(篷),[空],boŋ¹¹³,暂无
南汇·周浦,捧(捧),[空],hoŋ⁴⁴,暂无
南汇·周浦,捧(捧),[空],pʰoŋ⁴⁴,暂无
南汇·周浦,丕(丕),[空],pʰe⁵²,暂无
南汇·周浦,批(批),[空],pʰi⁵²,暂无
南汇·周浦,披(披),[空],pʰi⁵²,暂无
南汇·周浦,劈(劈),[空],pʰɪʔ⁵⁵,暂无
南汇·周浦,皮(皮),[空],bi¹¹³,暂无
南汇·周浦,枇(枇),[空],bɪʔ²³,暂无
南汇·周浦,疲(疲),[空],bi¹¹³,暂无
南汇·周浦,琵(琵),[空],bi¹¹³,暂无
南汇·周浦,匹(匹),[空],pʰɪʔ⁵⁵,暂无
南汇·周浦,屁(屁),[空],pʰi³³⁵,暂无
南汇·周浦,辟(辟),[空],pʰɪʔ⁵⁵,暂无
南汇·周浦,僻(僻),[空],pʰɪʔ⁵⁵,暂无
南汇·周浦,譬(譬),[空],pʰi³³⁵,暂无
南汇·周浦,偏(偏),[空],pʰi⁵²,暂无
南汇·周浦,篇(篇),[空],pʰi⁵²,暂无
南汇·周浦,片(片),[空],pʰi³³⁵,暂无
南汇·周浦,骗(騙),[空],pʰi³³⁵,暂无
南汇·周浦,漂(漂),[空],pʰiɔ⁴⁴,暂无
南汇·周浦,漂(漂),[空],pʰiɔ⁴⁴,暂无
南汇·周浦,飘(飄),[空],pʰiɔ⁵²,暂无
南汇·周浦,瓢(瓢),[空],biɔ¹¹³,暂无
南汇·周浦,票(票),[空],pʰiɔ³³⁵,暂无
南汇·周浦,撇(撇),[空],pʰɪʔ⁵⁵,暂无
南汇·周浦,拼(拚),[空],pʰiɪŋ⁵²,暂无
南汇·周浦,拼(拼),[空],pʰiɪŋ⁵²,暂无
南汇·周浦,贫(貧),[空],biɪŋ¹¹³,暂无
南汇·周浦,频(頻),[空],biɪŋ¹¹³,暂无
南汇·周浦,品(品),[空],pʰiɪŋ⁴⁴,暂无
南汇·周浦,聘(聘),[空],pʰiɪŋ³³⁵,暂无
南汇·周浦,平(平),[空],biɪŋ¹¹³,暂无
南汇·周浦,屏(屏),[空],biɪŋ¹¹³,暂无
南汇·周浦,瓶(瓶),[空],biɪŋ¹¹³,暂无
南汇·周浦,凭(憑),[空],biɪŋ¹¹³,暂无
南汇·周浦,坡(坡),[空],pʰu⁵²,暂无
南汇·周浦,泼(潑),[空],pʰəʔ⁵⁵,暂无
南汇·周浦,婆(婆),[空],bu¹¹³,暂无
南汇·周浦,破(破),[空],pʰu³³⁵,暂无
南汇·周浦,魄(魄),[空],pʰɑʔ⁵⁵,暂无
南汇·周浦,颇(頗),[空],pʰu⁵²,暂无
南汇·周浦,剖(剖),[空],pʰɤ⁴⁴,暂无
南汇·周浦,剖(剖),[空],pʰu⁴⁴,暂无
南汇·周浦,扑(撲),[空],pʰɔʔ⁵⁵,暂无
南汇·周浦,铺(鋪),[空],pʰu³³⁵,暂无
南汇·周浦,铺(鋪),[空],pʰu⁵²,暂无
南汇·周浦,菩(菩),[空],bu¹¹³,暂无
南汇·周浦,蒲(蒲),[空],bu¹¹³,暂无
南汇·周浦,仆(僕),[空],pʰɒʔ⁵⁵,暂无
南汇·周浦,仆(僕),[空],pʰoʔ⁵⁵,暂无
南汇·周浦,普(普),[空],pʰu⁴⁴,暂无
南汇·周浦,朴(樸),[空],pʰoʔ⁵⁵,暂无
南汇·周浦,谱(譜),[空],pʰu⁴⁴,暂无
南汇·周浦,瀑(瀑),[空],bu¹¹³,暂无
南汇·周浦,七(七),[空],tɕʰɪʔ⁵⁵,暂无
南汇·周浦,妻(妻),[空],tɕʰi⁵²,暂无
南汇·周浦,戚(戚),[空],tɕʰɪʔ⁵⁵,暂无
南汇·周浦,期(期),[空],dʑi¹¹³,暂无
南汇·周浦,欺(欺),[空],tɕʰi⁵²,暂无
南汇·周浦,漆(漆),[空],tɕʰɪʔ⁵⁵,暂无
南汇·周浦,其(其),[空],dʑi¹¹³,暂无
南汇·周浦,奇(奇),[空],dʑi¹¹³,暂无
南汇·周浦,齐(齊),[空],ʑi¹¹³,暂无
南汇·周浦,旗(旗),[空],dʑi¹¹³,暂无
南汇·周浦,骑(騎),[空],dʑi¹¹³,暂无
南汇·周浦,脐(臍),[空],ʑi¹¹³,暂无
南汇·周浦,企(企),[空],tɕʰi⁴⁴,暂无
南汇·周浦,起(起),[空],tɕʰi⁴⁴,暂无
南汇·周浦,岂(豈),[空],tɕʰi⁴⁴,暂无
南汇·周浦,启(啟),[空],tɕʰi⁴⁴,暂无
南汇·周浦,启(啓),[空],tɕʰi⁴⁴,暂无
南汇·周浦,泣(泣),[空],tɕʰɪʔ⁵⁵,暂无
南汇·周浦,契(契),[空],tɕʰi³³⁵,暂无
南汇·周浦,砌(砌),[空],tɕʰi³³⁵,暂无
南汇·周浦,气(氣),[空],tɕʰi³³⁵,暂无
南汇·周浦,弃(棄),[空],tɕʰi³³⁵,暂无
南汇·周浦,器(器),[空],tɕʰi³³⁵,暂无
南汇·周浦,掐(掐),[空],kʰɑʔ⁵⁵,暂无
南汇·周浦,掐(掐),[空],kʰəʔ⁵⁵,暂无
南汇·周浦,恰(恰),[空],kʰɑʔ⁵⁵,暂无
南汇·周浦,千(千),[空],tɕʰi⁵²,暂无
南汇·周浦,牵(牽),[空],tɕʰi⁵²,暂无
南汇·周浦,铅(鉛),[空],kʰɛ⁵²,暂无
南汇·周浦,迁(遷),[空],tɕʰi⁵²,暂无
南汇·周浦,谦(謙),[空],tɕʰi⁵²,暂无
南汇·周浦,签(簽),[空],tɕʰi⁵²,暂无
南汇·周浦,前(前),[空],ʑi¹¹³,暂无
南汇·周浦,干(乾),[空],dʑi¹¹³,暂无
南汇·周浦,干(乾),[空],kø⁵²,暂无
南汇·周浦,钳(鉗),[空],dʑi¹¹³,暂无
南汇·周浦,钳(鉗),[空],ɡɛ¹¹³,暂无
南汇·周浦,钱(錢),[空],ʑi¹¹³,暂无
南汇·周浦,浅(淺),[空],tɕʰi⁴⁴,暂无
南汇·周浦,遣(遣),[空],tɕʰi⁴⁴,暂无
南汇·周浦,欠(欠),[空],tɕʰi³³⁵,暂无
南汇·周浦,嵌(嵌),[空],kʰɛ⁵²,暂无
南汇·周浦,歉(歉),[空],tɕʰi⁴⁴,暂无
南汇·周浦,腔(腔),[空],tɕʰiᴀ̃⁵²,暂无
南汇·周浦,枪(槍),[空],tɕʰiᴀ̃⁵²,暂无
南汇·周浦,强(強),[空],dʑiᴀ̃¹¹³,暂无
南汇·周浦,强(強),[空],tɕʰiᴀ̃⁴⁴,暂无
南汇·周浦,墙(墻),[空],dʑiᴀ̃¹¹³,暂无
南汇·周浦,墙(墻),[空],ʑiᴀ̃¹¹³,暂无
南汇·周浦,墙(牆),[空],dʑiᴀ̃¹¹³,暂无
南汇·周浦,墙(牆),[空],ʑiᴀ̃¹¹³,暂无
南汇·周浦,抢(搶),[空],tɕʰiᴀ̃⁴⁴,暂无
南汇·周浦,呛(嗆),[空],tɕʰiᴀ̃³³⁵,暂无
南汇·周浦,悄(悄),[空],tɕʰiɔ⁴⁴,暂无
南汇·周浦,敲(敲),[空],kʰɔ⁵²,暂无
南汇·周浦,乔(喬),[空],dʑiɔ¹¹³,暂无
南汇·周浦,侨(僑),[空],dʑiɔ¹¹³,暂无
南汇·周浦,桥(橋),[空],dʑiɔ¹¹³,暂无
南汇·周浦,樵(樵),[空],tɕiɔ⁵²,暂无
南汇·周浦,樵(樵),[空],ʑiɔ¹¹³,暂无
南汇·周浦,巧(巧),[空],tɕʰiɔ⁴⁴,暂无
南汇·周浦,俏(俏),[空],tɕʰiɔ⁴⁴,暂无
南汇·周浦,壳(殼),[空],kʰɒʔ⁵⁵,暂无
南汇·周浦,鞘(鞘),[空],tɕʰiɔ³³⁵,暂无
南汇·周浦,翘(翹),[空],tɕʰiɔ³³⁵,暂无
南汇·周浦,窍(竅),[空],tɕʰiɔ³³⁵,暂无
南汇·周浦,切(切),[空],tɕʰɪʔ⁵⁵,暂无
南汇·周浦,茄(茄),[空],ɡɑ¹¹³,暂无
南汇·周浦,且(且),[空],tɕʰiɪ⁵⁵,暂无
南汇·周浦,妾(妾),[空],tsʰɪʔ⁵⁵,暂无
南汇·周浦,笡(笡),[空],tɕʰiɑ³³⁵,暂无
南汇·周浦,窃(竊),[空],tɕʰɪʔ⁵⁵,暂无
南汇·周浦,侵(侵),[空],tɕʰiɪŋ⁵²,暂无
南汇·周浦,秦(秦),[空],ʑiɪŋ¹¹³,暂无
南汇·周浦,琴(琴),[空],dʑiɪŋ¹¹³,暂无
南汇·周浦,勤(勤),[空],dʑiɪŋ¹¹³,暂无
南汇·周浦,青(青),[空],tɕʰiɪŋ⁵²,暂无
南汇·周浦,清(清),[空],tɕʰiɪŋ⁵²,暂无
南汇·周浦,倾(傾),[空],tɕʰiɪŋ⁵²,暂无
南汇·周浦,轻(輕),[空],tɕʰiɪŋ⁵²,暂无
南汇·周浦,蜻(蜻),[空],tɕʰiɪŋ⁵²,暂无
南汇·周浦,情(情),[空],ʑiɪŋ¹¹³,暂无
南汇·周浦,晴(晴),[空],ʑiɪŋ¹¹³,暂无
南汇·周浦,擎(擎),[空],dʑiɪŋ¹¹³,暂无
南汇·周浦,顷(頃),[空],tɕʰiɪŋ⁴⁴,暂无
南汇·周浦,请(請),[空],tɕʰiɪŋ⁴⁴,暂无
南汇·周浦,庆(慶),[空],tɕʰiɪŋ³³⁵,暂无
南汇·周浦,亲(親),[空],tɕʰiɪŋ³³⁵,暂无
南汇·周浦,亲(親),[空],tɕʰiɪŋ⁵²,暂无
南汇·周浦,穷(窮),[空],dʑioŋ¹¹³,暂无
南汇·周浦,琼(瓊),[空],dʑioŋ¹¹³,暂无
南汇·周浦,丘(丘),[空],tɕʰiɤ⁵²,暂无
南汇·周浦,邱(邱),[空],tɕʰiɤ⁵²,暂无
南汇·周浦,丘(坵),[空],tɕʰiɤ⁵²,暂无
南汇·周浦,秋(秋),[空],tɕʰiɤ⁵²,暂无
南汇·周浦,囚(囚),[空],dʑiɤ¹¹³,暂无
南汇·周浦,求(求),[空],dʑiɤ¹¹³,暂无
南汇·周浦,泅(泅),[空],dʑiɤ¹¹³,暂无
南汇·周浦,球(球),[空],dʑiɤ¹¹³,暂无
南汇·周浦,屈(屈),[空],tɕʰioʔ⁵⁵,暂无
南汇·周浦,区(區),[空],tɕʰy⁵²,暂无
南汇·周浦,蛆(蛆),[空],tɕʰy⁵²,暂无
南汇·周浦,趋(趨),[空],tɕʰy⁵²,暂无
南汇·周浦,驱(驅),[空],tɕʰy⁵²,暂无
南汇·周浦,瞿(瞿),[空],dʑy¹¹³,暂无
南汇·周浦,曲(曲),[空],tɕʰioʔ⁵⁵,暂无
南汇·周浦,取(取),[空],tɕʰy⁴⁴,暂无
南汇·周浦,娶(娶),[空],tɕʰy⁴⁴,暂无
南汇·周浦,去(去),[空],tɕʰi⁴⁴,暂无
南汇·周浦,去(去),[空],tɕʰy⁴⁴,暂无
南汇·周浦,趣(趣),[空],tɕʰy³³⁵,暂无
南汇·周浦,圈(圈),[空],dʑyø¹¹³,暂无
南汇·周浦,圈(圈),[空],tɕʰyø⁵²,暂无
南汇·周浦,全(全),[空],ʑi¹¹³,暂无
南汇·周浦,泉(泉),[空],ʑi¹¹³,暂无
南汇·周浦,拳(拳),[空],dʑyø¹¹³,暂无
南汇·周浦,权(權),[空],dʑyø¹¹³,暂无
南汇·周浦,犬(犬),[空],tɕʰyø⁴⁴,暂无
南汇·周浦,券(券),[空],tɕʰyø³³⁵,暂无
南汇·周浦,劝(勸),[空],tɕʰyø³³⁵,暂无
南汇·周浦,缺(缺),[空],tɕʰioʔ⁵⁵,暂无
南汇·周浦,缺(缺),[空],tɕʰyɪʔ⁵⁵,暂无
南汇·周浦,雀(雀),[空],tɕʰiɑʔ⁵⁵,暂无
南汇·周浦,确(確),[空],tɕʰiɑʔ⁵⁵,暂无
南汇·周浦,鹊(鵲),[空],tɕʰiɑʔ⁵⁵,暂无
南汇·周浦,裙(裙),[空],dʑioŋ¹¹³,暂无
南汇·周浦,群(群),[空],dʑioŋ¹¹³,暂无
南汇·周浦,染(染),[空],ȵi¹¹³,暂无
南汇·周浦,染(染),[空],zø¹¹³,暂无
南汇·周浦,瓤(瓤),[空],ȵiᴀ̃¹¹³,暂无
南汇·周浦,壤(壤),[空],ȵiᴀ̃¹¹³,暂无
南汇·周浦,让(讓),[空],ȵiᴀ̃¹¹³,暂无
南汇·周浦,饶(饒),[空],ȵiɔ¹¹³,暂无
南汇·周浦,扰(擾),[空],lɔ¹¹³,暂无
南汇·周浦,扰(擾),[空],ȵiɔ¹¹³,暂无
南汇·周浦,扰(擾),[空],zɔ¹¹³,暂无
南汇·周浦,绕(繞),[空],ȵiɔ¹¹³,暂无
南汇·周浦,绕(繞),[空],ȵiɔ¹¹³,暂无
南汇·周浦,惹(惹),[空],zɑ¹¹³,暂无
南汇·周浦,热(熱),[空],ȵɪʔ²³,暂无
南汇·周浦,人(人),[空],ȵiɪŋ¹¹³,暂无
南汇·周浦,人(人),[空],zəŋ¹¹³,暂无
南汇·周浦,仁(仁),[空],zəŋ¹¹³,暂无
南汇·周浦,忍(忍),[空],ȵiɪŋ¹¹³,暂无
南汇·周浦,任(任),[空],zəŋ¹¹³,暂无
南汇·周浦,认(認),[空],ȵiɪŋ¹¹³,暂无
南汇·周浦,仍(仍),[空],zəŋ¹¹³,暂无
南汇·周浦,日(日),[空],ȵɪʔ²³,暂无
南汇·周浦,日(日),[空],zəʔ²³,暂无
南汇·周浦,戎(戎),[空],ɦioŋ¹¹³,暂无
南汇·周浦,戎(戎),[空],ȵioŋ¹¹³,暂无
南汇·周浦,戎(戎),[空],zoŋ¹¹³,暂无
南汇·周浦,容(容),[空],ɦioŋ¹¹³,暂无
南汇·周浦,绒(絨),[空],ȵioŋ¹¹³,暂无
南汇·周浦,荣(榮),[空],ɦioŋ¹¹³,暂无
南汇·周浦,柔(柔),[空],lɤ¹¹³,暂无
南汇·周浦,揉(揉),[空],lɤ¹¹³,暂无
南汇·周浦,揉(揉),[空],zɤ¹¹³,暂无
南汇·周浦,肉(肉),[空],ȵioʔ²³,暂无
南汇·周浦,如(如),[空],zɿ¹¹³,暂无
南汇·周浦,如(如),[空],ʑy¹¹³,暂无
南汇·周浦,儒(儒),[空],zɿ¹¹³,暂无
南汇·周浦,儒(儒),[空],ʑy¹¹³,暂无
南汇·周浦,乳(乳),[空],zɿ¹¹³,暂无
南汇·周浦,乳(乳),[空],ʑy¹¹³,暂无
南汇·周浦,辱(辱),[空],zoʔ²³,暂无
南汇·周浦,入(入),[空],zəʔ²³,暂无
南汇·周浦,褥(褥),[空],ȵioʔ²³,暂无
南汇·周浦,阮(阮),[空],ȵyø¹¹³,暂无
南汇·周浦,软(軟),[空],ȵyø¹¹³,暂无
南汇·周浦,蕊(蕊),[空],zø¹¹³,暂无
南汇·周浦,瑞(瑞),[空],zø¹¹³,暂无
南汇·周浦,锐(銳),[空],sø³³⁵,暂无
南汇·周浦,鋭(鋭),[空],sø³³⁵,暂无
南汇·周浦,闰(閏),[空],ȵiəŋ¹¹³,暂无
南汇·周浦,闰(閏),[空],zəŋ¹¹³,暂无
南汇·周浦,润(潤),[空],zəŋ¹¹³,暂无
南汇·周浦,若(若),[空],zɑʔ²³,暂无
南汇·周浦,弱(弱),[空],zɑʔ²³,暂无
南汇·周浦,撒(撒),[空],sɑʔ⁵⁵,暂无
南汇·周浦,撒(撒),[空],zɑ¹¹³,暂无
南汇·周浦,洒(灑),[空],sɑ⁴⁴,暂无
南汇·周浦,萨(薩),[空],sɑʔ⁵⁵,暂无
南汇·周浦,腮(腮),[空],se⁵²,暂无
南汇·周浦,塞(塞),[空],səʔ⁵⁵,暂无
南汇·周浦,鳃(鰓),[空],se⁵²,暂无
南汇·周浦,赛(賽),[空],se³³⁵,暂无
南汇·周浦,三(三),[空],sɛ⁵²,暂无
南汇·周浦,伞(傘),[空],sɛ⁴⁴,暂无
南汇·周浦,散(散),[空],sɛ³³⁵,暂无
南汇·周浦,散(散),[空],sɛ⁴⁴,暂无
南汇·周浦,桑(桑),[空],sɒ̃⁵²,暂无
南汇·周浦,丧(喪),[空],sɒ̃³³⁵,暂无
南汇·周浦,丧(喪),[空],sɒ̃⁵²,暂无
南汇·周浦,嗓(嗓),[空],sɒ̃⁴⁴,暂无
南汇·周浦,骚(騷),[空],sɔ⁵²,暂无
南汇·周浦,扫(掃),[空],sɔ⁴⁴,暂无
南汇·周浦,嫂(嫂),[空],sɔ⁴⁴,暂无
南汇·周浦,臊(臊),[空],sɔ⁵²,暂无
南汇·周浦,色(色),[空],səʔ⁵⁵,暂无
南汇·周浦,瑟(瑟),[空],səʔ⁵⁵,暂无
南汇·周浦,涩(澀),[空],səʔ⁵⁵,暂无
南汇·周浦,森(森),[空],səŋ⁵²,暂无
南汇·周浦,僧(僧),[空],səŋ⁵²,暂无
南汇·周浦,沙(沙),[空],so⁵²,暂无
南汇·周浦,杀(殺),[空],sɑʔ⁵⁵,暂无
南汇·周浦,纱(紗),[空],so⁵²,暂无
南汇·周浦,厦(廈),[空],ɦɔ¹¹³,暂无
南汇·周浦,筛(篩),[空],sɑ⁵²,暂无
南汇·周浦,晒(曬),[空],so³³⁵,暂无
南汇·周浦,山(山),[空],sɛ⁵²,暂无
南汇·周浦,杉(杉),[空],sɛ⁵²,暂无
南汇·周浦,衫(衫),[空],zɛ¹¹³,暂无
南汇·周浦,闪(閃),[空],se⁴⁴,暂无
南汇·周浦,扇(扇),[空],se³³⁵,暂无
南汇·周浦,善(善),[空],ze¹¹³,暂无
南汇·周浦,商(商),[空],sɒ̃⁵²,暂无
南汇·周浦,伤(傷),[空],sɒ̃⁵²,暂无
南汇·周浦,赏(賞),[空],sɒ̃⁴⁴,暂无
南汇·周浦,上(上),[空],zɒ̃¹¹³,暂无
南汇·周浦,尚(尚),[空],zɒ̃¹¹³,暂无
南汇·周浦,裳(裳),[空],zɒ̃¹¹³,暂无
南汇·周浦,梢(梢),[空],sɔ⁵²,暂无
南汇·周浦,稍(稍),[空],sɔ³³⁵,暂无
南汇·周浦,烧(燒),[空],sɔ⁵²,暂无
南汇·周浦,勺(勺),[空],zoʔ²³,暂无
南汇·周浦,芍(芍),[空],zɑʔ²³,暂无
南汇·周浦,芍(芍),[空],zoʔ²³,暂无
南汇·周浦,韶(韶),[空],zɔ¹¹³,暂无
南汇·周浦,少(少),[空],sɔ³³⁵,暂无
南汇·周浦,少(少),[空],sɔ⁴⁴,暂无
南汇·周浦,绍(紹),[空],zɔ¹¹³,暂无
南汇·周浦,奢(奢),[空],se⁵²,暂无
南汇·周浦,奢(奢),[空],sɤ⁵²,暂无
南汇·周浦,赊(賒),[空],so⁵²,暂无
南汇·周浦,舌(舌),[空],zəʔ²³,暂无
南汇·周浦,佘(佘),[空],zo¹¹³,暂无
南汇·周浦,蛇(蛇),[空],zo¹¹³,暂无
南汇·周浦,舍(舍),[空],se³³⁵,暂无
南汇·周浦,舍(舍),[空],so³³⁵,暂无
南汇·周浦,舍(捨),[空],so⁴⁴,暂无
南汇·周浦,社(社),[空],ze¹¹³,暂无
南汇·周浦,社(社),[空],zo¹¹³,暂无
南汇·周浦,射(射),[空],zɑʔ²³,暂无
南汇·周浦,射(射),[空],zo¹¹³,暂无
南汇·周浦,射(射),[空],zo¹¹³,暂无
南汇·周浦,涉(涉),[空],zəʔ²³,暂无
南汇·周浦,赦(赦),[空],so³³⁵,暂无
南汇·周浦,设(設),[空],səʔ⁵⁵,暂无
南汇·周浦,麝(麝),[空],zo¹¹³,暂无
南汇·周浦,申(申),[空],səŋ⁵²,暂无
南汇·周浦,伸(伸),[空],səŋ⁵²,暂无
南汇·周浦,身(身),[空],səŋ⁵²,暂无
南汇·周浦,深(深),[空],səŋ⁵²,暂无
南汇·周浦,神(神),[空],zəŋ¹¹³,暂无
南汇·周浦,沉(沈),[空],səŋ⁴⁴,暂无
南汇·周浦,审(審),[空],səŋ⁴⁴,暂无
南汇·周浦,婶(嬸),[空],səŋ⁴⁴,暂无
南汇·周浦,甚(甚),[空],zəŋ¹¹³,暂无
南汇·周浦,肾(腎),[空],zəŋ¹¹³,暂无
南汇·周浦,慎(慎),[空],zəŋ¹¹³,暂无
南汇·周浦,升(升),[空],səŋ⁵²,暂无
南汇·周浦,生(生),[空],sᴀ̃⁵²,暂无
南汇·周浦,生(生),[空],səŋ⁵²,暂无
南汇·周浦,牲(牲),[空],sᴀ̃⁵²,暂无
南汇·周浦,牲(牲),[空],səŋ⁵²,暂无
南汇·周浦,声(聲),[空],sᴀ̃⁵²,暂无
南汇·周浦,声(聲),[空],səŋ⁵²,暂无
南汇·周浦,声(聲),[空],səŋ⁵²,暂无
南汇·周浦,绳(繩),[空],zəŋ¹¹³,暂无
南汇·周浦,省(省),[空],ɕiɪŋ⁴⁴,暂无
南汇·周浦,省(省),[空],sᴀ̃⁴⁴,暂无
南汇·周浦,盛(盛),[空],zəŋ¹¹³,暂无
南汇·周浦,剩(剩),[空],zəŋ¹¹³,暂无
南汇·周浦,胜(勝),[空],səŋ³³⁵,暂无
南汇·周浦,圣(聖),[空],səŋ³³⁵,暂无
南汇·周浦,失(失),[空],səʔ⁵⁵,暂无
南汇·周浦,施(施),[空],sɿ⁵²,暂无
南汇·周浦,师(師),[空],sɿ⁵²,暂无
南汇·周浦,狮(獅),[空],sɿ⁵²,暂无
南汇·周浦,诗(詩),[空],sɿ⁵²,暂无
南汇·周浦,湿(濕),[空],səʔ⁵⁵,暂无
南汇·周浦,十(十),[空],ʑəʔ²³,暂无
南汇·周浦,石(石),[空],zɑʔ²³,暂无
南汇·周浦,拾(拾),[空],ʑəʔ²³,暂无
南汇·周浦,拾(拾),[空],ʑɪʔ²³,暂无
南汇·周浦,食(食),[空],zəʔ²³,暂无
南汇·周浦,时(時),[空],zɿ¹¹³,暂无
南汇·周浦,实(實),[空],zəʔ²³,暂无
南汇·周浦,识(識),[空],səʔ⁵⁵,暂无
南汇·周浦,史(史),[空],sɿ⁴⁴,暂无
南汇·周浦,使(使),[空],sɿ⁴⁴,暂无
南汇·周浦,始(始),[空],sɿ⁴⁴,暂无
南汇·周浦,屎(屎),[空],sɿ⁴⁴,暂无
南汇·周浦,士(士),[空],zɿ¹¹³,暂无
南汇·周浦,氏(氏),[空],zɿ¹¹³,暂无
南汇·周浦,示(示),[空],zɿ¹¹³,暂无
南汇·周浦,世(世),[空],sɿ⁵²,暂无
南汇·周浦,市(市),[空],zɿ¹¹³,暂无
南汇·周浦,式(式),[空],səʔ⁵⁵,暂无
南汇·周浦,似(似),[空],zɿ¹¹³,暂无
南汇·周浦,事(事),[空],zɿ¹¹³,暂无
南汇·周浦,柿(柿),[空],zɿ¹¹³,暂无
南汇·周浦,是(是),[空],zɿ¹¹³,暂无
南汇·周浦,室(室),[空],səʔ⁵⁵,暂无
南汇·周浦,视(視),[空],zɿ¹¹³,暂无
南汇·周浦,势(勢),[空],sɿ³³⁴,暂无
南汇·周浦,饰(飾),[空],səʔ⁵⁵,暂无
南汇·周浦,誓(誓),[空],zɿ¹¹³,暂无
南汇·周浦,匙(匙),[空],zɿ¹¹³,暂无
南汇·周浦,收(收),[空],sɤ⁵²,暂无
南汇·周浦,手(手),[空],sɤ⁴⁴,暂无
南汇·周浦,守(守),[空],sɤ⁴⁴,暂无
南汇·周浦,首(首),[空],sɤ⁴⁴,暂无
南汇·周浦,受(受),[空],zɤ¹¹³,暂无
南汇·周浦,授(授),[空],zɤ¹¹³,暂无
南汇·周浦,售(售),[空],zɤ¹¹³,暂无
南汇·周浦,寿(壽),[空],zɤ¹¹³,暂无
南汇·周浦,瘦(瘦),[空],sɤ³³⁵,暂无
南汇·周浦,兽(獸),[空],sɤ³³⁵,暂无
南汇·周浦,叔(叔),[空],soʔ⁵⁵,暂无
南汇·周浦,殊(殊),[空],ʑy¹¹³,暂无
南汇·周浦,书(書),[空],ɕy⁵²,暂无
南汇·周浦,书(書),[空],sɿ⁵²,暂无
南汇·周浦,梳(梳),[空],sɿ⁵²,暂无
南汇·周浦,舒(舒),[空],ɕy⁵²,暂无
南汇·周浦,舒(舒),[空],sɿ⁵²,暂无
南汇·周浦,疏(疏),[空],su⁵²,暂无
南汇·周浦,输(輸),[空],ɕy⁵²,暂无
南汇·周浦,输(輸),[空],sɿ⁵²,暂无
南汇·周浦,熟(熟),[空],zoʔ²³,暂无
南汇·周浦,赎(贖),[空],zoʔ²³,暂无
南汇·周浦,暑(暑),[空],ɕy⁴⁴,暂无
南汇·周浦,署(署),[空],ʑy¹¹³,暂无
南汇·周浦,鼠(鼠),[空],sɿ⁴⁴,暂无
南汇·周浦,属(屬),[空],zoʔ²³,暂无
南汇·周浦,属(屬),[空],zoʔ²³,暂无
南汇·周浦,束(束),[空],soʔ⁵⁵,暂无
南汇·周浦,述(述),[空],zəʔ²³,暂无
南汇·周浦,术(術),[空],zəʔ²³,暂无
南汇·周浦,庶(庶),[空],sɿ³³⁵,暂无
南汇·周浦,漱(漱),[空],sɤ³³⁵,暂无
南汇·周浦,竖(豎),[空],zɿ¹¹³,暂无
南汇·周浦,竖(豎),[空],ʑy¹¹³,暂无
南汇·周浦,数(數),[空],su³³⁵,暂无
南汇·周浦,数(數),[空],su⁴⁴,暂无
南汇·周浦,树(樹),[空],zɿ¹¹³,暂无
南汇·周浦,树(樹),[空],ʑy¹¹³,暂无
南汇·周浦,刷(刷),[空],səʔ⁵⁵,暂无
南汇·周浦,甩(甩),[空],fɛ³³⁵,暂无
南汇·周浦,甩(甩),[空],huɛ³³⁵,暂无
南汇·周浦,帅(帥),[空],sɛ³³⁵,暂无
南汇·周浦,闩(閂),[空],sø⁵²,暂无
南汇·周浦,霜(霜),[空],sɒ̃⁵²,暂无
南汇·周浦,双(雙),[空],sɒ̃⁵²,暂无
南汇·周浦,爽(爽),[空],sɒ̃⁴⁴,暂无
南汇·周浦,谁(誰),[空],zø¹¹³,暂无
南汇·周浦,水(水),[空],sɿ⁴⁴,暂无
南汇·周浦,税(稅),[空],sø³³⁵,暂无
南汇·周浦,睡(睡),[空],zø¹¹³,暂无
南汇·周浦,顺(順),[空],zəŋ¹¹³,暂无
南汇·周浦,说(說),[空],səʔ⁵⁵,暂无
南汇·周浦,说(説),[空],səʔ⁵⁵,暂无
南汇·周浦,朔(朔),[空],sɒʔ⁵⁵,暂无
南汇·周浦,朔(朔),[空],soʔ⁵⁵,暂无
南汇·周浦,司(司),[空],sɿ⁵²,暂无
南汇·周浦,私(私),[空],sɿ⁵²,暂无
南汇·周浦,思(思),[空],sɿ⁵²,暂无
南汇·周浦,丝(絲),[空],sɿ⁵²,暂无
南汇·周浦,死(死),[空],ɕi⁴⁴,暂无
南汇·周浦,死(死),[空],sɿ⁴⁴,暂无
南汇·周浦,四(四),[空],sɿ³³⁵,暂无
南汇·周浦,寺(寺),[空],zɿ¹¹³,暂无
南汇·周浦,肆(肆),[空],sɿ³³⁵,暂无
南汇·周浦,松(松),[空],soŋ⁵²,暂无
南汇·周浦,嵩(嵩),[空],soŋ⁵²,暂无
南汇·周浦,松(鬆),[空],soŋ⁵²,暂无
南汇·周浦,宋(宋),[空],soŋ³³⁵,暂无
南汇·周浦,送(送),[空],soŋ³³⁵,暂无
南汇·周浦,搜(搜),[空],sɤ⁵²,暂无
南汇·周浦,馊(餿),[空],sɤ⁵²,暂无
南汇·周浦,叟(叟),[空],sɤ⁴⁴,暂无
南汇·周浦,酥(酥),[空],su⁵²,暂无
南汇·周浦,苏(蘇),[空],su⁵²,暂无
南汇·周浦,俗(俗),[空],zoʔ²³,暂无
南汇·周浦,素(素),[空],su³³⁵,暂无
南汇·周浦,速(速),[空],soʔ⁵⁵,暂无
南汇·周浦,诉(訴),[空],su³³⁵,暂无
南汇·周浦,塑(塑),[空],soʔ⁵⁵,暂无
南汇·周浦,肃(肅),[空],soʔ⁵⁵,暂无
南汇·周浦,酸(酸),[空],sø⁵²,暂无
南汇·周浦,蒜(蒜),[空],sø³³⁵,暂无
南汇·周浦,算(算),[空],sø³³⁵,暂无
南汇·周浦,虽(雖),[空],sø⁵²,暂无
南汇·周浦,随(隨),[空],zø¹¹³,暂无
南汇·周浦,髓(髓),[空],zø¹¹³,暂无
南汇·周浦,遂(遂),[空],zø¹¹³,暂无
南汇·周浦,碎(碎),[空],se³³⁵,暂无
南汇·周浦,碎(碎),[空],sø³³⁵,暂无
南汇·周浦,岁(歲),[空],sø³³⁵,暂无
南汇·周浦,穗(穗),[空],zø¹¹³,暂无
南汇·周浦,孙(孫),[空],səŋ⁵²,暂无
南汇·周浦,损(損),[空],səŋ⁴⁴,暂无
南汇·周浦,蓑(蓑),[空],su⁵²,暂无
南汇·周浦,嗦(嗦),[空],su⁵²,暂无
南汇·周浦,缩(縮),[空],soʔ⁵⁵,暂无
南汇·周浦,所(所),[空],su⁴⁴,暂无
南汇·周浦,索(索),[空],sɒʔ⁵⁵,暂无
南汇·周浦,锁(鎖),[空],su⁴⁴,暂无
南汇·周浦,他(他),[空],tʰɑ⁵²,暂无
南汇·周浦,塔(塔),[空],tʰɑʔ⁵⁵,暂无
南汇·周浦,獭(獺),[空],tʰɑʔ⁵⁵,暂无
南汇·周浦,拓(搨),[空],tʰɑʔ⁵⁵,暂无
南汇·周浦,踏(踏),[空],dɑʔ²³,暂无
南汇·周浦,胎(胎),[空],tʰe⁵²,暂无
南汇·周浦,苔(苔),[空],de¹¹³,暂无
南汇·周浦,太(太),[空],tʰɑ³³⁵,暂无
南汇·周浦,泰(泰),[空],tʰɑ³³⁵,暂无
南汇·周浦,态(態),[空],tɛ³³⁵,暂无
南汇·周浦,贪(貪),[空],tʰe⁵²,暂无
南汇·周浦,摊(攤),[空],tʰɛ⁵²,暂无
南汇·周浦,滩(灘),[空],tʰɛ⁵²,暂无
南汇·周浦,痰(痰),[空],dɛ¹¹³,暂无
南汇·周浦,谈(談),[空],dɛ¹¹³,暂无
南汇·周浦,潭(潭),[空],dɛ¹¹³,暂无
南汇·周浦,坛(壇),[空],dɛ¹¹³,暂无
南汇·周浦,檀(檀),[空],dɛ¹¹³,暂无
南汇·周浦,谭(譚),[空],dɛ¹¹³,暂无
南汇·周浦,坦(坦),[空],tʰɛ⁴⁴,暂无
南汇·周浦,毯(毯),[空],tʰɛ⁴⁴,暂无
南汇·周浦,炭(炭),[空],tʰɛ³³⁵,暂无
南汇·周浦,探(探),[空],tʰe³³⁵,暂无
南汇·周浦,叹(嘆),[空],tʰɛ³³⁵,暂无
南汇·周浦,叹(歎),[空],tʰɛ³³⁵,暂无
南汇·周浦,汤(湯),[空],tʰɒ̃⁵²,暂无
南汇·周浦,坣(坣),[空],dɒ̃¹¹³,暂无
南汇·周浦,唐(唐),[空],dɒ̃¹¹³,暂无
南汇·周浦,堂(堂),[空],dɒ̃¹¹³,暂无
南汇·周浦,塘(塘),[空],dɒ̃¹¹³,暂无
南汇·周浦,糖(糖),[空],dɒ̃¹¹³,暂无
南汇·周浦,倘(倘),[空],tʰɒ̃⁴⁴,暂无
南汇·周浦,躺(躺),[空],tʰɒ̃⁴⁴,暂无
南汇·周浦,趟(趟),[空],tʰɒ̃³³⁵,暂无
南汇·周浦,烫(燙),[空],tʰɒ̃³³⁵,暂无
南汇·周浦,滔(滔),[空],tʰɔ⁵²,暂无
南汇·周浦,逃(逃),[空],dɔ¹¹³,暂无
南汇·周浦,桃(桃),[空],dɔ¹¹³,暂无
南汇·周浦,陶(陶),[空],dɔ¹¹³,暂无
南汇·周浦,萄(萄),[空],dɔ¹¹³,暂无
南汇·周浦,淘(淘),[空],dɔ¹¹³,暂无
南汇·周浦,讨(討),[空],tʰɔ⁴⁴,暂无
南汇·周浦,套(套),[空],tʰɔ³³⁵,暂无
南汇·周浦,忒(忒),[空],tʰəʔ⁵⁵,暂无
南汇·周浦,特(特),[空],dəʔ²³,暂无
南汇·周浦,藤(藤),[空],dəŋ¹¹³,暂无
南汇·周浦,腾(騰),[空],dəŋ¹¹³,暂无
南汇·周浦,梯(梯),[空],tʰi⁵²,暂无
南汇·周浦,踢(踢),[空],ʔdɪʔ⁵⁵,暂无
南汇·周浦,提(提),[空],di¹¹³,暂无
南汇·周浦,啼(啼),[空],di¹¹³,暂无
南汇·周浦,题(題),[空],di¹¹³,暂无
南汇·周浦,体(體),[空],tʰi⁴⁴,暂无
南汇·周浦,剃(剃),[空],tʰi³³⁵,暂无
南汇·周浦,涕(涕),[空],tʰi³³⁵,暂无
南汇·周浦,屉(屜),[空],tʰi³³⁵,暂无
南汇·周浦,替(替),[空],tʰi³³⁵,暂无
南汇·周浦,天(天),[空],tʰi⁵²,暂无
南汇·周浦,添(添),[空],tʰi⁵²,暂无
南汇·周浦,田(田),[空],di¹¹³,暂无
南汇·周浦,甜(甜),[空],di¹¹³,暂无
南汇·周浦,填(填),[空],di¹¹³,暂无
南汇·周浦,舔(舔),[空],tʰi⁴⁴,暂无
南汇·周浦,挑(挑),[空],tʰiɔ⁵²,暂无
南汇·周浦,条(條),[空],diɔ¹¹³,暂无
南汇·周浦,跳(跳),[空],tʰiɔ³³⁵,暂无
南汇·周浦,帖(帖),[空],tʰiʌʔ⁵⁵,暂无
南汇·周浦,帖(帖),[空],tʰɪʔ⁵⁵,暂无
南汇·周浦,贴(貼),[空],tʰɪʔ⁵⁵,暂无
南汇·周浦,铁(鐵),[空],tʰɪʔ⁵⁵,暂无
南汇·周浦,听(聽),[空],tʰiɪŋ³³⁵,暂无
南汇·周浦,听(聽),[空],tʰiɪŋ⁵²,暂无
南汇·周浦,厅(廳),[空],tʰiɪŋ⁵²,暂无
南汇·周浦,廷(廷),[空],diɪŋ¹¹³,暂无
南汇·周浦,亭(亭),[空],diɪŋ¹¹³,暂无
南汇·周浦,庭(庭),[空],diɪŋ¹¹³,暂无
南汇·周浦,停(停),[空],diɪŋ¹¹³,暂无
南汇·周浦,蜓(蜓),[空],diɪŋ¹¹³,暂无
南汇·周浦,挺(挺),[空],tʰiɪŋ⁴⁴,暂无
南汇·周浦,艇(艇),[空],tʰiɪŋ⁴⁴,暂无
南汇·周浦,通(通),[空],tʰoŋ⁵²,暂无
南汇·周浦,同(同),[空],doŋ¹¹³,暂无
南汇·周浦,童(童),[空],doŋ¹¹³,暂无
南汇·周浦,铜(銅),[空],doŋ¹¹³,暂无
南汇·周浦,桶(桶),[空],doŋ¹¹³,暂无
南汇·周浦,筒(筒),[空],doŋ¹¹³,暂无
南汇·周浦,统(統),[空],tʰoŋ⁴⁴,暂无
南汇·周浦,痛(痛),[空],tʰoŋ³³⁵,暂无
南汇·周浦,偷(偷),[空],tʰɤ⁵²,暂无
南汇·周浦,投(投),[空],dɤ¹¹³,暂无
南汇·周浦,头(頭),[空],dɤ¹¹³,暂无
南汇·周浦,敨(敨),[空],tʰɤ⁵²,暂无
南汇·周浦,透(透),[空],tʰɤ³³⁵,暂无
南汇·周浦,凸(凸),[空],dəʔ²³,暂无
南汇·周浦,秃(禿),[空],tʰɒʔ⁵⁵,暂无
南汇·周浦,突(突),[空],dəʔ²³,暂无
南汇·周浦,徒(徒),[空],du¹¹³,暂无
南汇·周浦,途(途),[空],du¹¹³,暂无
南汇·周浦,涂(塗),[空],du¹¹³,暂无
南汇·周浦,图(圖),[空],du¹¹³,暂无
南汇·周浦,土(土),[空],tʰu⁴⁴,暂无
南汇·周浦,吐(吐),[空],tʰu³³⁵,暂无
南汇·周浦,兔(兔),[空],tʰu³³⁵,暂无
南汇·周浦,团(團),[空],dø¹¹³,暂无
南汇·周浦,团(糰),[空],dø¹¹³,暂无
南汇·周浦,推(推),[空],tʰe⁵²,暂无
南汇·周浦,腿(腿),[空],tʰe³³⁵,暂无
南汇·周浦,退(退),[空],tʰe³³⁵,暂无
南汇·周浦,吞(吞),[空],tʰəŋ⁵²,暂无
南汇·周浦,囤(囤),[空],dəŋ¹¹³,暂无
南汇·周浦,豚(豚),[空],dəŋ¹¹³,暂无
南汇·周浦,饨(飩),[空],dəŋ¹¹³,暂无
南汇·周浦,氽(氽),[空],tʰəŋ⁴⁴,暂无
南汇·周浦,讬(讬),[空],tʰoʔ⁵⁵,暂无
南汇·周浦,托(托),[空],tʰoʔ⁵⁵,暂无
南汇·周浦,拖(拖),[空],tʰu⁵²,暂无
南汇·周浦,脱(脫),[空],tʰəʔ⁵⁵,暂无
南汇·周浦,脱(脫),[空],tʰœʔ⁵⁵,暂无
南汇·周浦,驮(馱),[空],du¹¹³,暂无
南汇·周浦,驼(駝),[空],du¹¹³,暂无
南汇·周浦,妥(妥),[空],tʰu⁴⁴,暂无
南汇·周浦,椭(橢),[空],tʰu⁴⁴,暂无
南汇·周浦,唾(唾),[空],tʰu³³⁵,暂无
南汇·周浦,挖(挖),[空],ʔuɑʔ⁵⁵,暂无
南汇·周浦,挖(挖),[空],ʔʋɑʔ⁵⁵,暂无
南汇·周浦,瓦(瓦),[空],ŋɔ¹¹³,暂无
南汇·周浦,袜(襪),[空],mɑʔ²³,暂无
南汇·周浦,歪(歪),[空],fɑ⁵²,暂无
南汇·周浦,歪(歪),[空],ʔuɛ⁵²,暂无
南汇·周浦,外(外),[空],ŋɑ¹¹³,暂无
南汇·周浦,豌(豌),[空],ʔuɛ⁵²,暂无
南汇·周浦,豌(豌),[空],ʔuø⁵²,暂无
南汇·周浦,弯(彎),[空],ʔuɛ⁵²,暂无
南汇·周浦,湾(灣),[空],ʔuɛ⁵²,暂无
南汇·周浦,丸(丸),[空],ɦue¹¹³,暂无
南汇·周浦,丸(丸),[空],ve¹¹³,暂无
南汇·周浦,完(完),[空],ɦue¹¹³,暂无
南汇·周浦,完(完),[空],ve¹¹³,暂无
南汇·周浦,玩(玩),[空],ɦuɛ¹¹³,暂无
南汇·周浦,玩(玩),[空],mɛ¹¹³,暂无
南汇·周浦,顽(頑),[空],ɦuɛ¹¹³,暂无
南汇·周浦,顽(頑),[空],vɛ¹¹³,暂无
南汇·周浦,晚(晚),[空],ʔuɛ⁴⁴,暂无
南汇·周浦,碗(碗),[空],ʔue⁴⁴,暂无
南汇·周浦,碗(碗),[空],ʔuɛ⁴⁴,暂无
南汇·周浦,万(萬),[空],vɛ¹¹³,暂无
南汇·周浦,腕(腕),[空],ʔuɛ³³⁵,暂无
南汇·周浦,汪(汪),[空],ʔuɒ̃⁵²,暂无
南汇·周浦,汪(汪),[空],ʔʋɒ̃⁵²,暂无
南汇·周浦,亡(亡),[空],ɦuɒ̃¹¹³,暂无
南汇·周浦,亡(亡),[空],vɒ̃¹¹³,暂无
南汇·周浦,王(王),[空],ɦuɒ̃¹¹³,暂无
南汇·周浦,王(王),[空],vɒ̃¹¹³,暂无
南汇·周浦,枉(枉),[空],mɒ̃⁴⁴,暂无
南汇·周浦,枉(枉),[空],ʔuɒ̃⁴⁴,暂无
南汇·周浦,往(往),[空],mɒ̃⁴⁴,暂无
南汇·周浦,往(往),[空],ʔuɒ̃⁴⁴,暂无
南汇·周浦,网(網),[空],mɒ̃¹¹³,暂无
南汇·周浦,妄(妄),[空],mɒ̃¹¹³,暂无
南汇·周浦,妄(妄),[空],vɒ̃¹¹³,暂无
南汇·周浦,忘(忘),[空],mɒ̃¹¹³,暂无
南汇·周浦,忘(忘),[空],vɒ̃¹¹³,暂无
南汇·周浦,旺(旺),[空],ɦiɒ̃¹¹³,暂无
南汇·周浦,旺(旺),[空],vɒ̃¹¹³,暂无
南汇·周浦,望(望),[空],mɒ̃¹¹³,暂无
南汇·周浦,望(望),[空],vɒ̃¹¹³,暂无
南汇·周浦,危(危),[空],ʔue⁵²,暂无
南汇·周浦,威(威),[空],ʔue⁵²,暂无
南汇·周浦,微(微),[空],vi¹¹³,暂无
南汇·周浦,为(爲),[空],ɦue¹¹³,暂无
南汇·周浦,为(爲),[空],ɦue¹¹³,暂无
南汇·周浦,为(爲),[空],ve¹¹³,暂无
南汇·周浦,为(爲),[空],ve¹¹³,暂无
南汇·周浦,桅(桅),[空],ɦue¹¹³,暂无
南汇·周浦,桅(桅),[空],ve¹¹³,暂无
南汇·周浦,帷(帷),[空],ɦu¹¹³,暂无
南汇·周浦,惟(惟),[空],vi¹¹³,暂无
南汇·周浦,围(圍),[空],ɦue¹¹³,暂无
南汇·周浦,围(圍),[空],ɦy¹¹³,暂无
南汇·周浦,为(爲),[空],ɦue¹¹³,暂无
南汇·周浦,为(爲),[空],ɦue¹¹³,暂无
南汇·周浦,为(爲),[空],ve¹¹³,暂无
南汇·周浦,为(爲),[空],ve¹¹³,暂无
南汇·周浦,维(維),[空],vi¹¹³,暂无
南汇·周浦,尾(尾),[空],ȵi¹¹³,暂无
南汇·周浦,尾(尾),[空],vi¹¹³,暂无
南汇·周浦,委(委),[空],ʔue⁴⁴,暂无
南汇·周浦,伪(偽),[空],ɦue¹¹³,暂无
南汇·周浦,伪(偽),[空],ve¹¹³,暂无
南汇·周浦,伟(偉),[空],ve¹¹³,暂无
南汇·周浦,苇(葦),[空],ve¹¹³,暂无
南汇·周浦,伪(僞),[空],ɦue¹¹³,暂无
南汇·周浦,伪(僞),[空],ve¹¹³,暂无
南汇·周浦,未(未),[空],vi¹¹³,暂无
南汇·周浦,位(位),[空],ɦue¹¹³,暂无
南汇·周浦,味(味),[空],mi¹¹³,暂无
南汇·周浦,味(味),[空],vi¹¹³,暂无
南汇·周浦,胃(胃),[空],ɦue¹¹³,暂无
南汇·周浦,喂(喂),[空],ʔue³³⁵,暂无
南汇·周浦,喂(喂),[空],ʔy³³⁵,暂无
南汇·周浦,卫(衛),[空],ɦue¹¹³,暂无
南汇·周浦,谓(謂),[空],ɦue¹¹³,暂无
南汇·周浦,魏(魏),[空],ve¹¹³,暂无
南汇·周浦,温(溫),[空],ʔuəŋ⁵²,暂无
南汇·周浦,温(溫),[空],ʔʋəŋ⁵²,暂无
南汇·周浦,瘟(瘟),[空],ʔuəŋ⁵²,暂无
南汇·周浦,瘟(瘟),[空],ʔʋəŋ⁵²,暂无
南汇·周浦,文(文),[空],vəŋ¹¹³,暂无
南汇·周浦,蚊(蚊),[空],məŋ¹¹³,暂无
南汇·周浦,闻(聞),[空],məŋ¹¹³,暂无
南汇·周浦,闻(聞),[空],vəŋ¹¹³,暂无
南汇·周浦,吻(吻),[空],vəŋ¹¹³,暂无
南汇·周浦,稳(穩),[空],ʔuəŋ⁴⁴,暂无
南汇·周浦,稳(穩),[空],ʔʋəŋ⁴⁴,暂无
南汇·周浦,问(問),[空],məŋ¹¹³,暂无
南汇·周浦,翁(翁),[空],ʔoŋ⁵²,暂无
南汇·周浦,窝(窩),[空],ʔu⁵²,暂无
南汇·周浦,我(我),[空],ɦu¹¹³,暂无
南汇·周浦,我(我),[空],vv̩¹¹³,暂无
南汇·周浦,沃(沃),[空],ʔoʔ⁵⁵,暂无
南汇·周浦,卧(臥),[空],ŋu¹¹³,暂无
南汇·周浦,握(握),[空],ʔoʔ⁵⁵,暂无
南汇·周浦,巫(巫),[空],ʔu⁵²,暂无
南汇·周浦,巫(巫),[空],ʔvv̩⁵²,暂无
南汇·周浦,屋(屋),[空],ʔoʔ⁵⁵,暂无
南汇·周浦,乌(烏),[空],ʔu⁵²,暂无
南汇·周浦,乌(烏),[空],ʔʋv̩⁵²,暂无
南汇·周浦,吾(吾),[空],ɦu¹¹³,暂无
南汇·周浦,吾(吾),[空],vv̩¹¹³,暂无
南汇·周浦,吴(吳),[空],vu¹¹³,暂无
南汇·周浦,梧(梧),[空],vv̩¹¹³,暂无
南汇·周浦,无(無),[空],vv̩¹¹³,暂无
南汇·周浦,蜈(蜈),[空],vv̩¹¹³,暂无
南汇·周浦,五(五),[空],ɦŋ̇¹¹³,暂无
南汇·周浦,午(午),[空],ɦŋ̇¹¹³,暂无
南汇·周浦,午(午),[空],vu¹¹³,暂无
南汇·周浦,武(武),[空],vv̩¹¹³,暂无
南汇·周浦,舞(舞),[空],ɦu¹¹³,暂无
南汇·周浦,舞(舞),[空],vv̩¹¹³,暂无
南汇·周浦,勿(勿),[空],ʔvəʔ⁵⁵,暂无
南汇·周浦,物(物),[空],vəʔ²³,暂无
南汇·周浦,悟(悟),[空],vv̩¹¹³,暂无
南汇·周浦,务(務),[空],ɦu¹¹³,暂无
南汇·周浦,务(務),[空],vv̩¹¹³,暂无
南汇·周浦,误(誤),[空],vv̩¹¹³,暂无
南汇·周浦,雾(霧),[空],ɦu¹¹³,暂无
南汇·周浦,夕(夕),[空],ʑɪʔ²³,暂无
南汇·周浦,西(西),[空],ɕi⁵²,暂无
南汇·周浦,吸(吸),[空],ɕɪʔ⁵⁵,暂无
南汇·周浦,希(希),[空],ɕi⁵²,暂无
南汇·周浦,昔(昔),[空],ɕɪʔ⁵⁵,暂无
南汇·周浦,析(析),[空],ɕɪʔ⁵⁵,暂无
南汇·周浦,息(息),[空],ɕɪʔ⁵⁵,暂无
南汇·周浦,奚(奚),[空],ɕi⁵²,暂无
南汇·周浦,奚(奚),[空],ɦi¹¹³,暂无
南汇·周浦,惜(惜),[空],ɕɪʔ⁵⁵,暂无
南汇·周浦,稀(稀),[空],ɕi⁵²,暂无
南汇·周浦,溪(溪),[空],tɕʰi⁵²,暂无
南汇·周浦,熄(熄),[空],ɕɪʔ⁵⁵,暂无
南汇·周浦,锡(錫),[空],ɕɪʔ⁵⁵,暂无
南汇·周浦,牺(犧),[空],ɕi⁵²,暂无
南汇·周浦,席(席),[空],ʑɪʔ²³,暂无
南汇·周浦,习(習),[空],ʑɪʔ²³,暂无
南汇·周浦,袭(襲),[空],ʑɪʔ²³,暂无
南汇·周浦,洗(洗),[空],ɕi⁴⁴,暂无
南汇·周浦,喜(喜),[空],ɕi⁴⁴,暂无
南汇·周浦,系(系),[空],ɦi¹¹³,暂无
南汇·周浦,系(係),[空],ɦi¹¹³,暂无
南汇·周浦,细(細),[空],ɕi³³⁵,暂无
南汇·周浦,戏(戲),[空],ɕi³⁵,暂无
南汇·周浦,瞎(瞎),[空],hɑʔ⁵⁵,暂无
南汇·周浦,虾(蝦),[空],hø⁵²,暂无
南汇·周浦,匣(匣),[空],ɦɑʔ²³,暂无
南汇·周浦,侠(俠),[空],ɦiɑʔ²³,暂无
南汇·周浦,狭(狹),[空],ɦɑʔ²³,暂无
南汇·周浦,辖(轄),[空],ɦɑʔ²³,暂无
南汇·周浦,霞(霞),[空],ʑiɑ¹¹³,暂无
南汇·周浦,下(下),[空],ɦɔ¹¹³,暂无
南汇·周浦,下(下),[空],ɦɔ¹¹³,暂无
南汇·周浦,下(下),[空],ɦo¹¹³,暂无
南汇·周浦,下(下),[空],ɦo¹¹³,暂无
南汇·周浦,夏(夏),[空],ɦɔ¹¹³,暂无
南汇·周浦,吓(嚇),[空],hɑʔ⁵⁵,暂无
南汇·周浦,仙(仙),[空],ɕi⁵²,暂无
南汇·周浦,屳(屳),[空],ɕi⁵²,暂无
南汇·周浦,先(先),[空],ɕi⁵²,暂无
南汇·周浦,掀(掀),[空],ɕi⁵²,暂无
南汇·周浦,鲜(鮮),[空],ɕi⁵²,暂无
南汇·周浦,闲(閑),[空],ɦɛ¹¹³,暂无
南汇·周浦,嫌(嫌),[空],ɦi¹¹³,暂无
南汇·周浦,衔(銜),[空],ɦɛ¹¹³,暂无
南汇·周浦,险(險),[空],ɕi⁴⁴,暂无
南汇·周浦,显(顯),[空],ɕi⁴⁴,暂无
南汇·周浦,限(限),[空],ɦɛ¹¹³,暂无
南汇·周浦,陷(陷),[空],ɦɛ¹¹³,暂无
南汇·周浦,陷(陷),[空],ɦiɛ¹¹³,暂无
南汇·周浦,现(現),[空],ɦi¹¹³,暂无
南汇·周浦,羡(羨),[空],ɦi¹¹³,暂无
南汇·周浦,线(綫),[空],ɕi³³⁵,暂无
南汇·周浦,县(縣),[空],ɦyø¹¹³,暂无
南汇·周浦,馅(餡),[空],ɦɛ¹¹³,暂无
南汇·周浦,献(獻),[空],ɕi³³⁵,暂无
南汇·周浦,相(相),[空],ɕiᴀ̃³³⁵,暂无
南汇·周浦,相(相),[空],ɕiᴀ̃⁵²,暂无
南汇·周浦,香(香),[空],ɕiᴀ̃⁵²,暂无
南汇·周浦,乡(鄉),[空],ɕiᴀ̃⁵²,暂无
南汇·周浦,厢(廂),[空],ɕiᴀ̃⁵²,暂无
南汇·周浦,箱(箱),[空],ɕiᴀ̃⁵²,暂无
南汇·周浦,襄(襄),[空],ɕiᴀ̃⁵²,暂无
南汇·周浦,祥(祥),[空],ɦiᴀ̃¹¹³,暂无
南汇·周浦,祥(祥),[空],ʑiᴀ̃¹¹³,暂无
南汇·周浦,详(詳),[空],ɦiᴀ̃¹¹³,暂无
南汇·周浦,详(詳),[空],ʑiᴀ̃¹¹³,暂无
南汇·周浦,享(享),[空],ɕiᴀ̃⁴⁴,暂无
南汇·周浦,想(想),[空],ɕiᴀ̃⁴⁴,暂无
南汇·周浦,响(響),[空],ɕiᴀ̃⁴⁴,暂无
南汇·周浦,向(向),[空],ɕiᴀ̃³³⁵,暂无
南汇·周浦,巷(巷),[空],ɦɒ̃¹¹³,暂无
南汇·周浦,象(象),[空],ʑiᴀ̃¹¹³,暂无
南汇·周浦,项(項),[空],ɦɒ̃¹¹³,暂无
南汇·周浦,像(像),[空],ɦiᴀ̃¹¹³,暂无
南汇·周浦,像(像),[空],ʑiᴀ̃¹¹³,暂无
南汇·周浦,消(消),[空],ɕiɔ⁵²,暂无
南汇·周浦,宵(宵),[空],ɕiɔ⁵²,暂无
南汇·周浦,销(銷),[空],ɕiɔ⁵²,暂无
南汇·周浦,萧(蕭),[空],ɕiɔ⁵²,暂无
南汇·周浦,嚣(囂),[空],ɕiɔ⁵²,暂无
南汇·周浦,小(小),[空],ɕiɔ⁴⁴,暂无
南汇·周浦,晓(曉),[空],ɕiɔ⁴⁴,暂无
南汇·周浦,孝(孝),[空],ɕiɔ³³⁵,暂无
南汇·周浦,校(校),[空],ɦiɔ¹¹³,暂无
南汇·周浦,校(校),[空],tɕiɔ³³⁵,暂无
南汇·周浦,笑(笑),[空],ɕiɔ³³⁵,暂无
南汇·周浦,些(些),[空],ɕiɛ⁵²,暂无
南汇·周浦,些(些),[空],ɕiʔ⁵⁵,暂无
南汇·周浦,歇(歇),[空],ɕɪʔ⁵⁵,暂无
南汇·周浦,邪(邪),[空],ɦiɑ¹¹³,暂无
南汇·周浦,邪(邪),[空],ʑiɑ¹¹³,暂无
南汇·周浦,协(協),[空],ɦiɑʔ²³,暂无
南汇·周浦,挟(挾),[空],tɕɪʔ⁵⁵,暂无
南汇·周浦,胁(脅),[空],ɕɪʔ⁵⁵,暂无
南汇·周浦,斜(斜),[空],ʑiɑ¹¹³,暂无
南汇·周浦,鞋(鞋),[空],ɦɑ¹¹³,暂无
南汇·周浦,谐(諧),[空],ɦiɛ¹¹³,暂无
南汇·周浦,写(寫),[空],ɕiɑ⁴⁴,暂无
南汇·周浦,卸(卸),[空],ɕiɑ³³⁵,暂无
南汇·周浦,屑(屑),[空],ɕɪʔ⁵⁵,暂无
南汇·周浦,谢(謝),[空],ʑiɑ¹¹³,暂无
南汇·周浦,泻(瀉),[空],ɕiɑ³³⁵,暂无
南汇·周浦,蟹(蟹),[空],hɑ⁴⁴,暂无
南汇·周浦,心(心),[空],ɕiɪŋ⁵²,暂无
南汇·周浦,辛(辛),[空],ɕiɪŋ⁵²,暂无
南汇·周浦,欣(欣),[空],ɕiɪŋ⁵²,暂无
南汇·周浦,新(新),[空],ɕiɪŋ⁵²,暂无
南汇·周浦,信(信),[空],ɕiɪŋ³³⁵,暂无
南汇·周浦,星(星),[空],ɕiɪŋ⁵²,暂无
南汇·周浦,腥(腥),[空],ɕiɪŋ⁵²,暂无
南汇·周浦,形(形),[空],ɦiɪŋ¹¹³,暂无
南汇·周浦,型(型),[空],ɦiɪŋ¹¹³,暂无
南汇·周浦,醒(醒),[空],ɕiɪŋ⁴⁴,暂无
南汇·周浦,杏(杏),[空],ɦᴀ̃¹¹³,暂无
南汇·周浦,幸(幸),[空],ɦiɪŋ¹¹³,暂无
南汇·周浦,性(性),[空],ɕiɪŋ³³⁵,暂无
南汇·周浦,姓(姓),[空],ɕiɪŋ³³⁵,暂无
南汇·周浦,兴(興),[空],ɕiɪŋ³³⁵,暂无
南汇·周浦,兴(興),[空],ɕiɪŋ⁵²,暂无
南汇·周浦,凶(凶),[空],ɕioŋ⁵²,暂无
南汇·周浦,兄(兄),[空],ɕioŋ⁵²,暂无
南汇·周浦,胸(胸),[空],ɕioŋ⁵²,暂无
南汇·周浦,雄(雄),[空],ɦioŋ¹¹³,暂无
南汇·周浦,熊(熊),[空],ɦioŋ¹¹³,暂无
南汇·周浦,休(休),[空],ɕiɤ⁵²,暂无
南汇·周浦,修(修),[空],ɕiɤ⁵²,暂无
南汇·周浦,羞(羞),[空],ɕiɤ⁵²,暂无
南汇·周浦,朽(朽),[空],ɕiɤ⁴⁴,暂无
南汇·周浦,宿(宿),[空],ɕiɤ³³⁵,暂无
南汇·周浦,宿(宿),[空],soʔ⁵⁵,暂无
南汇·周浦,秀(秀),[空],ɕiɤ³³⁵,暂无
南汇·周浦,袖(袖),[空],ʑiɤ¹¹³,暂无
南汇·周浦,嗅(嗅),[空],ɕiɤ³³⁵,暂无
南汇·周浦,绣(綉),[空],ɕiɤ³³⁵,暂无
南汇·周浦,绣(繡),[空],ɕiɤ³³⁵,暂无
南汇·周浦,虚(虛),[空],ɕy⁵²,暂无
南汇·周浦,须(須),[空],ɕy⁵²,暂无
南汇·周浦,需(需),[空],ɕy⁵²,暂无
南汇·周浦,须(鬚),[空],ɕy⁵²,暂无
南汇·周浦,徐(徐),[空],ʑi¹¹³,暂无
南汇·周浦,徐(徐),[空],ʑy¹¹³,暂无
南汇·周浦,序(序),[空],ʑy¹¹³,暂无
南汇·周浦,壻(壻),[空],ɕi³³⁵,暂无
南汇·周浦,婿(婿),[空],ɕi³³⁵,暂无
南汇·周浦,蓄(蓄),[空],ɕioʔ⁵⁵,暂无
南汇·周浦,绪(緒),[空],ʑy¹¹³,暂无
南汇·周浦,续(續),[空],zoʔ²³,暂无
南汇·周浦,宣(宣),[空],ɕi⁵²,暂无
南汇·周浦,轩(軒),[空],ɕi⁵²,暂无
南汇·周浦,喧(喧),[空],ɕyø⁵²,暂无
南汇·周浦,玄(玄),[空],ɦyø¹¹³,暂无
南汇·周浦,旋(旋),[空],ʑi¹¹³,暂无
南汇·周浦,悬(懸),[空],ɦyø¹¹³,暂无
南汇·周浦,选(選),[空],ɕi⁴⁴,暂无
南汇·周浦,癣(癬),[空],ɕi⁴⁴,暂无
南汇·周浦,削(削),[空],ɕiɑʔ⁵⁵,暂无
南汇·周浦,靴(靴),[空],ɕyø⁵²,暂无
南汇·周浦,穴(穴),[空],ɦioʔ²³,暂无
南汇·周浦,穴(穴),[空],ɦyɪʔ²³,暂无
南汇·周浦,学(學),[空],ɦɒʔ²³,暂无
南汇·周浦,学(學),[空],ɦiɑʔ²³,暂无
南汇·周浦,学(學),[空],ɦoʔ²³,暂无
南汇·周浦,雪(雪),[空],ɕɪʔ⁵⁵,暂无
南汇·周浦,雪(雪),[空],ɕyɪʔ⁵⁵,暂无
南汇·周浦,血(血),[空],ɕyɪʔ⁵⁵,暂无
南汇·周浦,熏(熏),[空],ɕioŋ⁵²,暂无
南汇·周浦,薰(薰),[空],ɕioŋ⁵²,暂无
南汇·周浦,旬(旬),[空],ʑiɪŋ¹¹³,暂无
南汇·周浦,旬(旬),[空],ʑyɪŋ¹¹³,暂无
南汇·周浦,巡(巡),[空],ʑiɪŋ¹¹³,暂无
南汇·周浦,巡(巡),[空],ʑioŋ¹¹³,暂无
南汇·周浦,寻(尋),[空],ʑiɪŋ¹¹³,暂无
南汇·周浦,殉(殉),[空],ʑiɪŋ¹¹³,暂无
南汇·周浦,殉(殉),[空],ʑyɪn¹¹³,暂无
南汇·周浦,训(訓),[空],ɕioŋ³³⁵,暂无
南汇·周浦,逊(遜),[空],ɕyɪn³³⁵,暂无
南汇·周浦,逊(遜),[空],səŋ³³⁵,暂无
南汇·周浦,丫(丫),[空],ʔɔ⁵²,暂无
南汇·周浦,押(押),[空],ʔɑʔ⁵⁵,暂无
南汇·周浦,鸦(鴉),[空],ʔiɑ⁵²,暂无
南汇·周浦,鸭(鴨),[空],ʔɑʔ⁵⁵,暂无
南汇·周浦,压(壓),[空],ʔɑʔ⁵⁵,暂无
南汇·周浦,牙(牙),[空],ŋɑ¹¹³,暂无
南汇·周浦,芽(芽),[空],ŋɑ¹¹³,暂无
南汇·周浦,崖(崖),[空],ɦiɑ¹¹³,暂无
南汇·周浦,衙(衙),[空],ɦiɑ¹¹³,暂无
南汇·周浦,衙(衙),[空],ŋɑ¹¹³,暂无
南汇·周浦,哑(啞),[空],ʔɔ⁴⁴,暂无
南汇·周浦,雅(雅),[空],ʔiɑ⁴⁴,暂无
南汇·周浦,亚(亞),[空],ʔiɑ⁵²,暂无
南汇·周浦,轧(軋),[空],ɡɑʔ²³,暂无
南汇·周浦,轧(軋),[空],ɡɑʔ²³,暂无
南汇·周浦,淹(淹),[空],ʔi⁵²,暂无
南汇·周浦,烟(煙),[空],ʔi⁵²,暂无
南汇·周浦,言(言),[空],ɦi¹¹³,暂无
南汇·周浦,炎(炎),[空],ɦi¹¹³,暂无
南汇·周浦,沿(沿),[空],ɦi¹¹³,暂无
南汇·周浦,研(研),[空],ʔȵi⁵²,暂无
南汇·周浦,颜(顏),[空],ŋɛ¹¹³,暂无
南汇·周浦,颜(顔),[空],ŋɛ¹¹³,暂无
南汇·周浦,严(嚴),[空],ȵi¹¹³,暂无
南汇·周浦,盐(鹽),[空],ɦi¹¹³,暂无
南汇·周浦,掩(掩),[空],ʔi⁴⁴,暂无
南汇·周浦,眼(眼),[空],ŋɛ¹¹³,暂无
南汇·周浦,演(演),[空],ʔi⁴⁴,暂无
南汇·周浦,晏(晏),[空],ʔĘ³³⁵,暂无
南汇·周浦,晏(晏),[空],ʔi³³⁵,暂无
南汇·周浦,雁(雁),[空],ʔi³³⁵,暂无
南汇·周浦,焰(焰),[空],ɦi¹¹³,暂无
南汇·周浦,厌(厭),[空],ʔi³³⁵,暂无
南汇·周浦,燕(燕),[空],ʔi³³⁵,暂无
南汇·周浦,验(驗),[空],ȵi¹¹³,暂无
南汇·周浦,艳(豔),[空],ɦi¹¹³,暂无
南汇·周浦,央(央),[空],ʔiᴀ̃⁵²,暂无
南汇·周浦,殃(殃),[空],ʔiᴀ̃⁵²,暂无
南汇·周浦,秧(秧),[空],ʔiᴀ̃⁵²,暂无
南汇·周浦,羊(羊),[空],ɦiᴀ̃¹¹³,暂无
南汇·周浦,洋(洋),[空],ɦiᴀ̃¹¹³,暂无
南汇·周浦,阳(陽),[空],ɦiᴀ̃¹¹³,暂无
南汇·周浦,杨(楊),[空],ɦiᴀ̃¹¹³,暂无
南汇·周浦,仰(仰),[空],ȵiᴀ̃¹¹³,暂无
南汇·周浦,养(養),[空],ɦiᴀ̃¹¹³,暂无
南汇·周浦,痒(癢),[空],ɦiᴀ̃¹¹³,暂无
南汇·周浦,样(樣),[空],ɦiᴀ̃¹¹³,暂无
南汇·周浦,妖(妖),[空],ʔiɔ⁵²,暂无
南汇·周浦,腰(腰),[空],ʔiɔ⁵²,暂无
南汇·周浦,邀(邀),[空],ʔiɔ⁵²,暂无
南汇·周浦,肴(肴),[空],ɦiɔ¹¹³,暂无
南汇·周浦,尧(堯),[空],ɦiɔ¹¹³,暂无
南汇·周浦,摇(搖),[空],ɦiɔ¹¹³,暂无
南汇·周浦,謡(謡),[空],ɦiɔ¹¹³,暂无
南汇·周浦,谣(謠),[空],ɦiɔ¹¹³,暂无
南汇·周浦,咬(咬),[空],ŋɔ¹¹³,暂无
南汇·周浦,舀(舀),[空],ɦiɔ¹¹³,暂无
南汇·周浦,要(要),[空],ʔiɔ³³⁵,暂无
南汇·周浦,药(藥),[空],ɦiɑʔ²³,暂无
南汇·周浦,耀(耀),[空],ɦiɔ¹¹³,暂无
南汇·周浦,噎(噎),[空],ʔɪʔ⁵⁵,暂无
南汇·周浦,爷(爺),[空],ɦiɑ¹¹³,暂无
南汇·周浦,也(也),[空],ɦɑ¹¹³,暂无
南汇·周浦,也(也),[空],ɦiɛ¹¹³,暂无
南汇·周浦,野(野),[空],ɦiɑ¹¹³,暂无
南汇·周浦,夜(夜),[空],ɦiɑ¹¹³,暂无
南汇·周浦,页(頁),[空],ɦɪʔ²³,暂无
南汇·周浦,液(液),[空],ɦɪʔ²³,暂无
南汇·周浦,叶(葉),[空],ɦɪʔ²³,暂无
南汇·周浦,业(業),[空],ȵɪʔ²³,暂无
南汇·周浦,一(一),[空],ʔiɪʔ⁵⁵,暂无
南汇·周浦,伊(伊),[空],ɦi¹¹³,暂无
南汇·周浦,衣(衣),[空],ʔi⁵²,暂无
南汇·周浦,依(依),[空],ʔi⁵²,暂无
南汇·周浦,揖(揖),[空],ʔiʔ⁵⁵,暂无
南汇·周浦,医(醫),[空],ʔi⁵²,暂无
南汇·周浦,夷(夷),[空],ɦi¹¹³,暂无
南汇·周浦,宜(宜),[空],ȵi¹¹³,暂无
南汇·周浦,姨(姨),[空],ɦi¹¹³,暂无
南汇·周浦,移(移),[空],ɦi¹¹³,暂无
南汇·周浦,疑(疑),[空],ȵi¹¹³,暂无
南汇·周浦,遗(遺),[空],ɦi¹¹³,暂无
南汇·周浦,乙(乙),[空],ʔiɪʔ⁵⁵,暂无
南汇·周浦,乙(乙),[空],ʔɪʔ⁵⁵,暂无
南汇·周浦,已(已),[空],ʔi⁴⁴,暂无
南汇·周浦,以(以),[空],ʔi⁴⁴,暂无
南汇·周浦,矣(矣),[空],ʔi⁴⁴,暂无
南汇·周浦,倚(倚),[空],ʔi⁴⁴,暂无
南汇·周浦,椅(椅),[空],ʔi⁴⁴,暂无
南汇·周浦,蚁(蟻),[空],ȵi¹¹³,暂无
南汇·周浦,亦(亦),[空],ɦɪʔ²³,暂无
南汇·周浦,抑(抑),[空],ʔɪʔ⁵⁵,暂无
南汇·周浦,邑(邑),[空],ʔiʔ⁵⁵,暂无
南汇·周浦,役(役),[空],ɦɪʔ²³,暂无
南汇·周浦,易(易),[空],ɦi¹¹³,暂无
南汇·周浦,易(易),[空],ɦɪʔ²³,暂无
南汇·周浦,疫(疫),[空],ɦɪʔ²³,暂无
南汇·周浦,益(益),[空],ʔiɪʔ⁵⁵,暂无
南汇·周浦,益(益),[空],ʔɪʔ⁵⁵,暂无
南汇·周浦,异(異),[空],ɦi¹¹³,暂无
南汇·周浦,意(意),[空],ʔi³³⁵,暂无
南汇·周浦,义(義),[空],ȵi¹¹³,暂无
南汇·周浦,亿(億),[空],ʔi³³⁵,暂无
南汇·周浦,毅(毅),[空],ȵi¹¹³,暂无
南汇·周浦,忆(憶),[空],ʔi³³⁵,暂无
南汇·周浦,翼(翼),[空],ɦɪʔ²³,暂无
南汇·周浦,艺(藝),[空],ȵi¹¹³,暂无
南汇·周浦,译(譯),[空],ɦɪʔ²³,暂无
南汇·周浦,议(議),[空],ȵi¹¹³,暂无
南汇·周浦,因(因),[空],ʔiɪŋ⁵²,暂无
南汇·周浦,音(音),[空],ʔiɪŋ⁵²,暂无
南汇·周浦,阴(陰),[空],ʔiɪŋ⁵²,暂无
南汇·周浦,荫(蔭),[空],ʔiɪŋ³³⁵,暂无
南汇·周浦,淫(淫),[空],ɦiɪŋ¹¹³,暂无
南汇·周浦,银(銀),[空],ȵiɪŋ¹¹³,暂无
南汇·周浦,引(引),[空],ɦiɪŋ¹¹³,暂无
南汇·周浦,饮(飲),[空],ʔiɪŋ⁴⁴,暂无
南汇·周浦,隐(隱),[空],ʔiɪŋ⁴⁴,暂无
南汇·周浦,瘾(癮),[空],ʔiɪŋ⁴⁴,暂无
南汇·周浦,印(印),[空],ʔiɪŋ³³⁵,暂无
南汇·周浦,英(英),[空],ʔiɪŋ⁵²,暂无
南汇·周浦,樱(櫻),[空],ʔiɪŋ⁵²,暂无
南汇·周浦,鹦(鸚),[空],ʔᴀ̃⁵²,暂无
南汇·周浦,鹦(鸚),[空],ʔiɪŋ⁵²,暂无
南汇·周浦,迎(迎),[空],ȵiɪŋ¹¹³,暂无
南汇·周浦,蝇(蠅),[空],ɦiɪŋ¹¹³,暂无
南汇·周浦,赢(贏),[空],ɦiɪŋ¹¹³,暂无
南汇·周浦,影(影),[空],ʔiɪŋ⁴⁴,暂无
南汇·周浦,映(映),[空],ʔiᴀ̃³³⁵,暂无
南汇·周浦,硬(硬),[空],ŋᴀ̃¹¹³,暂无
南汇·周浦,应(應),[空],ʔiɪŋ³³⁵,暂无
南汇·周浦,应(應),[空],ʔiɪŋ⁵²,暂无
南汇·周浦,雍(雍),[空],ʔioŋ⁵²,暂无
南汇·周浦,永(永),[空],ʔioŋ⁴⁴,暂无
南汇·周浦,泳(泳),[空],ʔioŋ⁴⁴,暂无
南汇·周浦,用(用),[空],ɦioŋ¹¹³,暂无
南汇·周浦,幽(幽),[空],ʔiɤ⁵²,暂无
南汇·周浦,忧(憂),[空],ʔiɤ⁵²,暂无
南汇·周浦,优(優),[空],ʔiɤ⁵²,暂无
南汇·周浦,由(由),[空],ɦiɤ¹¹³,暂无
南汇·周浦,油(油),[空],ɦiɤ¹¹³,暂无
南汇·周浦,邮(郵),[空],ɦiɤ¹¹³,暂无
南汇·周浦,犹(猶),[空],ɦiɤ¹¹³,暂无
南汇·周浦,游(遊),[空],ɦiɤ¹¹³,暂无
南汇·周浦,友(友),[空],ɦiɤ¹¹³,暂无
南汇·周浦,有(有),[空],ɦiɤ¹¹³,暂无
南汇·周浦,酉(酉),[空],ɦiɤ¹¹³,暂无
南汇·周浦,又(又),[空],ɦiɤ¹¹³,暂无
南汇·周浦,右(右),[空],ɦiɤ¹¹³,暂无
南汇·周浦,幼(幼),[空],ʔiɤ³³⁵,暂无
南汇·周浦,诱(誘),[空],ɦiɤ¹¹³,暂无
南汇·周浦,迂(迂),[空],ʔy⁵²,暂无
南汇·周浦,于(於),[空],ʔy⁵²,暂无
南汇·周浦,娱(娛),[空],ɦy¹¹³,暂无
南汇·周浦,鱼(魚),[空],ɦŋ̇¹¹³,暂无
南汇·周浦,虞(虞),[空],ɦy¹¹³,暂无
南汇·周浦,愚(愚),[空],ɦy¹¹³,暂无
南汇·周浦,余(餘),[空],ɦy¹¹³,暂无
南汇·周浦,宇(宇),[空],ɦy¹¹³,暂无
南汇·周浦,羽(羽),[空],ɦy¹¹³,暂无
南汇·周浦,雨(雨),[空],ɦy¹¹³,暂无
南汇·周浦,禹(禹),[空],ɦy¹¹³,暂无
南汇·周浦,语(語),[空],ȵy¹¹³,暂无
南汇·周浦,玉(玉),[空],ȵioʔ²³,暂无
南汇·周浦,育(育),[空],ʔioʔ⁵⁵,暂无
南汇·周浦,浴(浴),[空],ɦioʔ²³,暂无
南汇·周浦,遇(遇),[空],ȵy¹¹³,暂无
南汇·周浦,喻(喻),[空],ɦy¹¹³,暂无
南汇·周浦,寓(寓),[空],ɦy¹¹³,暂无
南汇·周浦,裕(裕),[空],ɦy¹¹³,暂无
南汇·周浦,愈(愈),[空],ɦy¹¹³,暂无
南汇·周浦,预(預),[空],ɦy¹¹³,暂无
南汇·周浦,狱(獄),[空],ɦioʔ²³,暂无
南汇·周浦,欲(慾),[空],ɦioʔ²³,暂无
南汇·周浦,郁(鬱),[空],ʔioʔ⁵⁵,暂无
南汇·周浦,冤(冤),[空],ʔyø⁵²,暂无
南汇·周浦,元(元),[空],ȵyø¹¹³,暂无
南汇·周浦,原(原),[空],ȵyø¹¹³,暂无
南汇·周浦,员(員),[空],ɦyø¹¹³,暂无
南汇·周浦,援(援),[空],ɦyø¹¹³,暂无
南汇·周浦,园(園),[空],ɦyø¹¹³,暂无
南汇·周浦,圆(圓),[空],ɦyø¹¹³,暂无
南汇·周浦,源(源),[空],ȵyø¹¹³,暂无
南汇·周浦,缘(緣),[空],ɦyø¹¹³,暂无
南汇·周浦,远(遠),[空],ɦyø¹¹³,暂无
南汇·周浦,怨(怨),[空],ʔyø³³⁵,暂无
南汇·周浦,院(院),[空],ɦyø¹¹³,暂无
南汇·周浦,愿(願),[空],ȵyø¹¹³,暂无
南汇·周浦,曰(曰),[空],ɦyɪʔ²³,暂无
南汇·周浦,约(約),[空],ʔiɑʔ⁵⁵,暂无
南汇·周浦,月(月),[空],ȵioʔ²³,暂无
南汇·周浦,月(月),[空],ȵyɪʔ²³,暂无
南汇·周浦,悦(悅),[空],ɦyɪʔ²³,暂无
南汇·周浦,越(越),[空],ɦyɪʔ²³,暂无
南汇·周浦,粤(粵),[空],ɦioʔ²³,暂无
南汇·周浦,粤(粵),[空],ɦyɪʔ²³,暂无
南汇·周浦,阅(閱),[空],ɦyɪʔ²³,暂无
南汇·周浦,阅(閲),[空],ɦyɪʔ²³,暂无
南汇·周浦,乐(樂),[空],lɒʔ²³,暂无
南汇·周浦,岳(嶽),[空],ɦioʔ²³,暂无
南汇·周浦,匀(勻),[空],ɦioŋ¹¹³,暂无
南汇·周浦,云(雲),[空],ɦioŋ¹¹³,暂无
南汇·周浦,允(允),[空],ʔioŋ⁴⁴,暂无
南汇·周浦,孕(孕),[空],ɦioŋ¹¹³,暂无
南汇·周浦,运(運),[空],ɦioŋ¹¹³,暂无
南汇·周浦,熨(熨),[空],ʔiɪŋ³³⁵,暂无
南汇·周浦,韵(韻),[空],ɦioŋ¹¹³,暂无
南汇·周浦,杂(雜),[空],zɑʔ²³,暂无
南汇·周浦,灾(災),[空],tse⁵²,暂无
南汇·周浦,哉(哉),[空],tse⁵²,暂无
南汇·周浦,栽(栽),[空],tse⁵²,暂无
南汇·周浦,宰(宰),[空],tse⁴⁴,暂无
南汇·周浦,载(載),[空],tse³³⁵,暂无
南汇·周浦,再(再),[空],tse³³⁵,暂无
南汇·周浦,在(在),[空],ze¹¹³,暂无
南汇·周浦,簪(簪),[空],tsø⁵²,暂无
南汇·周浦,暂(暫),[空],zɛ¹¹³,暂无
南汇·周浦,赞(贊),[空],tsɛ³³⁵,暂无
南汇·周浦,脏(髒),[空],tsɒ̃⁵²,暂无
南汇·周浦,葬(葬),[空],tsɒ̃³³⁵,暂无
南汇·周浦,遭(遭),[空],tsɔ⁵²,暂无
南汇·周浦,糟(糟),[空],tsɔ⁵²,暂无
南汇·周浦,凿(鑿),[空],zɒʔ²³,暂无
南汇·周浦,凿(鑿),[空],zoʔ²³,暂无
南汇·周浦,早(早),[空],tsɔ⁴⁴,暂无
南汇·周浦,蚤(蚤),[空],tsɔ⁴⁴,暂无
南汇·周浦,枣(棗),[空],tsɔ⁴⁴,暂无
南汇·周浦,缲(繰),[空],tɕʰiɔ⁵²,暂无
南汇·周浦,皂(皂),[空],zɔ¹¹³,暂无
南汇·周浦,灶(灶),[空],tsɔ³³⁵,暂无
南汇·周浦,造(造),[空],zɔ¹¹³,暂无
南汇·周浦,燥(燥),[空],sɔ³³⁵,暂无
南汇·周浦,躁(躁),[空],tsɔ³³⁵,暂无
南汇·周浦,躁(躁),[空],tsʰɔ³³⁵,暂无
南汇·周浦,则(則),[空],tsəʔ⁵⁵,暂无
南汇·周浦,责(責),[空],tsəʔ⁵⁵,暂无
南汇·周浦,择(擇),[空],zəʔ²³,暂无
南汇·周浦,泽(澤),[空],zəʔ²³,暂无
南汇·周浦,仄(仄),[空],tsəʔ⁵⁵,暂无
南汇·周浦,贼(賊),[空],zəʔ²³,暂无
南汇·周浦,怎(怎),[空],tsəŋ⁴⁴,暂无
南汇·周浦,增(增),[空],tsəŋ⁵²,暂无
南汇·周浦,鋥(鋥),[空],zᴀ̃¹¹³,暂无
南汇·周浦,赠(贈),[空],zəŋ¹¹³,暂无
南汇·周浦,渣(渣),[空],tso⁵²,暂无
南汇·周浦,札(劄),[空],tsɑʔ⁵⁵,暂无
南汇·周浦,闸(閘),[空],zɑʔ²³,暂无
南汇·周浦,煠(煠),[空],zɑʔ²³,暂无
南汇·周浦,铡(鍘),[空],zɑʔ²³,暂无
南汇·周浦,炸(炸),[空],tso³³⁵,暂无
南汇·周浦,诈(詐),[空],tso³³⁵,暂无
南汇·周浦,摘(摘),[空],tsɑʔ⁵⁵,暂无
南汇·周浦,斋(齋),[空],tsɑ⁵²,暂无
南汇·周浦,宅(宅),[空],zɑʔ²³,暂无
南汇·周浦,债(債),[空],tsɑ³³⁵,暂无
南汇·周浦,展(展),[空],tse⁴⁴,暂无
南汇·周浦,斩(斬),[空],tsɛ⁴⁴,暂无
南汇·周浦,盏(盞),[空],tsɛ⁴⁴,暂无
南汇·周浦,占(占),[空],tse³³⁵,暂无
南汇·周浦,占(佔),[空],tse³³⁵,暂无
南汇·周浦,站(站),[空],zɛ¹¹³,暂无
南汇·周浦,战(戰),[空],tse³³⁵,暂无
南汇·周浦,蘸(蘸),[空],tsɛ³³⁵,暂无
南汇·周浦,章(章),[空],tsᴀ̃⁵²,暂无
南汇·周浦,张(張),[空],tsᴀ̃⁵²,暂无
南汇·周浦,掌(掌),[空],tsᴀ̃⁴⁴,暂无
南汇·周浦,涨(漲),[空],tsᴀ̃⁴⁴,暂无
南汇·周浦,丈(丈),[空],zᴀ̃¹¹³,暂无
南汇·周浦,仗(仗),[空],tsᴀ̃³³⁵,暂无
南汇·周浦,杖(杖),[空],zᴀ̃¹¹³,暂无
南汇·周浦,账(賬),[空],tsᴀ̃³³⁵,暂无
南汇·周浦,招(招),[空],tsɔ⁵²,暂无
南汇·周浦,爪(爪),[空],tsɔ⁴⁴,暂无
南汇·周浦,找(找),[空],tsɔ⁴⁴,暂无
南汇·周浦,兆(兆),[空],zɔ¹¹³,暂无
南汇·周浦,照(照),[空],tsɔ³³⁵,暂无
南汇·周浦,罩(罩),[空],tsɔ³³⁵,暂无
南汇·周浦,赵(趙),[空],zɔ¹¹³,暂无
南汇·周浦,遮(遮),[空],tso⁵²,暂无
南汇·周浦,折(折),[空],tsəʔ⁵⁵,暂无
南汇·周浦,折(折),[空],zəʔ²³,暂无
南汇·周浦,哲(哲),[空],tsəʔ⁵⁵,暂无
南汇·周浦,折(摺),[空],tsəʔ⁵⁵,暂无
南汇·周浦,者(者),[空],tse⁴⁴,暂无
南汇·周浦,这(這),[空],tsəʔ⁵⁵,暂无
南汇·周浦,蔗(蔗),[空],tso⁵²,暂无
南汇·周浦,真(真),[空],tsəŋ⁵²,暂无
南汇·周浦,针(針),[空],tsəŋ⁵²,暂无
南汇·周浦,斟(斟),[空],tsəŋ⁵²,暂无
南汇·周浦,枕(枕),[空],tsəŋ⁴⁴,暂无
南汇·周浦,阵(陣),[空],zəŋ¹¹³,暂无
南汇·周浦,振(振),[空],tsəŋ³³⁵,暂无
南汇·周浦,震(震),[空],tsəŋ³³⁵,暂无
南汇·周浦,镇(鎮),[空],tsəŋ³³⁵,暂无
南汇·周浦,争(爭),[空],tsᴀ̃⁵²,暂无
南汇·周浦,争(爭),[空],tsəŋ⁵²,暂无
南汇·周浦,蒸(蒸),[空],tsəŋ⁵²,暂无
南汇·周浦,睁(睜),[空],tsᴀ̃⁵²,暂无
南汇·周浦,整(整),[空],tsəŋ⁴⁴,暂无
南汇·周浦,正(正),[空],tsəŋ³³⁵,暂无
南汇·周浦,正(正),[空],tsəŋ⁵²,暂无
南汇·周浦,政(政),[空],tsəŋ³³⁵,暂无
南汇·周浦,郑(鄭),[空],zəŋ¹¹³,暂无
南汇·周浦,证(證),[空],tsəŋ³³⁵,暂无
南汇·周浦,之(之),[空],tsɿ⁵²,暂无
南汇·周浦,支(支),[空],tsɿ⁵²,暂无
南汇·周浦,只(只),[空],tsəʔ⁵⁵,暂无
南汇·周浦,汁(汁),[空],tsəʔ⁵⁵,暂无
南汇·周浦,枝(枝),[空],tsɿ⁵²,暂无
南汇·周浦,知(知),[空],tsɿ⁵²,暂无
南汇·周浦,只(隻),[空],tsɑʔ⁵⁵,暂无
南汇·周浦,脂(脂),[空],tsɿ⁵²,暂无
南汇·周浦,蜘(蜘),[空],tsɿ⁵²,暂无
南汇·周浦,织(織),[空],tsəʔ⁵⁵,暂无
南汇·周浦,直(直),[空],zəʔ²³,暂无
南汇·周浦,侄(侄),[空],zəʔ²³,暂无
南汇·周浦,值(值),[空],zəʔ²³,暂无
南汇·周浦,执(執),[空],tsəʔ⁵⁵,暂无
南汇·周浦,植(植),[空],zəʔ²³,暂无
南汇·周浦,殖(殖),[空],zəʔ²³,暂无
南汇·周浦,职(職),[空],tsəʔ⁵⁵,暂无
南汇·周浦,止(止),[空],tsɿ⁴⁴,暂无
南汇·周浦,指(指),[空],tsɿ⁴⁴,暂无
南汇·周浦,纸(紙),[空],tsɿ⁴⁴,暂无
南汇·周浦,至(至),[空],tsɿ³³⁵,暂无
南汇·周浦,志(志),[空],tsɿ³³⁵,暂无
南汇·周浦,制(制),[空],tsɿ³³⁵,暂无
南汇·周浦,治(治),[空],zɿ¹¹³,暂无
南汇·周浦,智(智),[空],tsɿ⁵²,暂无
南汇·周浦,置(置),[空],tsɿ³³⁵,暂无
南汇·周浦,稚(稚),[空],zɿ¹¹³,暂无
南汇·周浦,制(製),[空],tsɿ³³⁵,暂无
南汇·周浦,滞(滯),[空],tsɿ³³⁵,暂无
南汇·周浦,滞(滯),[空],zɿ¹¹³,暂无
南汇·周浦,质(質),[空],tsəʔ⁵⁵,暂无
南汇·周浦,中(中),[空],tsoŋ³³⁵,暂无
南汇·周浦,中(中),[空],tsoŋ⁵²,暂无
南汇·周浦,忠(忠),[空],tsoŋ⁵²,暂无
南汇·周浦,终(終),[空],tsoŋ⁵²,暂无
南汇·周浦,钟(鍾),[空],tsoŋ⁵²,暂无
南汇·周浦,钟(鐘),[空],tsoŋ⁵²,暂无
南汇·周浦,肿(腫),[空],tsoŋ⁴⁴,暂无
南汇·周浦,种(種),[空],tsoŋ³³⁵,暂无
南汇·周浦,种(種),[空],tsoŋ⁴⁴,暂无
南汇·周浦,仲(仲),[空],zoŋ¹¹³,暂无
南汇·周浦,重(重),[空],zoŋ¹¹³,暂无
南汇·周浦,重(重),[空],zoŋ¹¹³,暂无
南汇·周浦,众(眾),[空],tsoŋ³³⁵,暂无
南汇·周浦,众(衆),[空],tsoŋ³³⁵,暂无
南汇·周浦,舟(舟),[空],tsɤ⁵²,暂无
南汇·周浦,州(州),[空],tsɤ⁵²,暂无
南汇·周浦,洲(洲),[空],tsɤ⁵²,暂无
南汇·周浦,粥(粥),[空],tsoʔ⁵⁵,暂无
南汇·周浦,轴(軸),[空],dzioʔ²³,暂无
南汇·周浦,轴(軸),[空],zoʔ²³,暂无
南汇·周浦,肘(肘),[空],tsɤ⁴⁴,暂无
南汇·周浦,咒(咒),[空],tsɤ³³⁵,暂无
南汇·周浦,宙(宙),[空],zɤ¹¹³,暂无
南汇·周浦,纣(紂),[空],zɤ¹¹³,暂无
南汇·周浦,昼(晝),[空],tsɤ³³⁵,暂无
南汇·周浦,皱(皺),[空],tsɤ³³⁵,暂无
南汇·周浦,绉(縐),[空],tsɤ³³⁵,暂无
南汇·周浦,帚(帚),[空],tsɤ⁴⁴,暂无
南汇·周浦,朱(朱),[空],tɕy⁵²,暂无
南汇·周浦,珠(珠),[空],tɕy⁵²,暂无
南汇·周浦,珠(珠),[空],tsɿ⁵²,暂无
南汇·周浦,猪(豬),[空],tsɿ⁵²,暂无
南汇·周浦,诸(諸),[空],tsɿ⁵²,暂无
南汇·周浦,竹(竹),[空],tsoʔ⁵⁵,暂无
南汇·周浦,烛(燭),[空],tsoʔ⁵⁵,暂无
南汇·周浦,主(主),[空],tɕy⁴⁴,暂无
南汇·周浦,主(主),[空],tsɿ⁴⁴,暂无
南汇·周浦,煮(煮),[空],tsɿ⁴⁴,暂无
南汇·周浦,嘱(囑),[空],tsoʔ⁵⁵,暂无
南汇·周浦,助(助),[空],zu¹¹³,暂无
南汇·周浦,住(住),[空],zɿ¹¹³,暂无
南汇·周浦,住(住),[空],ʑy¹¹³,暂无
南汇·周浦,注(注),[空],tɕy³³⁵,暂无
南汇·周浦,注(注),[空],tsɿ³³⁵,暂无
南汇·周浦,柱(柱),[空],zɿ¹¹³,暂无
南汇·周浦,柱(柱),[空],ʑy¹¹³,暂无
南汇·周浦,着(著),[空],tsɑʔ⁵⁵,暂无
南汇·周浦,着(著),[空],tsɿ³³⁵,暂无
南汇·周浦,着(著),[空],zɑʔ²³,暂无
南汇·周浦,蛀(蛀),[空],tɕy³³⁵,暂无
南汇·周浦,蛀(蛀),[空],tsɿ³³⁵,暂无
南汇·周浦,注(註),[空],tɕy³³⁵,暂无
南汇·周浦,注(註),[空],tsɿ³³⁵,暂无
南汇·周浦,驻(駐),[空],tɕy³³⁵,暂无
南汇·周浦,驻(駐),[空],tsɿ³³⁵,暂无
南汇·周浦,筑(築),[空],tsoʔ⁵⁵,暂无
南汇·周浦,抓(抓),[空],tsɔ⁵²,暂无
南汇·周浦,专(專),[空],tsø⁵²,暂无
南汇·周浦,砖(磚),[空],tsø⁵²,暂无
南汇·周浦,篆(篆),[空],zø¹¹³,暂无
南汇·周浦,赚(賺),[空],zɛ¹¹³,暂无
南汇·周浦,转(轉),[空],tsø³³⁵,暂无
南汇·周浦,转(轉),[空],tsø⁴⁴,暂无
南汇·周浦,庄(莊),[空],tsɒ̃⁵²,暂无
南汇·周浦,装(裝),[空],tsɒ̃⁵²,暂无
南汇·周浦,桩(樁),[空],tsɒ̃⁵²,暂无
南汇·周浦,壮(壯),[空],tsɒ̃³³⁵,暂无
南汇·周浦,状(狀),[空],zɒ̃¹¹³,暂无
南汇·周浦,撞(撞),[空],zɒ̃¹¹³,暂无
南汇·周浦,追(追),[空],tsø⁵²,暂无
南汇·周浦,锥(錐),[空],tsø⁵²,暂无
南汇·周浦,坠(墜),[空],zø¹¹³,暂无
南汇·周浦,肫(肫),[空],tsəŋ⁵²,暂无
南汇·周浦,谆(諄),[空],tsəŋ⁵²,暂无
南汇·周浦,准(准),[空],tsəŋ⁴⁴,暂无
南汇·周浦,准(準),[空],tsəŋ⁴⁴,暂无
南汇·周浦,拙(拙),[空],tsoʔ⁵⁵,暂无
南汇·周浦,捉(捉),[空],tsɒʔ⁵⁵,暂无
南汇·周浦,桌(桌),[空],tsɒʔ⁵⁵,暂无
南汇·周浦,桌(桌),[空],tsoʔ⁵⁵,暂无
南汇·周浦,卓(卓),[空],tsɒʔ⁵⁵,暂无
南汇·周浦,酌(酌),[空],tsɑʔ⁵⁵,暂无
南汇·周浦,浊(濁),[空],zoʔ²³,暂无
南汇·周浦,镯(鐲),[空],zɒʔ²³,暂无
南汇·周浦,镯(鐲),[空],zoʔ²¹,暂无
南汇·周浦,姿(姿),[空],tsɿ⁵²,暂无
南汇·周浦,滋(滋),[空],tsɿ⁵²,暂无
南汇·周浦,资(資),[空],tsɿ⁵²,暂无
南汇·周浦,子(子),[空],tsɿ⁴⁴,暂无
南汇·周浦,姊(姊),[空],tsɿ⁴⁴,暂无
南汇·周浦,紫(紫),[空],tsɿ⁴⁴,暂无
南汇·周浦,自(自),[空],zɿ¹¹³,暂无
南汇·周浦,字(字),[空],zɿ¹¹³,暂无
南汇·周浦,宗(宗),[空],tsoŋ⁵²,暂无
南汇·周浦,踪(蹤),[空],tsoŋ⁵²,暂无
南汇·周浦,总(總),[空],tsoŋ⁴⁴,暂无
南汇·周浦,粽(粽),[空],tsoŋ³³⁵,暂无
南汇·周浦,纵(縱),[空],tsoŋ³³⁵,暂无
南汇·周浦,纵(縱),[空],tsoŋ⁵²,暂无
南汇·周浦,邹(鄒),[空],tsɤ⁵²,暂无
南汇·周浦,走(走),[空],tsɤ⁴⁴,暂无
南汇·周浦,奏(奏),[空],tsɤ³³⁵,暂无
南汇·周浦,租(租),[空],tsu⁵²,暂无
南汇·周浦,足(足),[空],tsoʔ⁵⁵,暂无
南汇·周浦,卒(卒),[空],tsəʔ⁵⁵,暂无
南汇·周浦,卒(卒),[空],tsoʔ⁵⁵,暂无
南汇·周浦,族(族),[空],zoʔ²³,暂无
南汇·周浦,祖(祖),[空],tsu⁴⁴,暂无
南汇·周浦,组(組),[空],tsu⁴⁴,暂无
南汇·周浦,钻(鑽),[空],tsø³³⁵,暂无
南汇·周浦,钻(鑽),[空],tsø⁵²,暂无
南汇·周浦,嘴(嘴),[空],tsɿ⁴⁴,暂无
南汇·周浦,最(最),[空],tsø³³⁵,暂无
南汇·周浦,罪(罪),[空],zø¹¹³,暂无
南汇·周浦,醉(醉),[空],tsø³³⁵,暂无
南汇·周浦,尊(尊),[空],tsəŋ⁵²,暂无
南汇·周浦,昨(昨),[空],zoʔ²³,暂无
南汇·周浦,左(左),[空],tsu⁴⁴,暂无
南汇·周浦,作(作),[空],tsɒʔ⁵⁵,暂无
南汇·周浦,作(作),[空],tsoʔ⁵⁵,暂无
南汇·周浦,坐(坐),[空],zu¹¹³,暂无
南汇·周浦,座(座),[空],zu¹¹³,暂无
南汇·周浦,做(做),[空],tsu³³⁵,暂无