where,word,mean,pinYin,pinYinSearch,Pronunciation
奉贤,多(多),[空],tu1(ɗu⁵³),tu1,暂无
奉贤,多(多),[空],ta1(ɗɑ⁵³),ta1,暂无
奉贤,拖(拖),[空],thu1(tʰu⁵³),thu1,暂无
奉贤,拖(拖),[空],tha1(tʰɑ⁵³),tha1,暂无
奉贤,他(他),[空],tha1(tʰɑ⁵³),tha1,暂无
奉贤,舵(舵),[空],du6(du¹¹³),du6,暂无
奉贤,大(大),[空],du6(du¹¹³),du6,暂无
奉贤,大(大),[空],da6(dɑ¹¹³),da6,暂无
奉贤,罗(羅),[空],lu2(lu³¹),lu2,暂无
奉贤,锣(鑼),[空],lu2(lu³¹),lu2,暂无
奉贤,箩(籮),[空],lu2(lu³¹),lu2,暂无
奉贤,左(左),[空],tsu3(tsu⁴⁴),tsu3,暂无
奉贤,左(左),[空],tsi3(tsi⁴⁴),tsi3,暂无
奉贤,搓(搓),[空],tshu1(tsʰu⁵³),tshu1,暂无
奉贤,歌(歌),[空],ku1(ku⁵³),ku1,暂无
奉贤,哥(哥),[空],ku1(ku⁵³),ku1,暂无
奉贤,个(個),[空],keu5(kɯ³³⁵),keu5,暂无
奉贤,个(個),[空],ku5(ku³³⁵),ku5,暂无
奉贤,可(可),[空],khau3(kʰɔ⁴⁴),khau3,暂无
奉贤,鹅(鵝),[空],ngu2(ŋu³¹),ngu2,暂无
奉贤,蛾(蛾),[空],ngu2(ŋu³¹),ngu2,暂无
奉贤,俄(俄),[空],ngu2(ŋu³¹),ngu2,暂无
奉贤,我(我),[空],ngu6(ŋu¹¹³),ngu6,暂无
奉贤,我(我),[空],ngu1(ŋu⁵³),ngu1,暂无
奉贤,饿(餓),[空],ngu6(ŋu¹¹³),ngu6,暂无
奉贤,何(何),[空],vu2(βu³¹),vu2,暂无
奉贤,河(河),[空],vu2(βu³¹),vu2,暂无
奉贤,荷(荷),[空],vu2(βu³¹),vu2,暂无
奉贤,贺(賀),[空],vu6(βu¹¹³),vu6,暂无
奉贤,阿(阿),[空],u1(∅u⁵³),u1,暂无
奉贤,阿(阿),[空],aeq7(∅æʔ⁵),aeq7,暂无
奉贤,茄(茄),[空],ga2(gɑ³¹),ga2,暂无
奉贤,波(波),[空],pu1(ɓu⁵³),pu1,暂无
奉贤,菠(菠),[空],pu1(ɓu⁵³),pu1,暂无
奉贤,颇(頗),[空],phu1(pʰu⁵³),phu1,暂无
奉贤,破(破),[空],phu5(pʰu³³⁵),phu5,暂无
奉贤,婆(婆),[空],bu2(bu³¹),bu2,暂无
奉贤,爸(爸),[空],pa1(ɓɑ⁵³),pa1,暂无
奉贤,摩(摩),[空],mo2(mo³¹),mo2,暂无
奉贤,磨(磨),[空],mo2(mo³¹),mo2,暂无
奉贤,魔(魔),[空],mo2(mo³¹),mo2,暂无
奉贤,磨(磨),[空],mo6(mo¹¹³),mo6,暂无
奉贤,朵(朵),[空],to3(ɗo⁴⁴),to3,暂无
奉贤,朵(朵),[空],tu3(ɗu⁴⁴),tu3,暂无
奉贤,妥(妥),[空],thu5(tʰu³³⁵),thu5,暂无
奉贤,惰(惰),[空],du6(du¹¹³),du6,暂无
奉贤,糯(糯),[空],nu6(nu¹¹³),nu6,暂无
奉贤,螺(螺),[空],lu2(lu³¹),lu2,暂无
奉贤,坐(坐),[空],zu6(zu¹¹³),zu6,暂无
奉贤,座(座),[空],zu6(zu¹¹³),zu6,暂无
奉贤,蓑(蓑),[空],su1(su⁵³),su1,暂无
奉贤,梭(梭),[空],su1(su⁵³),su1,暂无
奉贤,锁(鎖),[空],su3(su⁴⁴),su3,暂无
奉贤,琐(瑣),[空],su3(su⁴⁴),su3,暂无
奉贤,过(過),[空],ku5(ku³³⁵),ku5,暂无
奉贤,锅(鍋),[空],ku1(ku⁵³),ku1,暂无
奉贤,戈(戈),[空],khu1(kʰu⁵³),khu1,暂无
奉贤,戈(戈),又。~牛：戈牙鱼,gua2(guɑ³¹),gua2,暂无
奉贤,果(果),[空],ku3(ku⁴⁴),ku3,暂无
奉贤,裹(裹),[空],ku3(ku⁴⁴),ku3,暂无
奉贤,科(科),[空],khu1(kʰu⁵³),khu1,暂无
奉贤,裸(裸),[空],lu6(lu¹¹³),lu6,暂无
奉贤,颗(顆),[空],khu1(kʰu⁵³),khu1,暂无
奉贤,课(課),[空],khu5(kʰu³³⁵),khu5,暂无
奉贤,卧(臥),[空],ngu6(ŋu¹¹³),ngu6,暂无
奉贤,火(火),[空],fu3(ɸu⁴⁴),fu3,暂无
奉贤,货(貨),[空],fu5(ɸu³³⁵),fu5,暂无
奉贤,和(和),[空],vu2(βu³¹),vu2,暂无
奉贤,祸(禍),[空],vu6(βu¹¹³),vu6,暂无
奉贤,窝(窩),[空],u1(∅u⁵³),u1,暂无
奉贤,靴(靴),[空],shio1(çiu⁵³),shio1,暂无
奉贤,靴(靴),又,shiu1(çy⁵³),shiu1,暂无
奉贤,巴(巴),白,po1(ɓo⁵³),po1,暂无
奉贤,巴(巴),文,pa1(ɓɑ⁵³),pa1,暂无
奉贤,疤(疤),白,po1(ɓo⁵³),po1,暂无
奉贤,疤(疤),文,pa1(ɓɑ⁵³),pa1,暂无
奉贤,芭(芭),白,po1(ɓo⁵³),po1,暂无
奉贤,芭(芭),文,pa1(ɓɑ⁵³),pa1,暂无
奉贤,把(把),白,po3(ɓo⁴⁴),po3,暂无
奉贤,把(把),文,pa3(ɓɑ⁴⁴),pa3,暂无
奉贤,霸(霸),[空],po5(ɓo³³⁵),po5,暂无
奉贤,怕(怕),白,pho5(pʰo³³⁵),pho5,暂无
奉贤,怕(怕),文,pha5(pʰɑ³³⁵),pha5,暂无
奉贤,爬(爬),[空],bo2(bo³¹),bo2,暂无
奉贤,杷(杷),[空],bo2(bo³¹),bo2,暂无
奉贤,妈(媽),[空],ma1(mɑ⁵³),ma1,暂无
奉贤,麻(麻),[空],mo2(mo³¹),mo2,暂无
奉贤,马(馬),[空],mo6(mo¹¹³),mo6,暂无
奉贤,马(馬),文。~上,ma3(mɑ⁴⁴),ma3,暂无
奉贤,码(碼),【校】原mo6,mo4(mo²²),mo4,暂无
奉贤,骂(罵),[空],mo6(mo¹¹³),mo6,暂无
奉贤,拿(拿),[空],na1(nɑ⁵³),na1,暂无
奉贤,拿(拿),[空],no1(no⁵³),no1,暂无
奉贤,茶(茶),[空],zo2(zo³¹),zo2,暂无
奉贤,渣(渣),[空],tso1(tso⁵³),tso1,暂无
奉贤,诈(詐),[空],tso5(tso³³⁵),tso5,暂无
奉贤,炸(炸),[空],tso5(tso³³⁵),tso5,暂无
奉贤,叉(叉),[空],tsho1(tsʰo⁵³),tsho1,暂无
奉贤,差(差),[空],tsho1(tsʰo⁵³),tsho1,暂无
奉贤,差(差),[空],tsha1(tsʰɑ⁵³),tsha1,暂无
奉贤,岔(岔),[空],tsho1(tsʰo⁵³),tsho1,暂无
奉贤,查(查),[空],zo2(zo³¹),zo2,暂无
奉贤,沙(沙),白,so1(so⁵³),so1,暂无
奉贤,沙(沙),文,sa1(sɑ⁵³),sa1,暂无
奉贤,纱(紗),[空],so1(so⁵³),so1,暂无
奉贤,洒(灑),[空],sa3(sɑ⁴⁴),sa3,暂无
奉贤,加(加),白,ka1(kɑ⁵³),ka1,暂无
奉贤,加(加),文,cia1(ʄiɑ⁵³),cia1,暂无
奉贤,嘉(嘉),白,ka1(kɑ⁵³),ka1,暂无
奉贤,嘉(嘉),文,cia1(ʄiɑ⁵³),cia1,暂无
奉贤,家(家),白,ka1(kɑ⁵³),ka1,暂无
奉贤,家(家),文,cia1(ʄiɑ⁵³),cia1,暂无
奉贤,傢(傢),白,ka1(kɑ⁵³),ka1,暂无
奉贤,傢(傢),文,cia1(ʄiɑ⁵³),cia1,暂无
奉贤,假(假),白,ka3(kɑ⁴⁴),ka3,暂无
奉贤,假(假),文,cia3(ʄiɑ⁴⁴),cia3,暂无
奉贤,假(假),白,ka5(kɑ³³⁵),ka5,暂无
奉贤,假(假),文,cia5(ʄiɑ³³⁵),cia5,暂无
奉贤,贾(賈),[空],cia3(ʄiɑ⁴⁴),cia3,暂无
奉贤,稼(稼),[空],cia5(ʄiɑ³³⁵),cia5,暂无
奉贤,嫁(嫁),白,ka5(kɑ³³⁵),ka5,暂无
奉贤,嫁(嫁),文,cia5(ʄiɑ³³⁵),cia5,暂无
奉贤,架(架),白,ka5(kɑ³³⁵),ka5,暂无
奉贤,架(架),文,cia5(ʄiɑ³³⁵),cia5,暂无
奉贤,驾(駕),白,ka5(kɑ³³⁵),ka5,暂无
奉贤,驾(駕),文,cia5(ʄiɑ³³⁵),cia5,暂无
奉贤,价(價),白,ka5(kɑ³³⁵),ka5,暂无
奉贤,价(價),文,cia5(ʄiɑ³³⁵),cia5,暂无
奉贤,牙(牙),[空],nga2(ŋɑ³¹),nga2,暂无
奉贤,芽(芽),白,nga2(ŋɑ³¹),nga2,暂无
奉贤,芽(芽),文,ya2(ɦiɑ³¹),ya2,暂无
奉贤,衙(衙),白,nga2(ŋɑ³¹),nga2,暂无
奉贤,衙(衙),文,ya2(ɦiɑ³¹),ya2,暂无
奉贤,雅(雅),[空],ia3(∅iɑ⁴⁴),ia3,暂无
奉贤,霞(霞),[空],ia1(∅iɑ⁵³),ia1,暂无
奉贤,霞(霞),[空],ya2(ɦiɑ³¹),ya2,暂无
奉贤,下(下),白,ghau6(ɦɔ¹¹³),ghau6,暂无
奉贤,下(下),文,shia5(çiɑ³³⁵),shia5,暂无
奉贤,夏(夏),白,ghau6(ɦɔ¹¹³),ghau6,暂无
奉贤,夏(夏),文,shia5(çiɑ³³⁵),shia5,暂无
奉贤,鸦(鴉),[空],ia1(∅iɑ⁵³),ia1,暂无
奉贤,丫(丫),白,o1(∅o⁵³),o1,暂无
奉贤,丫(丫),[空],au1(∅ɔ⁵³),au1,暂无
奉贤,丫(丫),文,ia1(∅iɑ⁵³),ia1,暂无
奉贤,哑(啞),白,o3(∅o⁴⁴),o3,暂无
奉贤,哑(啞),白,au3(∅ɔ⁴⁴),au3,暂无
奉贤,哑(啞),文,ia3(∅iɑ⁴⁴),ia3,暂无
奉贤,亚(亞),[空],ia3(∅iɑ⁴⁴),ia3,暂无
奉贤,姐(姐),[空],tsia3(tsiɑ⁴⁴),tsia3,暂无
奉贤,借(借),[空],tsia5(tsiɑ³³⁵),tsia5,暂无
奉贤,且(且),[空],tshi3(tsʰi⁴⁴),tshi3,暂无
奉贤,写(寫),[空],sia3(siɑ⁴⁴),sia3,暂无
奉贤,泻(瀉),[空],sia5(siɑ³³⁵),sia5,暂无
奉贤,卸(卸),[空],sia5(siɑ³³⁵),sia5,暂无
奉贤,邪(邪),[空],zia2(ziɑ³¹),zia2,暂无
奉贤,斜(斜),[空],zia2(ziɑ³¹),zia2,暂无
奉贤,谢(謝),[空],zia6(ziɑ¹¹³),zia6,暂无
奉贤,爹(爹),[空],tia1(ɗiɑ⁵³),tia1,暂无
奉贤,遮(遮),[空],tso1(tso⁵³),tso1,暂无
奉贤,者(者),[空],tse3(tse⁴⁴),tse3,暂无
奉贤,蔗(蔗),[空],tso5(tso³³⁵),tso5,暂无
奉贤,车(車),[空],tsho1(tsʰo⁵³),tsho1,暂无
奉贤,扯(扯),[空],tsha3(tsʰɑ⁴⁴),tsha3,暂无
奉贤,蛇(蛇),[空],zo2(zo³¹),zo2,暂无
奉贤,射(射),[空],zo5(zo³³⁵),zo5,暂无
奉贤,射(射),[空],zaoq8(zɔʔ³),zaoq8,暂无
奉贤,射(射),[空],ze6(ze¹¹³),ze6,暂无
奉贤,舍(舍),[空],se5(se³³⁵),se5,暂无
奉贤,舍(捨),[空],so3(so⁴⁴),so3,暂无
奉贤,舍(舍),[空],soe5(sø³³⁵),soe5,暂无
奉贤,赦(赦),[空],so5(so³³⁵),so5,暂无
奉贤,社(社),[空],zo6(zo¹¹³),zo6,暂无
奉贤,惹(惹),[空],za6(zɑ¹¹³),za6,暂无
奉贤,爷(爺),[空],ya2(ɦiɑ³¹),ya2,暂无
奉贤,野(野),[空],ya6(ɦiɑ¹¹³),ya6,暂无
奉贤,夜(夜),[空],ya6(ɦiɑ¹¹³),ya6,暂无
奉贤,瓜(瓜),[空],ko1(ko⁵³),ko1,暂无
奉贤,寡(寡),[空],ko5(ko³³⁵),ko5,暂无
奉贤,夸(誇),[空],kho1(kʰo⁵³),kho1,暂无
奉贤,垮(垮),[空],khua3(kʰuɑ⁴⁴),khua3,暂无
奉贤,跨(跨),白,kho5(kʰo³³⁵),kho5,暂无
奉贤,跨(跨),文,khua5(kʰuɑ³³⁵),khua5,暂无
奉贤,瓦(瓦),[空],ngo4(ŋo²²),ngo4,暂无
奉贤,瓦(瓦),又,ngau4(ŋɔ²²),ngau4,暂无
奉贤,花(花),[空],ho1(ho⁵³),ho1,暂无
奉贤,化(化),[空],ho5(ho³³⁵),ho5,暂无
奉贤,华(華),[空],gho2(ɦo³¹),gho2,暂无
奉贤,划(劃),[空],o1(∅o⁵³),o1,暂无
奉贤,补(補),[空],pu3(ɓu⁴⁴),pu3,暂无
奉贤,谱(譜),[空],pu5(ɓu³³⁵),pu5,暂无
奉贤,布(布),[空],pu5(ɓu³³⁵),pu5,暂无
奉贤,铺(鋪),[空],phu1(pʰu⁵³),phu1,暂无
奉贤,普(普),[空],phu5(pʰu³³⁵),phu5,暂无
奉贤,浦(浦),【校】原phu5,phu3(pʰu⁴⁴),phu3,暂无
奉贤,蒲(蒲),[空],bu2(bu³¹),bu2,暂无
奉贤,菩(菩),[空],bu2(bu³¹),bu2,暂无
奉贤,部(部),[空],bu6(bu¹¹³),bu6,暂无
奉贤,簿(簿),[空],bu6(bu¹¹³),bu6,暂无
奉贤,捕(捕),[空],bu6(bu¹¹³),bu6,暂无
奉贤,步(步),[空],bu6(bu¹¹³),bu6,暂无
奉贤,模(模),[空],mo2(mo³¹),mo2,暂无
奉贤,暮(暮),[空],mo6(mo¹¹³),mo6,暂无
奉贤,慕(慕),[空],mo6(mo¹¹³),mo6,暂无
奉贤,墓(墓),[空],mo6(mo¹¹³),mo6,暂无
奉贤,募(募),[空],mo6(mo¹¹³),mo6,暂无
奉贤,都(都),[空],tu1(ɗu⁵³),tu1,暂无
奉贤,赌(賭),[空],tu3(ɗu⁴⁴),tu3,暂无
奉贤,堵(堵),[空],tu3(ɗu⁴⁴),tu3,暂无
奉贤,肚(肚),[空],tu3(ɗu⁴⁴),tu3,暂无
奉贤,妒(妒),[空],tu5(ɗu³³⁵),tu5,暂无
奉贤,土(土),[空],thu3(tʰu⁴⁴),thu3,暂无
奉贤,吐(吐),[空],thu3(tʰu⁴⁴),thu3,暂无
奉贤,兔(兔),[空],thu5(tʰu³³⁵),thu5,暂无
奉贤,徒(徒),[空],du2(du³¹),du2,暂无
奉贤,徒(徒),[空],du6(du¹¹³),du6,暂无
奉贤,途(途),[空],du6(du¹¹³),du6,暂无
奉贤,涂(塗),[空],du2(du³¹),du2,暂无
奉贤,图(圖),[空],du2(du³¹),du2,暂无
奉贤,屠(屠),[空],du2(du³¹),du2,暂无
奉贤,杜(杜),[空],du6(du¹¹³),du6,暂无
奉贤,肚(肚),[空],du6(du¹¹³),du6,暂无
奉贤,度(度),[空],du6(du¹¹³),du6,暂无
奉贤,渡(渡),[空],du6(du¹¹³),du6,暂无
奉贤,镀(鍍),[空],du6(du¹¹³),du6,暂无
奉贤,奴(奴),[空],nu2(nu³¹),nu2,暂无
奉贤,努(努),[空],nu1(nu⁵³),nu1,暂无
奉贤,怒(怒),[空],nu6(nu¹¹³),nu6,暂无
奉贤,卢(盧),[空],lu2(lu³¹),lu2,暂无
奉贤,炉(爐),[空],lu2(lu³¹),lu2,暂无
奉贤,芦(蘆),[空],lu2(lu³¹),lu2,暂无
奉贤,鲁(魯),[空],lu6(lu¹¹³),lu6,暂无
奉贤,橹(櫓),[空],lu6(lu¹¹³),lu6,暂无
奉贤,露(露),[空],lu6(lu¹¹³),lu6,暂无
奉贤,路(路),[空],lu6(lu¹¹³),lu6,暂无
奉贤,租(租),[空],tsu1(tsu⁵³),tsu1,暂无
奉贤,祖(祖),[空],tsu3(tsu⁴⁴),tsu3,暂无
奉贤,组(組),[空],tsu3(tsu⁴⁴),tsu3,暂无
奉贤,粗(粗),[空],tshu1(tsʰu⁵³),tshu1,暂无
奉贤,醋(醋),[空],tshu5(tsʰu³³⁵),tshu5,暂无
奉贤,措(措),[空],tshu5(tsʰu³³⁵),tshu5,暂无
奉贤,错(錯),[空],tsho1(tsʰo⁵³),tsho1,暂无
奉贤,苏(蘇),[空],su1(su⁵³),su1,暂无
奉贤,酥(酥),[空],su1(su⁵³),su1,暂无
奉贤,素(素),[空],su5(su³³⁵),su5,暂无
奉贤,诉(訴),[空],su5(su³³⁵),su5,暂无
奉贤,姑(姑),[空],ku1(ku⁵³),ku1,暂无
奉贤,孤(孤),[空],ku1(ku⁵³),ku1,暂无
奉贤,估(估),[空],ku3(ku⁴⁴),ku3,暂无
奉贤,古(古),[空],ku3(ku⁴⁴),ku3,暂无
奉贤,股(股),[空],ku3(ku⁴⁴),ku3,暂无
奉贤,鼓(鼓),[空],ku3(ku⁴⁴),ku3,暂无
奉贤,故(故),[空],ku5(ku³³⁵),ku5,暂无
奉贤,固(固),[空],ku5(ku³³⁵),ku5,暂无
奉贤,顾(顧),[空],ku5(ku³³⁵),ku5,暂无
奉贤,雇(僱),[空],ku5(ku³³⁵),ku5,暂无
奉贤,枯(枯),[空],khu1(kʰu⁵³),khu1,暂无
奉贤,苦(苦),[空],khu3(kʰu⁴⁴),khu3,暂无
奉贤,库(庫),[空],khu5(kʰu³³⁵),khu5,暂无
奉贤,裤(褲),[空],khu5(kʰu³³⁵),khu5,暂无
奉贤,吴(吳),白,ng2(ŋ³¹),ng2,暂无
奉贤,吴(吳),文,vu2(βu³¹),vu2,暂无
奉贤,梧(梧),[空],ngu2(ŋu³¹),ngu2,暂无
奉贤,吾(吾),[空],ngu6(ŋu¹¹³),ngu6,暂无
奉贤,午(午),[空],ng6(ŋ¹¹³),ng6,暂无
奉贤,午(午),[空],vu6(βu¹¹³),vu6,暂无
奉贤,伍(伍),[空],vu4(βu²²),vu4,暂无
奉贤,五(五),[空],ng4(ŋ²²),ng4,暂无
奉贤,五(五),[空],vu6(βu¹¹³),vu6,暂无
奉贤,误(誤),[空],ngu6(ŋu¹¹³),ngu6,暂无
奉贤,悟(悟),[空],ngu6(ŋu¹¹³),ngu6,暂无
奉贤,蜈(蜈),[空],vu2(βu³¹),vu2,暂无
奉贤,呼(呼),[空],fu1(ɸu⁵³),fu1,暂无
奉贤,虎(虎),[空],fu3(ɸu⁴⁴),fu3,暂无
奉贤,虎(虎),又,hu3(hu⁴⁴),hu3,暂无
奉贤,胡(胡),[空],vu2(βu³¹),vu2,暂无
奉贤,湖(湖),[空],vu2(βu³¹),vu2,暂无
奉贤,狐(狐),[空],vu2(βu³¹),vu2,暂无
奉贤,壸(壼),[空],vu2(βu³¹),vu2,暂无
奉贤,户(戶),[空],vu6(βu¹¹³),vu6,暂无
奉贤,护(護),[空],vu6(βu¹¹³),vu6,暂无
奉贤,互(互),[空],ngu6(ŋu¹¹³),ngu6,暂无
奉贤,乌(烏),[空],u1(∅u⁵³),u1,暂无
奉贤,女(女),[空],gniu4(ɲy²²),gniu4,暂无
奉贤,驴(驢),[空],liu2(ly³¹),liu2,暂无
奉贤,庐(廬),[空],lu2(lu³¹),lu2,暂无
奉贤,吕(呂),[空],liu4(ly²²),liu4,暂无
奉贤,吕(呂),白。~洞宾,li4(li²²),li4,暂无
奉贤,旅(旅),[空],liu4(ly²²),liu4,暂无
奉贤,虑(慮),[空],liu6(ly¹¹³),liu6,暂无
奉贤,滤(濾),[空],liu6(ly¹¹³),liu6,暂无
奉贤,蛆(蛆),[空],tshi1(tsʰi⁵³),tshi1,暂无
奉贤,徐(徐),[空],zi2(zi³¹),zi2,暂无
奉贤,序(序),[空],zhiu6(ʑy¹¹³),zhiu6,暂无
奉贤,叙(敘),[空],zhiu6(ʑy¹¹³),zhiu6,暂无
奉贤,绪(緒),[空],zhiu6(ʑy¹¹³),zhiu6,暂无
奉贤,猪(豬),[空],tsy1(tsy⁵³),tsy1,暂无
奉贤,著(著),[空],ciu5(ʄy³³⁵),ciu5,暂无
奉贤,除(除),[空],zhiu2(ʑy³¹),zhiu2,暂无
奉贤,储(儲),[空],zhiu6(ʑy¹¹³),zhiu6,暂无
奉贤,阻(阻),[空],tsu5(tsu³³⁵),tsu5,暂无
奉贤,初(初),[空],tshu1(tsʰu⁵³),tshu1,暂无
奉贤,楚(楚),[空],tshu5(tsʰu³³⁵),tshu5,暂无
奉贤,锄(鋤),文【校对】原zu6,zu2(zu³¹),zu2,暂无
奉贤,锄(鋤),白【校对】原zy6,zy2(zy³¹),zy2,暂无
奉贤,助(助),[空],zu6(zu¹¹³),zu6,暂无
奉贤,梳(梳),[空],su1(su⁵³),su1,暂无
奉贤,梳(梳),白,sy1(sy⁵³),sy1,暂无
奉贤,疏(疏),[空],su1(su⁵³),su1,暂无
奉贤,所(所),[空],su3(su⁴⁴),su3,暂无
奉贤,所(所), ~在：房子,shiu3(çy⁴⁴),shiu3,暂无
奉贤,诸(諸),文,ciu1(ʄy⁵³),ciu1,暂无
奉贤,诸(諸),白,tsy1(tsy⁵³),tsy1,暂无
奉贤,煮(煮),[空],ciu3(ʄy⁴⁴),ciu3,暂无
奉贤,处(處),[空],chiu3(cʰy⁴⁴),chiu3,暂无
奉贤,处(處),文,tshy3(tsʰy⁴⁴),tshy3,暂无
奉贤,处(處),[空],chiu5(cʰy³³⁵),chiu5,暂无
奉贤,处(處),文,tshy5(tsʰy³³⁵),tshy5,暂无
奉贤,书(書),[空],shiu1(çy⁵³),shiu1,暂无
奉贤,舒(舒),[空],shiu1(çy⁵³),shiu1,暂无
奉贤,署(署),[空],shiu3(çy⁴⁴),shiu3,暂无
奉贤,鼠(鼠),文,shiu3(çy⁴⁴),shiu3,暂无
奉贤,鼠(鼠),白,sy(sy),sy,暂无
奉贤,薯(薯),[空],zhiu6(ʑy¹¹³),zhiu6,暂无
奉贤,如(如),[空],zhiu2(ʑy³¹),zhiu2,暂无
奉贤,居(居),[空],ciu1(ʄy⁵³),ciu1,暂无
奉贤,举(舉),[空],ciu3(ʄy⁴⁴),ciu3,暂无
奉贤,据(據),[空],ciu5(ʄy³³⁵),ciu5,暂无
奉贤,锯(鋸),[空],ciu5(ʄy³³⁵),ciu5,暂无
奉贤,去(去),文,chiu5(cʰy³³⁵),chiu5,暂无
奉贤,去(去),白,chi5(cʰi³³⁵),chi5,暂无
奉贤,渠(渠),[空],jiu2(ɟy³¹),jiu2,暂无
奉贤,巨(巨),[空],jiu6(ɟy¹¹³),jiu6,暂无
奉贤,拒(拒),[空],jiu6(ɟy¹¹³),jiu6,暂无
奉贤,距(距),[空],jiu6(ɟy¹¹³),jiu6,暂无
奉贤,鱼(魚),白,ng2(ŋ³¹),ng2,暂无
奉贤,鱼(魚),文,yu2(ɦy³¹),yu2,暂无
奉贤,渔(漁),[空],yu2(ɦy³¹),yu2,暂无
奉贤,语(語),[空],gniu6(ɲy¹¹³),gniu6,暂无
奉贤,御(禦),[空],gniu6(ɲy¹¹³),gniu6,暂无
奉贤,虚(虛),[空],shiu1(çy⁵³),shiu1,暂无
奉贤,嘘(噓),[空],shiu1(çy⁵³),shiu1,暂无
奉贤,许(許),[空],shiu3(çy⁴⁴),shiu3,暂无
奉贤,许(許),几~,shiu3(çy⁴⁴),shiu3,暂无
奉贤,余(餘),[空],yu2(ɦy³¹),yu2,暂无
奉贤,与(與),[空],yu2(ɦy³¹),yu2,暂无
奉贤,预(預),[空],yu6(ɦy¹¹³),yu6,暂无
奉贤,誉(譽),[空],yu6(ɦy¹¹³),yu6,暂无
奉贤,豫(豫),[空],yu6(ɦy¹¹³),yu6,暂无
奉贤,肤(膚),[空],fu1(ɸu⁵³),fu1,暂无
奉贤,夫(夫),[空],fu1(ɸu⁵³),fu1,暂无
奉贤,府(府),[空],fu5(ɸu³³⁵),fu5,暂无
奉贤,俯(俯),[空],fu5(ɸu³³⁵),fu5,暂无
奉贤,腑(腑),[空],fu5(ɸu³³⁵),fu5,暂无
奉贤,斧(斧),[空],fu5(ɸu³³⁵),fu5,暂无
奉贤,付(付),[空],fu5(ɸu³³⁵),fu5,暂无
奉贤,傅(傅),[空],fu5(ɸu³³⁵),fu5,暂无
奉贤,俘(俘),[空],fu1(ɸu⁵³),fu1,暂无
奉贤,敷(敷),[空],fu1(ɸu⁵³),fu1,暂无
奉贤,赴(赴),[空],fu5(ɸu³³⁵),fu5,暂无
奉贤,符(符),[空],vu2(βu³¹),vu2,暂无
奉贤,扶(扶),[空],vu2(βu³¹),vu2,暂无
奉贤,腐(腐),[空],vu6(βu¹¹³),vu6,暂无
奉贤,辅(輔),[空],vu6(βu¹¹³),vu6,暂无
奉贤,父(父),[空],vu6(βu¹¹³),vu6,暂无
奉贤,附(附),[空],vu6(βu¹¹³),vu6,暂无
奉贤,无(無),[空],vu2(βu³¹),vu2,暂无
奉贤,诬(誣),[空],vu6(βu¹¹³),vu6,暂无
奉贤,舞(舞),【校】原vu6,vu4(βu²²),vu4,暂无
奉贤,武(武),【校】原vu6,vu4(βu²²),vu4,暂无
奉贤,务(務),[空],vu6(βu¹¹³),vu6,暂无
奉贤,雾(霧),[空],vu6(βu¹¹³),vu6,暂无
奉贤,屡(屢),[空],liu3(ly⁴⁴),liu3,暂无
奉贤,趋(趨),[空],chiu1(cʰy⁵³),chiu1,暂无
奉贤,取(取),[空],chiu3(cʰy⁴⁴),chiu3,暂无
奉贤,娶(娶),[空],chiu3(cʰy⁴⁴),chiu3,暂无
奉贤,趣(趣),[空],chiu5(cʰy³³⁵),chiu5,暂无
奉贤,聚(聚),[空],zhiu6(ʑy¹¹³),zhiu6,暂无
奉贤,需(需),[空],shiu1(çy⁵³),shiu1,暂无
奉贤,须(須),[空],shiu1(çy⁵³),shiu1,暂无
奉贤,须(鬚),[空],su1(su⁵³),su1,暂无
奉贤,蛛(蛛),[空],ciu1(ʄy⁵³),ciu1,暂无
奉贤,株(株),[空],ciu1(ʄy⁵³),ciu1,暂无
奉贤,驻(駐),[空],ciu5(ʄy³³⁵),ciu5,暂无
奉贤,注(注),[空],ciu5(ʄy³³⁵),ciu5,暂无
奉贤,厨(廚),[空],zhiu2(ʑy³¹),zhiu2,暂无
奉贤,柱(柱),[空],zhiu6(ʑy¹¹³),zhiu6,暂无
奉贤,住(住),[空],zhiu6(ʑy¹¹³),zhiu6,暂无
奉贤,数(數),[空],su3(su⁴⁴),su3,暂无
奉贤,数(數),白。动词,shiu3(çy⁴⁴),shiu3,暂无
奉贤,数(數),名,su5(su³³⁵),su5,暂无
奉贤,朱(朱),[空],ciu1(ʄy⁵³),ciu1,暂无
奉贤,珠(珠),[空],ciu1(ʄy⁵³),ciu1,暂无
奉贤,主(主),[空],ciu3(ʄy⁴⁴),ciu3,暂无
奉贤,注(注),[空],ciu5(ʄy³³⁵),ciu5,暂无
奉贤,蛀(蛀),[空],ciu5(ʄy³³⁵),ciu5,暂无
奉贤,铸(鑄),[空],ciu5(ʄy³³⁵),ciu5,暂无
奉贤,输(輸),[空],shiu1(çy⁵³),shiu1,暂无
奉贤,殊(殊),[空],zhiu6(ʑy¹¹³),zhiu6,暂无
奉贤,竖(豎),[空],zhiu6(ʑy¹¹³),zhiu6,暂无
奉贤,树(樹),[空],zhiu6(ʑy¹¹³),zhiu6,暂无
奉贤,儒(儒),[空],zhiu6(ʑy¹¹³),zhiu6,暂无
奉贤,乳(乳),【校】原zhiu2,zhiu4(ʑy²²),zhiu4,暂无
奉贤,拘(拘),[空],ciu1(ʄy⁵³),ciu1,暂无
奉贤,句(句),[空],ciu5(ʄy³³⁵),ciu5,暂无
奉贤,区(區),[空],chiu1(cʰy⁵³),chiu1,暂无
奉贤,驱(驅),[空],chiu1(cʰy⁵³),chiu1,暂无
奉贤,瞿(瞿),【校】原jiu6,jiu2(ɟy³¹),jiu2,暂无
奉贤,具(具),[空],jiu6(ɟy¹¹³),jiu6,暂无
奉贤,愚(愚),[空],gniu2(ɲy³¹),gniu2,暂无
奉贤,虞(虞),[空],gniu2(ɲy³¹),gniu2,暂无
奉贤,娱(娛),[空],gniu2(ɲy³¹),gniu2,暂无
奉贤,遇(遇),[空],gniu6(ɲy¹¹³),gniu6,暂无
奉贤,寓(寓),[空],gniu6(ɲy¹¹³),gniu6,暂无
奉贤,于(於),[空],yu2(ɦy³¹),yu2,暂无
奉贤,盂(盂),[空],yu2(ɦy³¹),yu2,暂无
奉贤,雨(雨),[空],yu6(ɦy¹¹³),yu6,暂无
奉贤,羽(羽),[空],yu6(ɦy¹¹³),yu6,暂无
奉贤,宇(宇),[空],yu6(ɦy¹¹³),yu6,暂无
奉贤,禹(禹),[空],yu6(ɦy¹¹³),yu6,暂无
奉贤,榆(榆),[空],yu2(ɦy³¹),yu2,暂无
奉贤,愉(愉),[空],yu2(ɦy³¹),yu2,暂无
奉贤,愈(愈),[空],yu6(ɦy¹¹³),yu6,暂无
奉贤,裕(裕),[空],yu6(ɦy¹¹³),yu6,暂无
奉贤,喻(喻),[空],yu6(ɦy¹¹³),yu6,暂无
奉贤,戴(戴),[空],ta5(ɗɑ³³⁵),ta5,暂无
奉贤,戴(戴),[空],te5(ɗe³³⁵),te5,暂无
奉贤,胎(胎),[空],the1(tʰe⁵³),the1,暂无
奉贤,态(態),[空],the3(tʰe⁴⁴),the3,暂无
奉贤,台(台),[空],de2(de³¹),de2,暂无
奉贤,苔(苔),[空],de2(de³¹),de2,暂无
奉贤,抬(抬),[空],de2(de³¹),de2,暂无
奉贤,待(待),[空],de6(de¹¹³),de6,暂无
奉贤,怠(怠),[空],de6(de¹¹³),de6,暂无
奉贤,代(代),[空],de6(de¹¹³),de6,暂无
奉贤,袋(袋),[空],de6(de¹¹³),de6,暂无
奉贤,乃(乃),[空],ne3(ne⁴⁴),ne3,暂无
奉贤,耐(耐),[空],ne6(ne¹¹³),ne6,暂无
奉贤,来(來),[空],lae2(lɛ³¹),lae2,暂无
奉贤,来(來),[空],le2(le³¹),le2,暂无
奉贤,灾(災),[空],tse1(tse⁵³),tse1,暂无
奉贤,栽(栽),【校】原tse3,tse1(tse⁵³),tse1,暂无
奉贤,宰(宰),[空],tse3(tse⁴⁴),tse3,暂无
奉贤,载(載),[空],tse3(tse⁴⁴),tse3,暂无
奉贤,再(再),[空],tse5(tse³³⁵),tse5,暂无
奉贤,载(載),[空],tse5(tse³³⁵),tse5,暂无
奉贤,猜(猜),[空],tshoe1(tsʰø⁵³),tshoe1,暂无
奉贤,彩(彩),[空],tshe3(tsʰe⁴⁴),tshe3,暂无
奉贤,采(採),[空],tshe3(tsʰe⁴⁴),tshe3,暂无
奉贤,睬(睬),[空],tshe3(tsʰe⁴⁴),tshe3,暂无
奉贤,菜(菜),[空],tshe5(tsʰe³³⁵),tshe5,暂无
奉贤,才(才),[空],ze2(ze³¹),ze2,暂无
奉贤,财(財),[空],ze2(ze³¹),ze2,暂无
奉贤,材(材),[空],ze2(ze³¹),ze2,暂无
奉贤,裁(裁),[空],ze2(ze³¹),ze2,暂无
奉贤,在(在),[空],ze6(ze¹¹³),ze6,暂无
奉贤,载(載),[空],tse5(tse³³⁵),tse5,暂无
奉贤,赛(賽),[空],se5(se³³⁵),se5,暂无
奉贤,赛(賽),又,sae5(sɛ³³⁵),sae5,暂无
奉贤,该(該),[空],ke1(ke⁵³),ke1,暂无
奉贤,改(改),[空],ke3(ke⁴⁴),ke3,暂无
奉贤,概(概),[空],ke5(ke³³⁵),ke5,暂无
奉贤,概(概),又,kae5(kɛ³³⁵),kae5,暂无
奉贤,开(開),[空],khe1(kʰe⁵³),khe1,暂无
奉贤,慨(慨),[空],khe5(kʰe³³⁵),khe5,暂无
奉贤,碍(礙),[空],nge5(ŋe³³⁵),nge5,暂无
奉贤,海(海),[空],he3(he⁴⁴),he3,暂无
奉贤,孩(孩),[空],ghe2(ɦe³¹),ghe2,暂无
奉贤,哀(哀),[空],e1(∅e⁵³),e1,暂无
奉贤,爱(愛),[空],e5(∅e³³⁵),e5,暂无
奉贤,贝(貝),[空],pe5(ɓe³³⁵),pe5,暂无
奉贤,沛(沛),[空],phe1(pʰe⁵³),phe1,暂无
奉贤,带(帶),[空],ta5(ɗɑ³³⁵),ta5,暂无
奉贤,太(太),[空],tha5(tʰɑ³³⁵),tha5,暂无
奉贤,泰(泰),[空],tha5(tʰɑ³³⁵),tha5,暂无
奉贤,奈(奈),[空],ne6(ne¹¹³),ne6,暂无
奉贤,癞(癩),[空],la6(lɑ¹¹³),la6,暂无
奉贤,赖(賴),[空],la6(lɑ¹¹³),la6,暂无
奉贤,蔡(蔡),[空],tsha5(tsʰɑ³³⁵),tsha5,暂无
奉贤,盖(蓋),本字为㔶,ke3(ke⁴⁴),ke3,暂无
奉贤,艾(艾),[空],nge6(ŋe¹¹³),nge6,暂无
奉贤,害(害),[空],ghe6(ɦe¹¹³),ghe6,暂无
奉贤,拜(拜),[空],pa5(ɓɑ³³⁵),pa5,暂无
奉贤,排(排),[空],ba2(bɑ³¹),ba2,暂无
奉贤,埋(埋),[空],ma1(mɑ⁵³),ma1,暂无
奉贤,斋(齋),[空],tsa1(tsɑ⁵³),tsa1,暂无
奉贤,豺(豺),[空],za2(zɑ³¹),za2,暂无
奉贤,皆(皆),[空],cia1(ʄiɑ⁵³),cia1,暂无
奉贤,阶(階),白,ka1(kɑ⁵³),ka1,暂无
奉贤,阶(階),文,cia1(ʄiɑ⁵³),cia1,暂无
奉贤,介(介),[空],cia5(ʄiɑ³³⁵),cia5,暂无
奉贤,界(界),[空],cia5(ʄiɑ³³⁵),cia5,暂无
奉贤,界(界),白,ka5(kɑ³³⁵),ka5,暂无
奉贤,戒(戒),[空],cia5(ʄiɑ³³⁵),cia5,暂无
奉贤,戒(戒),白,ka5(kɑ³³⁵),ka5,暂无
奉贤,届(屆),[空],ka5(kɑ³³⁵),ka5,暂无
奉贤,届(屆),文,cia5(ʄiɑ³³⁵),cia5,暂无
奉贤,楷(楷),[空],kha1(kʰɑ⁵³),kha1,暂无
奉贤,挨(挨),白,a1(∅ɑ⁵³),a1,暂无
奉贤,挨(挨),文,e1(∅e⁵³),e1,暂无
奉贤,摆(擺),【校】原pa5,pa3(ɓɑ⁴⁴),pa3,暂无
奉贤,派(派),[空],pha5(pʰɑ³³⁵),pha5,暂无
奉贤,牌(牌),[空],ba2(bɑ³¹),ba2,暂无
奉贤,罢(罷),[空],ba6(bɑ¹¹³),ba6,暂无
奉贤,稗(稗),[空],ba6(bɑ¹¹³),ba6,暂无
奉贤,买(買),[空],ma4(mɑ²²),ma4,暂无
奉贤,买(買),又,ma6(mɑ¹¹³),ma6,暂无
奉贤,卖(賣),[空],ma6(mɑ¹¹³),ma6,暂无
奉贤,奶(奶),[空],na4(nɑ²²),na4,暂无
奉贤,奶(奶),又,na6(nɑ¹¹³),na6,暂无
奉贤,债(債),[空],tsa5(tsɑ³³⁵),tsa5,暂无
奉贤,差(差),[空],tsha1(tsʰɑ⁵³),tsha1,暂无
奉贤,钗(釵),[空],tsha1(tsʰɑ⁵³),tsha1,暂无
奉贤,柴(柴),[空],za2(zɑ³¹),za2,暂无
奉贤,筛(篩),[空],sy1(sy⁵³),sy1,暂无
奉贤,筛(篩),[空],sa1(sɑ⁵³),sa1,暂无
奉贤,晒(曬),文,sa5(sɑ³³⁵),sa5,暂无
奉贤,晒(曬),白,so5(so³³⁵),so5,暂无
奉贤,佳(佳),文,cia1(ʄiɑ⁵³),cia1,暂无
奉贤,佳(佳),白,ka1(kɑ⁵³),ka1,暂无
奉贤,街(街),[空],ka1(kɑ⁵³),ka1,暂无
奉贤,解(解),白,ka3(kɑ⁴⁴),ka3,暂无
奉贤,解(解),文,cia3(ʄiɑ⁴⁴),cia3,暂无
奉贤,涯(涯),【校】原ia1,ya2(ɦiɑ³¹),ya2,暂无
奉贤,鞋(鞋),[空],gha2(ɦɑ³¹),gha2,暂无
奉贤,蟹(蟹),【校】原ha5,ha3(hɑ⁴⁴),ha3,暂无
奉贤,矮(矮),[空],a3(∅ɑ⁴⁴),a3,暂无
奉贤,败(敗),[空],ba6(bɑ¹¹³),ba6,暂无
奉贤,迈(邁),[空],mae6(mɛ¹¹³),mae6,暂无
奉贤,弊(弊),[空],bi6(bi¹¹³),bi6,暂无
奉贤,币(幣),[空],bi6(bi¹¹³),bi6,暂无
奉贤,毙(斃),[空],bi6(bi¹¹³),bi6,暂无
奉贤,例(例),【校】原liq8,li6(li¹¹³),li6,暂无
奉贤,厉(厲),[空],li6(li¹¹³),li6,暂无
奉贤,祭(祭),[空],tsi5(tsi³³⁵),tsi5,暂无
奉贤,际(際),[空],tsi5(tsi³³⁵),tsi5,暂无
奉贤,制(制),[空],tsy3(tsy⁴⁴),tsy3,暂无
奉贤,制(制),[空],tsy5(tsy³³⁵),tsy5,暂无
奉贤,世(世),[空],sy3(sy⁴⁴),sy3,暂无
奉贤,世(世),[空],sy3(sy⁴⁴),sy3,暂无
奉贤,势(勢),[空],sy5(sy³³⁵),sy5,暂无
奉贤,誓(誓),[空],zy6(zy¹¹³),zy6,暂无
奉贤,逝(逝),[空],zy6(zy¹¹³),zy6,暂无
奉贤,艺(藝),[空],gni6(ɲi¹¹³),gni6,暂无
奉贤,闭(閉),[空],pi5(ɓi³³⁵),pi5,暂无
奉贤,批(批),[空],phi1(pʰi⁵³),phi1,暂无
奉贤,迷(迷),[空],mi2(mi³¹),mi2,暂无
奉贤,米(米),[空],mi6(mi¹¹³),mi6,暂无
奉贤,谜(謎),[空],mi6(mi¹¹³),mi6,暂无
奉贤,低(低),[空],ti1(ɗi⁵³),ti1,暂无
奉贤,堤(堤),[空],di2(di³¹),di2,暂无
奉贤,底(底),[空],ti3(ɗi⁴⁴),ti3,暂无
奉贤,抵(抵),[空],ti3(ɗi⁴⁴),ti3,暂无
奉贤,帝(帝),【校】原ti3,ti5(ɗi³³⁵),ti5,暂无
奉贤,梯(梯),[空],thi1(tʰi⁵³),thi1,暂无
奉贤,体(體),【校】原thi5,thi3(tʰi⁴⁴),thi3,暂无
奉贤,替(替),[空],thi5(tʰi³³⁵),thi5,暂无
奉贤,涕(涕),【校】原thi1,thi5(tʰi³³⁵),thi5,暂无
奉贤,剃(剃),[空],thi5(tʰi³³⁵),thi5,暂无
奉贤,题(題),[空],di2(di³¹),di2,暂无
奉贤,提(提),[空],di2(di³¹),di2,暂无
奉贤,啼(啼),[空],di2(di³¹),di2,暂无
奉贤,蹄(蹄),[空],di2(di³¹),di2,暂无
奉贤,弟(弟),[空],di6(di¹¹³),di6,暂无
奉贤,第(第),[空],di6(di¹¹³),di6,暂无
奉贤,泥(泥),[空],gni2(ɲi³¹),gni2,暂无
奉贤,犁(犁),[空],li2(li³¹),li2,暂无
奉贤,黎(黎),[空],li2(li³¹),li2,暂无
奉贤,礼(禮),[空],li4(li²²),li4,暂无
奉贤,丽(麗),[空],li6(li¹¹³),li6,暂无
奉贤,隶(隸),[空],di6(di¹¹³),di6,暂无
奉贤,挤(擠),[空],tsi3(tsi⁴⁴),tsi3,暂无
奉贤,济(濟),[空],tsi5(tsi³³⁵),tsi5,暂无
奉贤,妻(妻),[空],tshi1(tsʰi⁵³),tshi1,暂无
奉贤,齐(齊),[空],zi2(zi³¹),zi2,暂无
奉贤,西(西),[空],si1(si⁵³),si1,暂无
奉贤,洗(洗),[空],si3(si⁴⁴),si3,暂无
奉贤,细(細),[空],si5(si³³⁵),si5,暂无
奉贤,婿(婿),[空],shiu1(çy⁵³),shiu1,暂无
奉贤,婿(婿),白,si1(si⁵³),si1,暂无
奉贤,稽(稽),[空],ci1(ʄi⁵³),ci1,暂无
奉贤,鸡(雞),[空],ci1(ʄi⁵³),ci1,暂无
奉贤,计(計),[空],ci5(ʄi³³⁵),ci5,暂无
奉贤,继(繼),[空],ci5(ʄi³³⁵),ci5,暂无
奉贤,溪(溪),[空],chi1(cʰi⁵³),chi1,暂无
奉贤,启(啟),[空],chi5(cʰi³³⁵),chi5,暂无
奉贤,启(啟),[空],chi3(cʰi⁴⁴),chi3,暂无
奉贤,契(契),[空],chi5(cʰi³³⁵),chi5,暂无
奉贤,系(系),【校】原yi2,yi6(ɦi¹¹³),yi6,暂无
奉贤,杯(杯),[空],pe1(ɓe⁵³),pe1,暂无
奉贤,辈(輩),[空],pe5(ɓe³³⁵),pe5,暂无
奉贤,背(背),[空],pe5(ɓe³³⁵),pe5,暂无
奉贤,配(配),[空],phe5(pʰe³³⁵),phe5,暂无
奉贤,培(培),[空],be6(be¹¹³),be6,暂无
奉贤,培(培),[空],be2(be³¹),be2,暂无
奉贤,陪(陪),【校】原be6,be2(be³¹),be2,暂无
奉贤,赔(賠),【校】原be6,be2(be³¹),be2,暂无
奉贤,倍(倍),[空],be6(be¹¹³),be6,暂无
奉贤,背(背),[空],be6(be¹¹³),be6,暂无
奉贤,背(背),又,pe6(ɓe¹¹³),pe6,暂无
奉贤,佩(佩),[空],be6(be¹¹³),be6,暂无
奉贤,梅(梅),[空],me2(me³¹),me2,暂无
奉贤,枚(枚),[空],me2(me³¹),me2,暂无
奉贤,媒(媒),[空],me2(me³¹),me2,暂无
奉贤,煤(煤),[空],me2(me³¹),me2,暂无
奉贤,每(每),[空],me1(me⁵³),me1,暂无
奉贤,每(每),又,me3(me⁴⁴),me3,暂无
奉贤,妹(妹),[空],me6(me¹¹³),me6,暂无
奉贤,堆(堆),[空],te1(ɗe⁵³),te1,暂无
奉贤,对(對),[空],te5(ɗe³³⁵),te5,暂无
奉贤,推(推),[空],the1(tʰe⁵³),the1,暂无
奉贤,腿(腿),[空],the3(tʰe⁴⁴),the3,暂无
奉贤,退(退),[空],the5(tʰe³³⁵),the5,暂无
奉贤,队(隊),[空],de6(de¹¹³),de6,暂无
奉贤,内(內),[空],ne6(ne¹¹³),ne6,暂无
奉贤,雷(雷),[空],le2(le³¹),le2,暂无
奉贤,累(累),[空],le6(le¹¹³),le6,暂无
奉贤,累(累),白,li6(li¹¹³),li6,暂无
奉贤,催(催),[空],tshoe1(tsʰø⁵³),tshoe1,暂无
奉贤,崔(崔),[空],tshoe1(tsʰø⁵³),tshoe1,暂无
奉贤,罪(罪),[空],zoe6(zø¹¹³),zoe6,暂无
奉贤,罪(罪),~过,ze6(ze¹¹³),ze6,暂无
奉贤,碎(碎),[空],se5(se³³⁵),se5,暂无
奉贤,恢(恢),[空],fe1(ɸe⁵³),fe1,暂无
奉贤,恢(恢),又,fi1(ɸi⁵³),fi1,暂无
奉贤,恢(恢),白,khue1(kʰue⁵³),khue1,暂无
奉贤,桅(桅),[空],ngue2(ŋue³¹),ngue2,暂无
奉贤,灰(灰),[空],fe1(ɸe⁵³),fe1,暂无
奉贤,灰(灰),又,fi1(ɸi⁵³),fi1,暂无
奉贤,悔(悔),[空],fe5(ɸe³³⁵),fe5,暂无
奉贤,悔(悔),[空],fi3(ɸi⁴⁴),fi3,暂无
奉贤,贿(賄),[空],fe5(ɸe³³⁵),fe5,暂无
奉贤,回(回),[空],ve2(βe³¹),ve2,暂无
奉贤,茴(茴),[空],ve2(βe³¹),ve2,暂无
奉贤,汇(匯),[空],ve6(βe¹¹³),ve6,暂无
奉贤,溃(潰),[空],gue6(gue¹¹³),gue6,暂无
奉贤,蜕(蛻),[空],thoe5(tʰø³³⁵),thoe5,暂无
奉贤,最(最),[空],tsoe5(tsø³³⁵),tsoe5,暂无
奉贤,会(會),~计,kue5(kue³³⁵),kue5,暂无
奉贤,外(外),[空],nga6(ŋɑ¹¹³),nga6,暂无
奉贤,会(會),开~,ve6(βe¹¹³),ve6,暂无
奉贤,绘(繪),[空],ve6(βe¹¹³),ve6,暂无
奉贤,乖(乖),[空],kua1(kuɑ⁵³),kua1,暂无
奉贤,怪(怪),[空],kua5(kuɑ³³⁵),kua5,暂无
奉贤,块(塊),[空],khue5(kʰue³³⁵),khue5,暂无
奉贤,怀(懷),[空],va2(βɑ³¹),va2,暂无
奉贤,槐(槐),[空],va2(βɑ³¹),va2,暂无
奉贤,淮(淮),[空],va2(βɑ³¹),va2,暂无
奉贤,坏(壞),[空],va6(βɑ¹¹³),va6,暂无
奉贤,拐(拐),[空],kua3(kuɑ⁴⁴),kua3,暂无
奉贤,挂(掛),[空],ko5(ko³³⁵),ko5,暂无
奉贤,卦(卦),白,ko5(ko³³⁵),ko5,暂无
奉贤,卦(卦),文,kua5(kuɑ³³⁵),kua5,暂无
奉贤,歪(歪),[空],fa1(ɸɑ⁵³),fa1,暂无
奉贤,画(畫),[空],gho6(ɦo¹¹³),gho6,暂无
奉贤,快(快),[空],khua5(kʰuɑ³³⁵),khua5,暂无
奉贤,筷(筷),[空],khua5(kʰuɑ³³⁵),khua5,暂无
奉贤,筷(筷),[空],khuae3(kʰɛ⁴⁴),khuae3,暂无
奉贤,话(話),[空],gho6(ɦo¹¹³),gho6,暂无
奉贤,脆(脆),[空],tshoe5(tsʰø³³⁵),tshoe5,暂无
奉贤,岁(歲),[空],soe5(sø³³⁵),soe5,暂无
奉贤,税(稅),[空],soe5(sø³³⁵),soe5,暂无
奉贤,卫(衛),[空],ve6(βe¹¹³),ve6,暂无
奉贤,锐(銳),[空],soe5(sø³³⁵),soe5,暂无
奉贤,废(廢),[空],fi5(ɸi³³⁵),fi5,暂无
奉贤,肺(肺),[空],fi5(ɸi³³⁵),fi5,暂无
奉贤,桂(桂),[空],kue5(kue³³⁵),kue5,暂无
奉贤,惠(惠),[空],ve6(βe¹¹³),ve6,暂无
奉贤,惠(惠),[空],vi6(βi¹¹³),vi6,暂无
奉贤,慧(慧),[空],ve6(βe¹¹³),ve6,暂无
奉贤,碑(碑),[空],pe1(ɓe⁵³),pe1,暂无
奉贤,卑(卑),[空],pe1(ɓe⁵³),pe1,暂无
奉贤,臂(臂),[空],pi5(ɓi³³⁵),pi5,暂无
奉贤,臂(臂),~撑子,piq7(ɓiɪʔ⁵),piq7,暂无
奉贤,披(披),[空],phi1(pʰi⁵³),phi1,暂无
奉贤,皮(皮),[空],bi2(bi³¹),bi2,暂无
奉贤,疲(疲),[空],bi2(bi³¹),bi2,暂无
奉贤,脾(脾),[空],bi2(bi³¹),bi2,暂无
奉贤,被(被),[空],bi6(bi¹¹³),bi6,暂无
奉贤,避(避),[空],bi6(bi¹¹³),bi6,暂无
奉贤,离(離),[空],li2(li³¹),li2,暂无
奉贤,篱(籬),[空],li2(li³¹),li2,暂无
奉贤,璃(璃),[空],li2(li³¹),li2,暂无
奉贤,离(離),[空],li2(li³¹),li2,暂无
奉贤,紫(紫),[空],tsy3(tsy⁴⁴),tsy3,暂无
奉贤,雌(雌),[空],tshy1(tsʰy⁵³),tshy1,暂无
奉贤,此(此),[空],tshy3(tsʰy⁴⁴),tshy3,暂无
奉贤,刺(刺),[空],tshy5(tsʰy³³⁵),tshy5,暂无
奉贤,斯(斯),[空],sy1(sy⁵³),sy1,暂无
奉贤,撕(撕),[空],sy1(sy⁵³),sy1,暂无
奉贤,廝(廝),[空],sy1(sy⁵³),sy1,暂无
奉贤,知(知),[空],tsy1(tsy⁵³),tsy1,暂无
奉贤,蜘(蜘),[空],tsy1(tsy⁵³),tsy1,暂无
奉贤,智(智),【校】原tsy1,tsy5(tsy³³⁵),tsy5,暂无
奉贤,池(池),[空],zy2(zy³¹),zy2,暂无
奉贤,驰(馳),[空],zy2(zy³¹),zy2,暂无
奉贤,支(支),[空],tsy1(tsy⁵³),tsy1,暂无
奉贤,枝(枝),[空],tsy1(tsy⁵³),tsy1,暂无
奉贤,肢(肢),[空],tsy1(tsy⁵³),tsy1,暂无
奉贤,栀(梔),[空],tsy1(tsy⁵³),tsy1,暂无
奉贤,只(只),[空],tseq7(tseʔ⁵),tseq7,暂无
奉贤,纸(紙),[空],tsy3(tsy⁴⁴),tsy3,暂无
奉贤,施(施),[空],sy1(sy⁵³),sy1,暂无
奉贤,翅(翅),[空],tshy5(tsʰy³³⁵),tshy5,暂无
奉贤,是(是),[空],zy6(zy¹¹³),zy6,暂无
奉贤,氏(氏),[空],zy6(zy¹¹³),zy6,暂无
奉贤,儿(兒),【校】原gni6,gni2(ɲi³¹),gni2,暂无
奉贤,儿(兒),[空],ng2(ŋ³¹),ng2,暂无
奉贤,儿(兒),【校】原er3,er2(∅əl³¹),er2,暂无
奉贤,寄(寄),[空],ci5(ʄi³³⁵),ci5,暂无
奉贤,企(企),[空],chi3(cʰi⁴⁴),chi3,暂无
奉贤,奇(奇),[空],ji2(ɟi³¹),ji2,暂无
奉贤,骑(騎),[空],ji2(ɟi³¹),ji2,暂无
奉贤,岐(岐),[空],ji2(ɟi³¹),ji2,暂无
奉贤,技(技),[空],ji6(ɟi¹¹³),ji6,暂无
奉贤,妓(妓),[空],ji6(ɟi¹¹³),ji6,暂无
奉贤,宜(宜),[空],gni2(ɲi³¹),gni2,暂无
奉贤,仪(儀),[空],gni2(ɲi³¹),gni2,暂无
奉贤,蚁(蟻),[空],gni6(ɲi¹¹³),gni6,暂无
奉贤,义(義),[空],gni6(ɲi¹¹³),gni6,暂无
奉贤,议(議),[空],gni6(ɲi¹¹³),gni6,暂无
奉贤,谊(誼),[空],gni6(ɲi¹¹³),gni6,暂无
奉贤,牺(犧),[空],shi1(çi⁵³),shi1,暂无
奉贤,椅(椅),【校】原i5,i3(∅i⁴⁴),i3,暂无
奉贤,椅(椅),白,iu3(∅y⁴⁴),iu3,暂无
奉贤,移(移),[空],yi2(ɦi³¹),yi2,暂无
奉贤,易(易),[空],yi6(ɦi¹¹³),yi6,暂无
奉贤,悲(悲),[空],pe1(ɓe⁵³),pe1,暂无
奉贤,比(比),[空],pi3(ɓi⁴⁴),pi3,暂无
奉贤,泌(泌),[空],pi5(ɓi³³⁵),pi5,暂无
奉贤,庇(庇),[空],pi5(ɓi³³⁵),pi5,暂无
奉贤,痺(痺),[空],bi6(bi¹¹³),bi6,暂无
奉贤,屁(屁),[空],phi5(pʰi³³⁵),phi5,暂无
奉贤,备(備),[空],be6(be¹¹³),be6,暂无
奉贤,鼻(鼻),[空],biq8(biɪʔ³),biq8,暂无
奉贤,鼻(鼻),又,beq8(beʔ³),beq8,暂无
奉贤,眉(眉),[空],mi2(mi³¹),mi2,暂无
奉贤,美(美),[空],me3(me⁴⁴),me3,暂无
奉贤,美(美),[空],mi3(mi⁴⁴),mi3,暂无
奉贤,地(地),[空],di6(di¹¹³),di6,暂无
奉贤,尼(尼),[空],gni2(ɲi³¹),gni2,暂无
奉贤,腻(膩),[空],gni6(ɲi¹¹³),gni6,暂无
奉贤,梨(梨),[空],li2(li³¹),li2,暂无
奉贤,梨(梨),[空],li6(li¹¹³),li6,暂无
奉贤,利(利),[空],li6(li¹¹³),li6,暂无
奉贤,痢(痢),[空],li6(li¹¹³),li6,暂无
奉贤,资(資),[空],tsy1(tsy⁵³),tsy1,暂无
奉贤,姿(姿),[空],tsy1(tsy⁵³),tsy1,暂无
奉贤,咨(諮),[空],tsy1(tsy⁵³),tsy1,暂无
奉贤,姊(姊),[空],tsy3(tsy⁴⁴),tsy3,暂无
奉贤,次(次),【校】原tshy3,tshy5(tsʰy³³⁵),tshy5,暂无
奉贤,瓷(瓷),[空],zy2(zy³¹),zy2,暂无
奉贤,自(自),[空],zy6(zy¹¹³),zy6,暂无
奉贤,私(私),[空],sy1(sy⁵³),sy1,暂无
奉贤,死(死),[空],si3(si⁴⁴),si3,暂无
奉贤,死(死),文,sy3(sy⁴⁴),sy3,暂无
奉贤,四(四),[空],sy5(sy³³⁵),sy5,暂无
奉贤,致(致),[空],tsy3(tsy⁴⁴),tsy3,暂无
奉贤,致(致),[空],tsy5(tsy³³⁵),tsy5,暂无
奉贤,迟(遲),[空],zy2(zy³¹),zy2,暂无
奉贤,稚(稚),[空],zy6(zy¹¹³),zy6,暂无
奉贤,师(師),[空],sy1(sy⁵³),sy1,暂无
奉贤,狮(獅),[空],sy1(sy⁵³),sy1,暂无
奉贤,脂(脂),[空],tsy1(tsy⁵³),tsy1,暂无
奉贤,旨(旨),[空],tsy3(tsy⁴⁴),tsy3,暂无
奉贤,指(指),[空],tsy3(tsy⁴⁴),tsy3,暂无
奉贤,至(至),[空],tsy3(tsy⁴⁴),tsy3,暂无
奉贤,至(至),[空],tsy5(tsy³³⁵),tsy5,暂无
奉贤,示(示),[空],zy6(zy¹¹³),zy6,暂无
奉贤,尸(屍),[空],sy1(sy⁵³),sy1,暂无
奉贤,视(視),[空],zy6(zy¹¹³),zy6,暂无
奉贤,二(二),[空],gni6(ɲi¹¹³),gni6,暂无
奉贤,饥(飢),[空],ci1(ʄi⁵³),ci1,暂无
奉贤,器(器),[空],chi5(cʰi³³⁵),chi5,暂无
奉贤,弃(棄),[空],chi5(cʰi³³⁵),chi5,暂无
奉贤,夷(夷),[空],yi2(ɦi³¹),yi2,暂无
奉贤,姨(姨),[空],yi2(ɦi³¹),yi2,暂无
奉贤,你(你),[空],gni3(ɲi⁴⁴),gni3,暂无
奉贤,狸(狸),[空],li2(li³¹),li2,暂无
奉贤,李(李),[空],li4(li²²),li4,暂无
奉贤,里(裡),【校】原li6,li4(li²²),li4,暂无
奉贤,理(理),【校】原li6,li4(li²²),li4,暂无
奉贤,鲤(鯉),【校】原li6,li4(li²²),li4,暂无
奉贤,吏(吏),[空],li6(li¹¹³),li6,暂无
奉贤,滋(滋),[空],tsy1(tsy⁵³),tsy1,暂无
奉贤,子(子),[空],tsy3(tsy⁴⁴),tsy3,暂无
奉贤,慈(慈),[空],zy2(zy³¹),zy2,暂无
奉贤,磁(磁),[空],zy2(zy³¹),zy2,暂无
奉贤,字(字),[空],zy6(zy¹¹³),zy6,暂无
奉贤,司(司),[空],sy1(sy⁵³),sy1,暂无
奉贤,司(司),又,sy3(sy⁴⁴),sy3,暂无
奉贤,丝(絲),[空],sy1(sy⁵³),sy1,暂无
奉贤,思(思),【校】原sy3,sy1(sy⁵³),sy1,暂无
奉贤,辞(辭),【校】原zy6,zy2(zy³¹),zy2,暂无
奉贤,词(詞),[空],zy2(zy³¹),zy2,暂无
奉贤,祠(祠),[空],zy2(zy³¹),zy2,暂无
奉贤,似(似),[空],zy6(zy¹¹³),zy6,暂无
奉贤,寺(寺),[空],zy6(zy¹¹³),zy6,暂无
奉贤,饲(飼),[空],zy6(zy¹¹³),zy6,暂无
奉贤,嗣(嗣),[空],zy6(zy¹¹³),zy6,暂无
奉贤,置(置),[空],tsy3(tsy⁴⁴),tsy3,暂无
奉贤,耻(恥),[空],tshy3(tsʰy⁴⁴),tshy3,暂无
奉贤,持(持),【校】原zy6,zy2(zy³¹),zy2,暂无
奉贤,治(治),[空],zy6(zy¹¹³),zy6,暂无
奉贤,厕(廁),[空],tshy3(tsʰy⁴⁴),tshy3,暂无
奉贤,士(士),[空],zy6(zy¹¹³),zy6,暂无
奉贤,柿(柿),[空],zy6(zy¹¹³),zy6,暂无
奉贤,事(事),[空],zy6(zy¹¹³),zy6,暂无
奉贤,史(史),[空],sy3(sy⁴⁴),sy3,暂无
奉贤,使(使),[空],sy3(sy⁴⁴),sy3,暂无
奉贤,驶(駛),[空],sy3(sy⁴⁴),sy3,暂无
奉贤,之(之),[空],tsy1(tsy⁵³),tsy1,暂无
奉贤,芝(芝),【校】原tsy3,tsy1(tsy⁵³),tsy1,暂无
奉贤,止(止),[空],tsy3(tsy⁴⁴),tsy3,暂无
奉贤,址(址),[空],tsy3(tsy⁴⁴),tsy3,暂无
奉贤,志(志),[空],tsy3(tsy⁴⁴),tsy3,暂无
奉贤,志(志),[空],tsy5(tsy³³⁵),tsy5,暂无
奉贤,痣(痣),[空],tsy3(tsy⁴⁴),tsy3,暂无
奉贤,痣(痣),[空],tsy5(tsy³³⁵),tsy5,暂无
奉贤,齿(齒),[空],tshy3(tsʰy⁴⁴),tshy3,暂无
奉贤,诗(詩),[空],sy1(sy⁵³),sy1,暂无
奉贤,始(始),【校】原sy5,sy3(sy⁴⁴),sy3,暂无
奉贤,试(試),[空],sy3(sy⁴⁴),sy3,暂无
奉贤,试(試),[空],sy5(sy³³⁵),sy5,暂无
奉贤,时(時),【校】原zy6,zy2(zy³¹),zy2,暂无
奉贤,市(市),【校】原zy6,zy4(zy²²),zy4,暂无
奉贤,恃(恃),[空],zy6(zy¹¹³),zy6,暂无
奉贤,而(而),【校】原er3,er2(∅əl³¹),er2,暂无
奉贤,耳(耳),【校】原gni2,gni4(ɲi²²),gni4,暂无
奉贤,耳(耳),[空],er3(∅əl⁴⁴),er3,暂无
奉贤,基(基),[空],ci1(ʄi⁵³),ci1,暂无
奉贤,己(己),[空],ci3(ʄi⁴⁴),ci3,暂无
奉贤,纪(紀),[空],ci3(ʄi⁴⁴),ci3,暂无
奉贤,记(記),[空],ci5(ʄi³³⁵),ci5,暂无
奉贤,欺(欺),[空],chi1(cʰi⁵³),chi1,暂无
奉贤,起(起),[空],chi3(cʰi⁴⁴),chi3,暂无
奉贤,期(期),[空],ji2(ɟi³¹),ji2,暂无
奉贤,其(其),[空],ji2(ɟi³¹),ji2,暂无
奉贤,旗(旗),[空],ji2(ɟi³¹),ji2,暂无
奉贤,棋(棋),[空],ji2(ɟi³¹),ji2,暂无
奉贤,忌(忌),[空],ji6(ɟi¹¹³),ji6,暂无
奉贤,疑(疑),[空],gni2(ɲi³¹),gni2,暂无
奉贤,喜(喜),[空],shi3(çi⁴⁴),shi3,暂无
奉贤,医(醫),[空],i1(∅i⁵³),i1,暂无
奉贤,意(意),[空],i5(∅i³³⁵),i5,暂无
奉贤,已(已),[空],i3(∅i⁴⁴),i3,暂无
奉贤,已(已),[空],yi6(ɦi¹¹³),yi6,暂无
奉贤,以(以),【校】原i1,i3(∅i⁴⁴),i3,暂无
奉贤,以(以),[空],yi6(ɦi¹¹³),yi6,暂无
奉贤,异(異),[空],yi6(ɦi¹¹³),yi6,暂无
奉贤,机(機),[空],ci1(ʄi⁵³),ci1,暂无
奉贤,讥(譏),[空],ci1(ʄi⁵³),ci1,暂无
奉贤,饥(飢),[空],ci1(ʄi⁵³),ci1,暂无
奉贤,几(幾),~個,ci3(ʄi⁴⁴),ci3,暂无
奉贤,岂(豈),[空],chi3(cʰi⁴⁴),chi3,暂无
奉贤,气(氣),[空],chi5(cʰi³³⁵),chi5,暂无
奉贤,汽(汽),[空],chi5(cʰi³³⁵),chi5,暂无
奉贤,希(希),[空],shi1(çi⁵³),shi1,暂无
奉贤,稀(稀),[空],shi1(çi⁵³),shi1,暂无
奉贤,衣(衣),[空],i1(∅i⁵³),i1,暂无
奉贤,依(依),[空],i1(∅i⁵³),i1,暂无
奉贤,累(累),[空],le6(le¹¹³),le6,暂无
奉贤,嘴(嘴),白,tsy3(tsy⁴⁴),tsy3,暂无
奉贤,嘴(嘴),文,tsoe3(tsø⁴⁴),tsoe3,暂无
奉贤,随(隨),[空],zoe2(zø³¹),zoe2,暂无
奉贤,吹(吹),[空],tshy1(tsʰy⁵³),tshy1,暂无
奉贤,炊(炊),[空],tshoe1(tsʰø⁵³),tshoe1,暂无
奉贤,垂(垂),[空],zoe2(zø³¹),zoe2,暂无
奉贤,垂(垂),白,zy2(zy³¹),zy2,暂无
奉贤,睡(睡),[空],zoe6(zø¹¹³),zoe6,暂无
奉贤,瑞(瑞),[空],zoe6(zø¹¹³),zoe6,暂无
奉贤,瑞(瑞),又,ze6(ze¹¹³),ze6,暂无
奉贤,规(規),[空],kue1(kue⁵³),kue1,暂无
奉贤,诡(詭),[空],kue3(kue⁴⁴),kue3,暂无
奉贤,亏(虧),文,khue1(kʰue⁵³),khue1,暂无
奉贤,亏(虧),白,chiu1(cʰy⁵³),chiu1,暂无
奉贤,跪(跪),白,jiu6(ɟy¹¹³),jiu6,暂无
奉贤,跪(跪),又,zhiu6(ʑy¹¹³),zhiu6,暂无
奉贤,跪(跪),文,gue6(gue¹¹³),gue6,暂无
奉贤,危(危),[空],ngue2(ŋue³¹),ngue2,暂无
奉贤,伪(偽),[空],ue3(∅ue⁴⁴),ue3,暂无
奉贤,毁(毀),[空],fe5(ɸe³³⁵),fe5,暂无
奉贤,委(委),[空],ue3(∅ue⁴⁴),ue3,暂无
奉贤,喂(餵),[空],ue5(∅ue³³⁵),ue5,暂无
奉贤,喂(餵),白,iu5(∅y⁴⁴),iu5,暂无
奉贤,为(爲),作~【校】原ve4,ve2(βe³¹),ve2,暂无
奉贤,为(爲),因~,ve6(βe¹¹³),ve6,暂无
奉贤,垒(壘),【校】原le2,le4(le²²),le4,暂无
奉贤,类(類),[空],le6(le¹¹³),le6,暂无
奉贤,泪(淚),[空],li6(li¹¹³),li6,暂无
奉贤,醉(醉),[空],tsoe5(tsø³³⁵),tsoe5,暂无
奉贤,醉(醉),白,ciu5(ʄy³³⁵),ciu5,暂无
奉贤,翠(翠),[空],tshoe5(tsʰø³³⁵),tshoe5,暂无
奉贤,虽(雖),[空],soe1(sø⁵³),soe1,暂无
奉贤,隧(隧),[空],zoe6(zø¹¹³),zoe6,暂无
奉贤,追(追),[空],tsoe1(tsø⁵³),tsoe1,暂无
奉贤,衰(衰),[空],se1(se⁵³),se1,暂无
奉贤,衰(衰),又,sa1(sɑ⁵³),sa1,暂无
奉贤,帅(帥),[空],se5(se³³⁵),se5,暂无
奉贤,锥(錐),[空],tsoe1(tsø⁵³),tsoe1,暂无
奉贤,水(水),白,sy3(sy⁴⁴),sy3,暂无
奉贤,水(水),文,soe3(sø⁴⁴),soe3,暂无
奉贤,谁(誰),[空],zoe2(zø³¹),zoe2,暂无
奉贤,龟(龜),白,ciu1(ʄy⁵³),ciu1,暂无
奉贤,龟(龜),文,kue1(kue⁵³),kue1,暂无
奉贤,轨(軌),[空],kue3(kue⁴⁴),kue3,暂无
奉贤,癸(癸),[空],kue3(kue⁴⁴),kue3,暂无
奉贤,季(季),[空],ci5(ʄi³³⁵),ci5,暂无
奉贤,葵(葵),[空],gue2(gue³¹),gue2,暂无
奉贤,柜(櫃),文,gue6(gue¹¹³),gue6,暂无
奉贤,柜(櫃),白,zhiu6(ʑy¹¹³),zhiu6,暂无
奉贤,位(位),[空],ve6(βe¹¹³),ve6,暂无
奉贤,维(維),白,vi2(βi³¹),vi2,暂无
奉贤,维(維),文,ue5(∅ue³³⁵),ue5,暂无
奉贤,唯(唯),【校】原ve6,vi2(βi³¹),vi2,暂无
奉贤,惟(惟),白,vi2(βi³¹),vi2,暂无
奉贤,惟(惟),文,ue5(∅ue³³⁵),ue5,暂无
奉贤,遗(遺),[空],yi2(ɦi³¹),yi2,暂无
奉贤,飞(飛),[空],fi1(ɸi⁵³),fi1,暂无
奉贤,非(非),[空],fi1(ɸi⁵³),fi1,暂无
奉贤,匪(匪),[空],fi3(ɸi⁴⁴),fi3,暂无
奉贤,匪(匪),[空],fi5(ɸi³³⁵),fi5,暂无
奉贤,妃(妃),[空],fi1(ɸi⁵³),fi1,暂无
奉贤,费(費),[空],fi5(ɸi³³⁵),fi5,暂无
奉贤,费(費),姓氏,vi6(βi¹¹³),vi6,暂无
奉贤,肥(肥),文,vi2(βi³¹),vi2,暂无
奉贤,肥(肥),白,bi2(bi³¹),bi2,暂无
奉贤,微(微),[空],vi2(βi³¹),vi2,暂无
奉贤,尾(尾),文【校】原vi2,vi4(βi²²),vi4,暂无
奉贤,尾(尾),白,gni4(ɲi²²),gni4,暂无
奉贤,未(未),[空],vi6(βi¹¹³),vi6,暂无
奉贤,味(味),白,mi6(mi¹¹³),mi6,暂无
奉贤,味(味),文,vi6(βi¹¹³),vi6,暂无
奉贤,归(歸),文,kue1(kue⁵³),kue1,暂无
奉贤,归(歸),白,ciu1(ʄy⁵³),ciu1,暂无
奉贤,鬼(鬼),文,kue3(kue⁴⁴),kue3,暂无
奉贤,鬼(鬼),白,ciu3(ʄy⁴⁴),ciu3,暂无
奉贤,贵(貴),文,kue5(kue³³⁵),kue5,暂无
奉贤,贵(貴),白,ciu5(ʄy³³⁵),ciu5,暂无
奉贤,魏(魏),[空],ngue6(ŋue¹¹³),ngue6,暂无
奉贤,挥(揮),[空],fe5(ɸe³³⁵),fe5,暂无
奉贤,辉(輝),[空],fe1(ɸe⁵³),fe1,暂无
奉贤,辉(輝),又,fi1(ɸi⁵³),fi1,暂无
奉贤,徽(徽),[空],fe1(ɸe⁵³),fe1,暂无
奉贤,徽(徽),又,fi1(ɸi⁵³),fi1,暂无
奉贤,威(威),[空],ue1(∅ue⁵³),ue1,暂无
奉贤,畏(畏),[空],ue5(∅ue³³⁵),ue5,暂无
奉贤,慰(慰),[空],ve6(βe¹¹³),ve6,暂无
奉贤,违(違),[空],ve2(βe³¹),ve2,暂无
奉贤,围(圍),文,ve2(βe³¹),ve2,暂无
奉贤,围(圍),白,yu2(ɦy³¹),yu2,暂无
奉贤,伟(偉),【校】原ve2,ve6(βe¹¹³),ve6,暂无
奉贤,伟(偉),又,vi6(βi¹¹³),vi6,暂无
奉贤,苇(葦),[空],ve2(βe³¹),ve2,暂无
奉贤,纬(緯),[空],ve6(βe¹¹³),ve6,暂无
奉贤,胃(胃),[空],ve6(βe¹¹³),ve6,暂无
奉贤,谓(謂),[空],ve6(βe¹¹³),ve6,暂无
奉贤,汇(匯),[空],ve6(βe¹¹³),ve6,暂无
奉贤,褒(褒),[空],peu1(ɓɯ⁵³),peu1,暂无
奉贤,褒(褒),新读,pau3(ɓɔ⁴⁴),pau3,暂无
奉贤,宝(寶),[空],pau3(ɓɔ⁴⁴),pau3,暂无
奉贤,保(保),[空],pau3(ɓɔ⁴⁴),pau3,暂无
奉贤,堡(堡),[空],pau3(ɓɔ⁴⁴),pau3,暂无
奉贤,报(報),[空],pau5(ɓɔ³³⁵),pau5,暂无
奉贤,袍(袍),[空],bau2(bɔ³¹),bau2,暂无
奉贤,抱(抱),[空],bau6(bɔ¹¹³),bau6,暂无
奉贤,暴(暴),[空],bau6(bɔ¹¹³),bau6,暂无
奉贤,毛(毛),[空],mau2(mɔ³¹),mau2,暂无
奉贤,冒(冒),[空],mau6(mɔ¹¹³),mau6,暂无
奉贤,帽(帽),[空],mau6(mɔ¹¹³),mau6,暂无
奉贤,刀(刀),[空],tau1(ɗɔ⁵³),tau1,暂无
奉贤,岛(島),【校】原tau5,tau3(ɗɔ⁴⁴),tau3,暂无
奉贤,倒(倒),[空],tau3(ɗɔ⁴⁴),tau3,暂无
奉贤,倒(倒),[空],tau5(ɗɔ³³⁵),tau5,暂无
奉贤,到(到),[空],tau5(ɗɔ³³⁵),tau5,暂无
奉贤,滔(滔),[空],thau1(tʰɔ⁵³),thau1,暂无
奉贤,掏(掏),[空],dau2(dɔ³¹),dau2,暂无
奉贤,掏(掏),[空],thau1(tʰɔ⁵³),thau1,暂无
奉贤,讨(討),[空],thau3(tʰɔ⁴⁴),thau3,暂无
奉贤,套(套),[空],thau5(tʰɔ³³⁵),thau5,暂无
奉贤,桃(桃),[空],dau2(dɔ³¹),dau2,暂无
奉贤,逃(逃),[空],dau2(dɔ³¹),dau2,暂无
奉贤,陶(陶),[空],dau2(dɔ³¹),dau2,暂无
奉贤,道(道),[空],dau6(dɔ¹¹³),dau6,暂无
奉贤,道(道),[空],dau4(dɔ²²),dau4,暂无
奉贤,稻(稻),[空],dau6(dɔ¹¹³),dau6,暂无
奉贤,导(導),[空],dau6(dɔ¹¹³),dau6,暂无
奉贤,盗(盜),[空],dau6(dɔ¹¹³),dau6,暂无
奉贤,脑(腦),[空],nau6(nɔ¹¹³),nau6,暂无
奉贤,恼(惱),[空],nau6(nɔ¹¹³),nau6,暂无
奉贤,捞(撈),[空],lau1(lɔ⁵³),lau1,暂无
奉贤,劳(勞),[空],lau2(lɔ³¹),lau2,暂无
奉贤,牢(牢),[空],lau2(lɔ³¹),lau2,暂无
奉贤,老(老),【校】原lau6,lau3(lɔ⁴⁴),lau3,暂无
奉贤,涝(澇),[空],lau6(lɔ¹¹³),lau6,暂无
奉贤,遭(遭),[空],tsau1(tsɔ⁵³),tsau1,暂无
奉贤,糟(糟),[空],tsau1(tsɔ⁵³),tsau1,暂无
奉贤,早(早),[空],tsau3(tsɔ⁴⁴),tsau3,暂无
奉贤,枣(棗),[空],tsau3(tsɔ⁴⁴),tsau3,暂无
奉贤,灶(灶),[空],tsau5(tsɔ³³⁵),tsau5,暂无
奉贤,操(操),[空],tshau1(tsʰɔ⁵³),tshau1,暂无
奉贤,草(草),[空],tshau3(tsʰɔ⁴⁴),tshau3,暂无
奉贤,糙(糙),[空],tshau5(tsʰɔ³³⁵),tshau5,暂无
奉贤,曹(曹),[空],zau2(zɔ³¹),zau2,暂无
奉贤,曹(曹),又,zau4(zɔ²²),zau4,暂无
奉贤,槽(槽),[空],zau2(zɔ³¹),zau2,暂无
奉贤,皂(皂),[空],zau6(zɔ¹¹³),zau6,暂无
奉贤,皂(皂),[空],zau4(zɔ²²),zau4,暂无
奉贤,造(造),【校】原zau6,zau4(zɔ²²),zau4,暂无
奉贤,騒(騒),[空],sau1(sɔ⁵³),sau1,暂无
奉贤,扫(掃),【校】原sau5,sau3(sɔ⁴⁴),sau3,暂无
奉贤,嫂(嫂),[空],sau3(sɔ⁴⁴),sau3,暂无
奉贤,高(高),[空],kau1(kɔ⁵³),kau1,暂无
奉贤,膏(膏),[空],kau1(kɔ⁵³),kau1,暂无
奉贤,糕(糕),[空],kau1(kɔ⁵³),kau1,暂无
奉贤,羔(羔),[空],kau1(kɔ⁵³),kau1,暂无
奉贤,稿(稿),[空],kau3(kɔ⁴⁴),kau3,暂无
奉贤,告(告),[空],kau5(kɔ³³⁵),kau5,暂无
奉贤,考(考),[空],khau3(kʰɔ⁴⁴),khau3,暂无
奉贤,烤(烤),[空],khau3(kʰɔ⁴⁴),khau3,暂无
奉贤,靠(靠),[空],khau5(kʰɔ³³⁵),khau5,暂无
奉贤,熬(熬),[空],ngau2(ŋɔ³¹),ngau2,暂无
奉贤,傲(傲),【校】原ngau2,ngau6(ŋɔ¹¹³),ngau6,暂无
奉贤,好(好),[空],hau3(hɔ⁴⁴),hau3,暂无
奉贤,豪(豪),[空],ghau2(ɦɔ³¹),ghau2,暂无
奉贤,毫(毫),[空],ghau2(ɦɔ³¹),ghau2,暂无
奉贤,号(號),[空],ghau6(ɦɔ¹¹³),ghau6,暂无
奉贤,袄(襖),[空],au3(∅ɔ⁴⁴),au3,暂无
奉贤,懊(懊),[空],au3(∅ɔ⁴⁴),au3,暂无
奉贤,奥(奧),[空],au5(∅ɔ³³⁵),au5,暂无
奉贤,包(包),[空],pau1(ɓɔ⁵³),pau1,暂无
奉贤,胞(胞),[空],pau1(ɓɔ⁵³),pau1,暂无
奉贤,饱(飽),[空],pau3(ɓɔ⁴⁴),pau3,暂无
奉贤,豹(豹),[空],pau5(ɓɔ³³⁵),pau5,暂无
奉贤,爆(爆),[空],pau5(ɓɔ³³⁵),pau5,暂无
奉贤,爆(爆),[空],bau6(bɔ¹¹³),bau6,暂无
奉贤,抛(拋),[空],phau1(pʰɔ⁵³),phau1,暂无
奉贤,泡(泡),[空],phau5(pʰɔ³³⁵),phau5,暂无
奉贤,炮(炮),[空],phau5(pʰɔ³³⁵),phau5,暂无
奉贤,跑(跑),[空],bau2(bɔ³¹),bau2,暂无
奉贤,跑(跑),又。走,pau5(ɓɔ³³⁵),pau5,暂无
奉贤,鲍(鮑),[空],bau6(bɔ¹¹³),bau6,暂无
奉贤,刨(刨),[空],bau6(bɔ¹¹³),bau6,暂无
奉贤,猫(貓),[空],mau2(mɔ³¹),mau2,暂无
奉贤,猫(貓),【校】原mau3,mau1(mɔ⁵³),mau1,暂无
奉贤,茅(茅),[空],mau2(mɔ³¹),mau2,暂无
奉贤,锚(錨),[空],mau2(mɔ³¹),mau2,暂无
奉贤,卯(卯),[空],mau6(mɔ¹¹³),mau6,暂无
奉贤,貌(貌),[空],mau6(mɔ¹¹³),mau6,暂无
奉贤,挠(撓),[空],gniau6(ɲiɔ¹¹³),gniau6,暂无
奉贤,闹(鬧),[空],nau6(nɔ¹¹³),nau6,暂无
奉贤,罩(罩),[空],tsau5(tsɔ³³⁵),tsau5,暂无
奉贤,抓(抓),[空],tsa1(tsɑ⁵³),tsa1,暂无
奉贤,爪(爪),[空],tsau3(tsɔ⁴⁴),tsau3,暂无
奉贤,找(找),[空],tsau3(tsɔ⁴⁴),tsau3,暂无
奉贤,抄(抄),[空],tshau1(tsʰɔ⁵³),tshau1,暂无
奉贤,炒(炒),[空],tshau3(tsʰɔ⁴⁴),tshau3,暂无
奉贤,吵(吵),[空],tshau3(tsʰɔ⁴⁴),tshau3,暂无
奉贤,巢(巢),[空],ziau2(ziɔ³¹),ziau2,暂无
奉贤,梢(梢),[空],siau1(siɔ⁵³),siau1,暂无
奉贤,捎(捎),[空],siau1(siɔ⁵³),siau1,暂无
奉贤,稍(稍),[空],sau1(sɔ⁵³),sau1,暂无
奉贤,交(交),白,kau1(kɔ⁵³),kau1,暂无
奉贤,交(交),文,ciau1(ʄiɔ⁵³),ciau1,暂无
奉贤,郊(郊),[空],ciau1(ʄiɔ⁵³),ciau1,暂无
奉贤,胶(膠),白,kau1(kɔ⁵³),kau1,暂无
奉贤,胶(膠),文,ciau1(ʄiɔ⁵³),ciau1,暂无
奉贤,教(教),白,kau5(kɔ³³⁵),kau5,暂无
奉贤,教(教),文,ciau5(ʄiɔ³³⁵),ciau5,暂无
奉贤,绞(絞),白,kau3(kɔ⁴⁴),kau3,暂无
奉贤,绞(絞),文,ciau3(ʄiɔ⁴⁴),ciau3,暂无
奉贤,狡(狡),[空],ciau3(ʄiɔ⁴⁴),ciau3,暂无
奉贤,搅(攪),【校】原kau5,kau3(kɔ⁴⁴),kau3,暂无
奉贤,搞(搞),[空],gau6(gɔ¹¹³),gau6,暂无
奉贤,搞(搞),[空],kau3(kɔ⁴⁴),kau3,暂无
奉贤,酵(酵),白,kau5(kɔ³³⁵),kau5,暂无
奉贤,酵(酵),文,shiau5(çiɔ³³⁵),shiau5,暂无
奉贤,校(校),~對,ciau5(ʄiɔ³³⁵),ciau5,暂无
奉贤,较(較),[空],ciau5(ʄiɔ³³⁵),ciau5,暂无
奉贤,敲(敲),[空],khau1(kʰɔ⁵³),khau1,暂无
奉贤,巧(巧),[空],chiau3(cʰiɔ⁴⁴),chiau3,暂无
奉贤,咬(咬),[空],ngau6(ŋɔ¹¹³),ngau6,暂无
奉贤,孝(孝),[空],shiau5(çiɔ³³⁵),shiau5,暂无
奉贤,孝(孝),白,hau5(hɔ³³⁵),hau5,暂无
奉贤,淆(淆),[空],yau2(ɦiɔ³¹),yau2,暂无
奉贤,效(效),[空],yau6(ɦiɔ¹¹³),yau6,暂无
奉贤,校(校),學~,yau6(ɦiɔ¹¹³),yau6,暂无
奉贤,标(標),[空],piau1(ɓiɔ⁵³),piau1,暂无
奉贤,表(表),[空],piau3(ɓiɔ⁴⁴),piau3,暂无
奉贤,飘(飄),[空],phiau1(pʰiɔ⁵³),phiau1,暂无
奉贤,漂(漂),[空],phiau3(pʰiɔ⁴⁴),phiau3,暂无
奉贤,票(票),[空],phiau5(pʰiɔ³³⁵),phiau5,暂无
奉贤,漂(漂),~亮,phiau5(pʰiɔ³³⁵),phiau5,暂无
奉贤,嫖(嫖),[空],biau2(biɔ³¹),biau2,暂无
奉贤,苗(苗),[空],miau2(miɔ³¹),miau2,暂无
奉贤,描(描),[空],miau2(miɔ³¹),miau2,暂无
奉贤,秒(秒),【校】原miau4,miau3(miɔ²²),miau3,暂无
奉贤,渺(渺),【校】原miau4,miau3(miɔ²²),miau3,暂无
奉贤,庙(廟),[空],miau6(miɔ¹¹³),miau6,暂无
奉贤,妙(妙),[空],miau3(miɔ⁴⁴),miau3,暂无
奉贤,妙(妙),[空],miau6(miɔ¹¹³),miau6,暂无
奉贤,燎(燎),[空],liau2(liɔ³¹),liau2,暂无
奉贤,疗(療),[空],liau6(liɔ¹¹³),liau6,暂无
奉贤,疗(療),[空],liau2(liɔ³¹),liau2,暂无
奉贤,焦(焦),[空],tsiau1(tsiɔ⁵³),tsiau1,暂无
奉贤,蕉(蕉),[空],tsiau1(tsiɔ⁵³),tsiau1,暂无
奉贤,椒(椒),[空],tsiau1(tsiɔ⁵³),tsiau1,暂无
奉贤,锹(鍬),[空],tshiau1(tsʰiɔ⁵³),tshiau1,暂无
奉贤,缲(繰),[空],tshiau1(tsʰiɔ⁵³),tshiau1,暂无
奉贤,消(消),[空],siau1(siɔ⁵³),siau1,暂无
奉贤,宵(宵),[空],siau1(siɔ⁵³),siau1,暂无
奉贤,霄(霄),[空],siau1(siɔ⁵³),siau1,暂无
奉贤,销(銷),[空],siau1(siɔ⁵³),siau1,暂无
奉贤,小(小),[空],siau3(siɔ⁴⁴),siau3,暂无
奉贤,笑(笑),[空],siau5(siɔ³³⁵),siau5,暂无
奉贤,朝(朝),[空],tsau1(tsɔ⁵³),tsau1,暂无
奉贤,超(超),[空],tshau1(tsʰɔ⁵³),tshau1,暂无
奉贤,朝(朝),[空],zau2(zɔ³¹),zau2,暂无
奉贤,潮(潮),[空],zau2(zɔ³¹),zau2,暂无
奉贤,赵(趙),[空],zau6(zɔ¹¹³),zau6,暂无
奉贤,兆(兆),[空],zau4(zɔ²²),zau4,暂无
奉贤,兆(兆),[空],zau4(zɔ²²),zau4,暂无
奉贤,昭(昭),[空],tsau1(tsɔ⁵³),tsau1,暂无
奉贤,照(照),[空],tsau5(tsɔ³³⁵),tsau5,暂无
奉贤,少(少),[空],sau3(sɔ⁴⁴),sau3,暂无
奉贤,少(少),~年,sau5(sɔ³³⁵),sau5,暂无
奉贤,绍(紹),[空],zau6(zɔ¹¹³),zau6,暂无
奉贤,绕(繞),[空],gniau4(ɲiɔ²²),gniau4,暂无
奉贤,乔(喬),[空],jiau2(ɟiɔ³¹),jiau2,暂无
奉贤,桥(橋),[空],jiau2(ɟiɔ³¹),jiau2,暂无
奉贤,侨(僑),[空],jiau2(ɟiɔ³¹),jiau2,暂无
奉贤,轿(轎),[空],jiau6(ɟiɔ¹¹³),jiau6,暂无
奉贤,妖(妖),[空],iau1(∅iɔ⁵³),iau1,暂无
奉贤,邀(邀),[空],iau1(∅iɔ⁵³),iau1,暂无
奉贤,腰(腰),[空],iau1(∅iɔ⁵³),iau1,暂无
奉贤,要(要),~求,iau1(∅iɔ⁵³),iau1,暂无
奉贤,要(要),[空],iau5(∅iɔ³³⁵),iau5,暂无
奉贤,揺(揺),[空],yau2(ɦiɔ³¹),yau2,暂无
奉贤,谣(謠),[空],yau2(ɦiɔ³¹),yau2,暂无
奉贤,窑(窯),[空],yau2(ɦiɔ³¹),yau2,暂无
奉贤,姚(姚),[空],yau2(ɦiɔ³¹),yau2,暂无
奉贤,舀(舀),[空],yau6(ɦiɔ¹¹³),yau6,暂无
奉贤,耀(耀),[空],yau6(ɦiɔ¹¹³),yau6,暂无
奉贤,鹞(鷂),[空],yau6(ɦiɔ¹¹³),yau6,暂无
奉贤,刁(刁),[空],tiau1(ɗiɔ⁵³),tiau1,暂无
奉贤,貂(貂),[空],tiau1(ɗiɔ⁵³),tiau1,暂无
奉贤,雕(雕),[空],tiau1(ɗiɔ⁵³),tiau1,暂无
奉贤,鸟(鳥),[空],tiau3(ɗiɔ⁴⁴),tiau3,暂无
奉贤,钓(釣),[空],tiau5(ɗiɔ³³⁵),tiau5,暂无
奉贤,吊(吊),[空],tiau5(ɗiɔ³³⁵),tiau5,暂无
奉贤,挑(挑),[空],thiau1(tʰiɔ⁵³),thiau1,暂无
奉贤,挑(挑),又。~绑绑,chiau1(cʰiɔ⁵³),chiau1,暂无
奉贤,跳(跳),[空],thiau5(tʰiɔ³³⁵),thiau5,暂无
奉贤,条(條),[空],diau2(diɔ³¹),diau2,暂无
奉贤,调(調),[空],diau2(diɔ³¹),diau2,暂无
奉贤,掉(掉),[空],diau6(diɔ¹¹³),diau6,暂无
奉贤,尿(尿),文,gniau3(ɲiɔ⁴⁴),gniau3,暂无
奉贤,尿(尿),白,sy1(sy⁵³),sy1,暂无
奉贤,辽(遼),[空],liau2(liɔ³¹),liau2,暂无
奉贤,聊(聊),[空],liau2(liɔ³¹),liau2,暂无
奉贤,撩(撩),[空],liau2(liɔ³¹),liau2,暂无
奉贤,寥(寥),[空],liau2(liɔ³¹),liau2,暂无
奉贤,了(了),[空],liau4(liɔ²²),liau4,暂无
奉贤,料(料),[空],liau6(liɔ¹¹³),liau6,暂无
奉贤,萧(蕭),[空],siau1(siɔ⁵³),siau1,暂无
奉贤,箫(簫),[空],siau1(siɔ⁵³),siau1,暂无
奉贤,浇(澆),文,ciau1(ʄiɔ⁵³),ciau1,暂无
奉贤,浇(澆),白,kau1(kɔ⁵³),kau1,暂无
奉贤,缴(繳),[空],ciau1(ʄiɔ⁵³),ciau1,暂无
奉贤,叫(叫),[空],ciau5(ʄiɔ³³⁵),ciau5,暂无
奉贤,晓(曉),【校】原shiau5,shiau3(çiɔ⁴⁴),shiau3,暂无
奉贤,晓(曉),又,hau3(hɔ⁴⁴),hau3,暂无
奉贤,么(麼),[空],iau1(∅iɔ⁵³),iau1,暂无
奉贤,剖(剖),[空],pheu5(pʰɯ³³⁵),pheu5,暂无
奉贤,某(某),[空],meu4(mɯ²²),meu4,暂无
奉贤,母(母),[空],mu4(mu²²),mu4,暂无
奉贤,亩(畝),文,meu4(mɯ²²),meu4,暂无
奉贤,亩(畝),白,m4(m²²),m4,暂无
奉贤,拇(拇),文,mu4(mu²²),mu4,暂无
奉贤,拇(拇),白,m5(m³³⁵),m5,暂无
奉贤,茂(茂),[空],meu6(mɯ¹¹³),meu6,暂无
奉贤,贸(貿),[空],meu6(mɯ¹¹³),meu6,暂无
奉贤,兜(兜),[空],teu1(ɗɯ⁵³),teu1,暂无
奉贤,斗(鬥),[空],teu5(ɗɯ³³⁵),teu5,暂无
奉贤,抖(抖),[空],teu3(ɗɯ⁴⁴),teu3,暂无
奉贤,陡(陡),[空],teu3(ɗɯ⁴⁴),teu3,暂无
奉贤,斗(斗),[空],teu3(ɗɯ⁴⁴),teu3,暂无
奉贤,偷(偷),[空],theu1(tʰɯ⁵³),theu1,暂无
奉贤,透(透),[空],theu5(tʰɯ³³⁵),theu5,暂无
奉贤,头(頭),[空],deu2(dɯ³¹),deu2,暂无
奉贤,投(投),[空],deu2(dɯ³¹),deu2,暂无
奉贤,豆(豆),[空],deu6(dɯ¹¹³),deu6,暂无
奉贤,楼(樓),[空],leu2(lɯ³¹),leu2,暂无
奉贤,搂(摟),【校】原leu2,leu4(lɯ²²),leu4,暂无
奉贤,篓(簍),[空],leu2(lɯ³¹),leu2,暂无
奉贤,漏(漏),[空],leu6(lɯ¹¹³),leu6,暂无
奉贤,陋(陋),[空],leu6(lɯ¹¹³),leu6,暂无
奉贤,走(走),[空],tseu3(tsɯ⁴⁴),tseu3,暂无
奉贤,奏(奏),[空],tseu5(tsɯ³³⁵),tseu5,暂无
奉贤,凑(湊),[空],tsheu5(tsʰɯ³³⁵),tsheu5,暂无
奉贤,勾(勾),[空],keu1(kɯ⁵³),keu1,暂无
奉贤,钩(鉤),[空],keu1(kɯ⁵³),keu1,暂无
奉贤,沟(溝),[空],keu1(kɯ⁵³),keu1,暂无
奉贤,狗(狗),[空],keu3(kɯ⁴⁴),keu3,暂无
奉贤,够(夠),[空],keu5(kɯ³³⁵),keu5,暂无
奉贤,购(購),[空],keu5(kɯ³³⁵),keu5,暂无
奉贤,构(構),[空],keu5(kɯ³³⁵),keu5,暂无
奉贤,口(口),[空],kheu3(kʰɯ⁴⁴),kheu3,暂无
奉贤,扣(扣),[空],kheu5(kʰɯ³³⁵),kheu5,暂无
奉贤,藕(藕),[空],ngeu4(ŋɯ²²),ngeu4,暂无
奉贤,偶(偶),[空],ngeu4(ŋɯ²²),ngeu4,暂无
奉贤,吼(吼),[空],heu5(hɯ³³⁵),heu5,暂无
奉贤,吼(吼),[空],heu3(hɯ⁴⁴),heu3,暂无
奉贤,侯(侯),[空],gheu2(ɦɯ³¹),gheu2,暂无
奉贤,喉(喉),[空],gheu2(ɦɯ³¹),gheu2,暂无
奉贤,喉(喉),[空],vu2(βu³¹),vu2,暂无
奉贤,猴(猴),[空],gheu2(ɦɯ³¹),gheu2,暂无
奉贤,厚(厚),[空],gheu6(ɦɯ¹¹³),gheu6,暂无
奉贤,后(後),[空],gheu6(ɦɯ¹¹³),gheu6,暂无
奉贤,候(候),[空],gheu2(ɦɯ³¹),gheu2,暂无
奉贤,欧(歐),[空],eu1(∅ɯ⁵³),eu1,暂无
奉贤,呕(嘔),[空],eu3(∅ɯ⁴⁴),eu3,暂无
奉贤,殴(毆),[空],eu3(∅ɯ⁴⁴),eu3,暂无
奉贤,否(否),[空],feu5(ɸɯ³³⁵),feu5,暂无
奉贤,富(富),[空],fu5(ɸu³³⁵),fu5,暂无
奉贤,副(副),[空],fu5(ɸu³³⁵),fu5,暂无
奉贤,浮(浮),[空],veu2(βɯ³¹),veu2,暂无
奉贤,妇(婦),[空],vu4(βu²²),vu4,暂无
奉贤,负(負),【校】原vu4,veu4(βɯ²²),veu4,暂无
奉贤,谋(謀),[空],meu2(mɯ³¹),meu2,暂无
奉贤,矛(矛),[空],meu2(mɯ³¹),meu2,暂无
奉贤,扭(扭),【校】原gnieu5,gnieu3(ɲiɯ⁴⁴),gnieu3,暂无
奉贤,流(流),[空],lieu2(liɯ³¹),lieu2,暂无
奉贤,刘(劉),[空],lieu2(liɯ³¹),lieu2,暂无
奉贤,留(留),[空],lieu2(liɯ³¹),lieu2,暂无
奉贤,榴(榴),[空],lieu2(liɯ³¹),lieu2,暂无
奉贤,柳(柳),【校】原lieu2,lieu4(liɯ²²),lieu4,暂无
奉贤,溜(溜),[空],lieu1(liɯ⁵³),lieu1,暂无
奉贤,酒(酒),[空],tsieu3(tsiɯ⁴⁴),tsieu3,暂无
奉贤,秋(秋),[空],tshieu1(tsʰiɯ⁵³),tshieu1,暂无
奉贤,就(就),[空],zieu6(ziɯ¹¹³),zieu6,暂无
奉贤,修(修),[空],sieu1(siɯ⁵³),sieu1,暂无
奉贤,羞(羞),[空],sieu1(siɯ⁵³),sieu1,暂无
奉贤,秀(秀),[空],sieu5(siɯ³³⁵),sieu5,暂无
奉贤,绣(繡),[空],sieu5(siɯ³³⁵),sieu5,暂无
奉贤,锈(銹),[空],sieu5(siɯ³³⁵),sieu5,暂无
奉贤,宿(宿),[空],sieu5(siɯ³³⁵),sieu5,暂无
奉贤,囚(囚),[空],zieu2(ziɯ³¹),zieu2,暂无
奉贤,泅(泅),[空],zieu2(ziɯ³¹),zieu2,暂无
奉贤,袖(袖),[空],ziu6(zy¹¹³),ziu6,暂无
奉贤,抽(抽),[空],tsheu1(tsʰɯ⁵³),tsheu1,暂无
奉贤,丑(醜),[空],tsheu3(tsʰɯ⁴⁴),tsheu3,暂无
奉贤,绸(綢),[空],zeu2(zɯ³¹),zeu2,暂无
奉贤,稠(稠),[空],zeu2(zɯ³¹),zeu2,暂无
奉贤,筹(籌),[空],zeu2(zɯ³¹),zeu2,暂无
奉贤,邹(鄒),[空],tseu1(tsɯ⁵³),tseu1,暂无
奉贤,皱(皺),文,tseu5(tsɯ³³⁵),tseu5,暂无
奉贤,皱(皺),白,tsieu5(tsiɯ³³⁵),tsieu5,暂无
奉贤,愁(愁),[空],zeu2(zɯ³¹),zeu2,暂无
奉贤,搜(搜),[空],seu1(sɯ⁵³),seu1,暂无
奉贤,馊(餿),[空],seu1(sɯ⁵³),seu1,暂无
奉贤,瘦(瘦),[空],seu5(sɯ³³⁵),seu5,暂无
奉贤,周(週),[空],tseu1(tsɯ⁵³),tseu1,暂无
奉贤,舟(舟),[空],tseu1(tsɯ⁵³),tseu1,暂无
奉贤,州(州),[空],tseu1(tsɯ⁵³),tseu1,暂无
奉贤,洲(洲),[空],tseu1(tsɯ⁵³),tseu1,暂无
奉贤,帚(帚),[空],tseu3(tsɯ⁴⁴),tseu3,暂无
奉贤,咒(咒),[空],tseu5(tsɯ³³⁵),tseu5,暂无
奉贤,臭(臭),[空],tsheu5(tsʰɯ³³⁵),tsheu5,暂无
奉贤,收(收),[空],seu1(sɯ⁵³),seu1,暂无
奉贤,手(手),[空],seu3(sɯ⁴⁴),seu3,暂无
奉贤,首(首),[空],seu3(sɯ⁴⁴),seu3,暂无
奉贤,守(守),[空],seu3(sɯ⁴⁴),seu3,暂无
奉贤,兽(獸),[空],seu5(sɯ³³⁵),seu5,暂无
奉贤,仇(仇),[空],zeu2(zɯ³¹),zeu2,暂无
奉贤,酬(酬),[空],zeu2(zɯ³¹),zeu2,暂无
奉贤,受(受),[空],zeu4(zɯ²²),zeu4,暂无
奉贤,受(受),[空],zeu6(zɯ¹¹³),zeu6,暂无
奉贤,寿(壽),[空],zeu4(zɯ²²),zeu4,暂无
奉贤,寿(壽),[空],zeu6(zɯ¹¹³),zeu6,暂无
奉贤,授(授),[空],zeu6(zɯ¹¹³),zeu6,暂无
奉贤,售(售),[空],zeu6(zɯ¹¹³),zeu6,暂无
奉贤,纠(糾),[空],cieu1(ʄiɯ⁵³),cieu1,暂无
奉贤,鸠(鳩),[空],cieu1(ʄiɯ⁵³),cieu1,暂无
奉贤,九(九),[空],cieu3(ʄiɯ⁴⁴),cieu3,暂无
奉贤,久(久),[空],cieu3(ʄiɯ⁴⁴),cieu3,暂无
奉贤,韭(韭),[空],cieu3(ʄiɯ⁴⁴),cieu3,暂无
奉贤,究(究),[空],cieu5(ʄiɯ³³⁵),cieu5,暂无
奉贤,救(救),[空],cieu5(ʄiɯ³³⁵),cieu5,暂无
奉贤,丘(丘),[空],chieu1(cʰiɯ⁵³),chieu1,暂无
奉贤,求(求),[空],jieu2(ɟiɯ³¹),jieu2,暂无
奉贤,球(球),[空],jieu2(ɟiɯ³¹),jieu2,暂无
奉贤,舅(舅),[空],jieu6(ɟiɯ¹¹³),jieu6,暂无
奉贤,旧(舊),[空],jieu6(ɟiɯ¹¹³),jieu6,暂无
奉贤,牛(牛),[空],gnieu2(ɲiɯ³¹),gnieu2,暂无
奉贤,休(休),[空],shieu1(çiɯ⁵³),shieu1,暂无
奉贤,嗅(嗅),[空],shieu5(çiɯ³³⁵),shieu5,暂无
奉贤,忧(憂),[空],ieu1(∅iɯ⁵³),ieu1,暂无
奉贤,优(優),[空],ieu1(∅iɯ⁵³),ieu1,暂无
奉贤,尤(尤),[空],yeu2(ɦiɯ³¹),yeu2,暂无
奉贤,邮(郵),[空],yeu2(ɦiɯ³¹),yeu2,暂无
奉贤,有(有),[空],yeu4(ɦiɯ²²),yeu4,暂无
奉贤,有(有),又,yeu6(ɦiɯ¹¹³),yeu6,暂无
奉贤,友(友),[空],yeu6(ɦiɯ¹¹³),yeu6,暂无
奉贤,又(又),[空],yeu6(ɦiɯ¹¹³),yeu6,暂无
奉贤,右(右),[空],yeu6(ɦiɯ¹¹³),yeu6,暂无
奉贤,悠(悠),[空],ieu1(∅iɯ⁵³),ieu1,暂无
奉贤,犹(猶),[空],yeu2(ɦiɯ³¹),yeu2,暂无
奉贤,由(由),[空],yeu2(ɦiɯ³¹),yeu2,暂无
奉贤,油(油),[空],yeu2(ɦiɯ³¹),yeu2,暂无
奉贤,游(遊),[空],yeu2(ɦiɯ³¹),yeu2,暂无
奉贤,釉(釉),【校】原yeu2,yeu6(ɦiɯ¹¹³),yeu6,暂无
奉贤,彪(彪),[空],piau1(ɓiɔ⁵³),piau1,暂无
奉贤,谬(謬),[空],mieu6(miɯ¹¹³),mieu6,暂无
奉贤,丢(丟),[空],tieu1(ɗiɯ⁵³),tieu1,暂无
奉贤,纠(糾),[空],cieu3(ʄiɯ⁴⁴),cieu3,暂无
奉贤,幽(幽),[空],ieu1(∅iɯ⁵³),ieu1,暂无
奉贤,幼(幼),【校】原ieu1,ieu5(∅iɯ³³⁵),ieu5,暂无
奉贤,耽(耽),[空],tae1(ɗɛ⁵³),tae1,暂无
奉贤,贪(貪),[空],the1(tʰe⁵³),the1,暂无
奉贤,探(探),[空],the5(tʰe³³⁵),the5,暂无
奉贤,谭(譚),[空],dae2(dɛ³¹),dae2,暂无
奉贤,男(男),[空],ne2(ne³¹),ne2,暂无
奉贤,南(南),[空],ne2(ne³¹),ne2,暂无
奉贤,参(參),[空],tshe1(tsʰe⁵³),tshe1,暂无
奉贤,惨(慘),【校】原tshae1,tshe3(tsʰe⁴⁴),tshe3,暂无
奉贤,蚕(蠶),[空],ze2(ze³¹),ze2,暂无
奉贤,感(感),[空],ke3(ke⁴⁴),ke3,暂无
奉贤,堪(堪),[空],khe1(kʰe⁵³),khe1,暂无
奉贤,坎(坎),[空],khe3(kʰe⁴⁴),khe3,暂无
奉贤,砍(砍),[空],khe3(kʰe⁴⁴),khe3,暂无
奉贤,勘(勘),[空],khe5(kʰe³³⁵),khe5,暂无
奉贤,含(含),[空],ghe2(ɦe³¹),ghe2,暂无
奉贤,庵(庵),[空],e1(∅e⁵³),e1,暂无
奉贤,暗(暗),[空],e5(∅e³³⁵),e5,暂无
奉贤,搭(搭),[空],taeq7(ɗæʔ⁵),taeq7,暂无
奉贤,答(答),[空],teq7(ɗeʔ⁵),teq7,暂无
奉贤,答(答),[空],taeq7(ɗæʔ⁵),taeq7,暂无
奉贤,踏(踏),[空],daeq8(dæʔ³),daeq8,暂无
奉贤,纳(納),[空],neq8(neʔ³),neq8,暂无
奉贤,拉(拉),[空],la1(lɑ⁵³),la1,暂无
奉贤,杂(雜),[空],zeq8(zeʔ³),zeq8,暂无
奉贤,鸽(鴿),[空],koeq7(kœʔ⁵),koeq7,暂无
奉贤,鸽(鴿),[空],keq7(keʔ⁵),keq7,暂无
奉贤,喝(喝),[空],hoeq7(hœʔ⁵),hoeq7,暂无
奉贤,喝(喝),[空],heq7(heʔ⁵),heq7,暂无
奉贤,合(合),[空],gheq8(ɦeʔ³),gheq8,暂无
奉贤,合(合),[空],ghoeq8(ɦœʔ³),ghoeq8,暂无
奉贤,盒(盒),訓讀,ghaeq8(ɦæʔ³),ghaeq8,暂无
奉贤,担(擔),[空],tae1(ɗɛ⁵³),tae1,暂无
奉贤,胆(膽),[空],tae3(ɗɛ⁴⁴),tae3,暂无
奉贤,担(擔),挑~,tae5(ɗɛ³³⁵),tae5,暂无
奉贤,毯(毯),[空],thae1(tʰɛ⁵³),thae1,暂无
奉贤,毯(毯),[空],thae3(tʰɛ⁴⁴),thae3,暂无
奉贤,谈(談),[空],dae2(dɛ³¹),dae2,暂无
奉贤,痰(痰),[空],dae2(dɛ³¹),dae2,暂无
奉贤,淡(淡),[空],dae6(dɛ¹¹³),dae6,暂无
奉贤,蓝(藍),[空],lae2(lɛ³¹),lae2,暂无
奉贤,篮(籃),[空],lae2(lɛ³¹),lae2,暂无
奉贤,览(覽),[空],lae6(lɛ¹¹³),lae6,暂无
奉贤,揽(攬),[空],lae6(lɛ¹¹³),lae6,暂无
奉贤,榄(欖),[空],lae6(lɛ¹¹³),lae6,暂无
奉贤,滥(濫),[空],lae6(lɛ¹¹³),lae6,暂无
奉贤,缆(纜),[空],lae6(lɛ¹¹³),lae6,暂无
奉贤,缆(纜),[空],lae4(lɛ²²),lae4,暂无
奉贤,暂(暫),[空],zae6(zɛ¹¹³),zae6,暂无
奉贤,三(三),[空],sae1(sɛ⁵³),sae1,暂无
奉贤,甘(甘),[空],ke1(ke⁵³),ke1,暂无
奉贤,柑(柑),[空],ke1(ke⁵³),ke1,暂无
奉贤,敢(敢),[空],ke3(ke⁴⁴),ke3,暂无
奉贤,喊(喊),[空],hae5(hɛ³³⁵),hae5,暂无
奉贤,塔(塔),[空],thaeq7(tʰæʔ⁵),thaeq7,暂无
奉贤,腊(臘),[空],laeq8(læʔ³),laeq8,暂无
奉贤,蜡(蠟),[空],laeq8(læʔ³),laeq8,暂无
奉贤,磕(磕),[空],kheq7(kʰeʔ⁵),kheq7,暂无
奉贤,站(站),[空],zae6(zɛ¹¹³),zae6,暂无
奉贤,赚(賺),[空],zae6(zɛ¹¹³),zae6,暂无
奉贤,赚(賺),[空],zae4(zɛ²²),zae4,暂无
奉贤,斩(斬),【校】原tsae3,tsae1(tsɛ⁵³),tsae1,暂无
奉贤,蘸(蘸),[空],tsae5(tsɛ³³⁵),tsae5,暂无
奉贤,馋(饞),[空],zae2(zɛ³¹),zae2,暂无
奉贤,杉(杉),[空],sae1(sɛ⁵³),sae1,暂无
奉贤,减(減),[空],kae3(kɛ⁴⁴),kae3,暂无
奉贤,碱(鹼),[空],kae3(kɛ⁴⁴),kae3,暂无
奉贤,咸(鹹),白,ghae2(ɦɛ³¹),ghae2,暂无
奉贤,咸(鹹),文,yae(ɦiɛ),yae,暂无
奉贤,馅(餡),白,ghae6(ɦɛ¹¹³),ghae6,暂无
奉贤,馅(餡),文,yae6(ɦiɛ¹¹³),yae6,暂无
奉贤,插(插),[空],tshaeq7(tsʰæʔ⁵),tshaeq7,暂无
奉贤,闸(閘),[空],zaeq8(zæʔ³),zaeq8,暂无
奉贤,炸(炸),[空],zaeq8(zæʔ³),zaeq8,暂无
奉贤,夹(夾),[空],kaeq7(kæʔ⁵),kaeq7,暂无
奉贤,掐(掐),[空],khaeq7(kʰæʔ⁵),khaeq7,暂无
奉贤,狭(狹),[空],ghaeq8(ɦæʔ³),ghaeq8,暂无
奉贤,峡(峽),[空],kaeq7(kæʔ⁵),kaeq7,暂无
奉贤,搀(攙),[空],tshae1(tsʰɛ⁵³),tshae1,暂无
奉贤,衫(衫),[空],sae1(sɛ⁵³),sae1,暂无
奉贤,监(監),[空],kae1(kɛ⁵³),kae1,暂无
奉贤,鑑(鑑),白,kae1(kɛ⁵³),kae1,暂无
奉贤,鑑(鑑),文,ciae1(ʄiɛ⁵³),ciae1,暂无
奉贤,岩(岩),[空],nge2(ŋe³¹),nge2,暂无
奉贤,衔(銜),白,ghae2(ɦɛ³¹),ghae2,暂无
奉贤,衔(銜),文,yae2(ɦiɛ³¹),yae2,暂无
奉贤,甲(甲),白,kaeq7(kæʔ⁵),kaeq7,暂无
奉贤,甲(甲),文,ciaeq7(ʄiæʔ⁵),ciaeq7,暂无
奉贤,甲(甲),[空],ciaq7(ʄiɑʔ⁵),ciaq7,暂无
奉贤,鸭(鴨),[空],aeq7(∅æʔ⁵),aeq7,暂无
奉贤,押(押),[空],aeq7(∅æʔ⁵),aeq7,暂无
奉贤,压(壓),[空],aeq7(∅æʔ⁵),aeq7,暂无
奉贤,压(壓),又,khaeq7(kʰæʔ⁵),khaeq7,暂无
奉贤,贬(貶),[空],pi5(ɓi³³⁵),pi5,暂无
奉贤,黏(黏),[空],gni1(ɲi⁵³),gni1,暂无
奉贤,镰(鐮),[空],li2(li³¹),li2,暂无
奉贤,敛(斂),[空],li4(li²²),li4,暂无
奉贤,尖(尖),[空],tsi1(tsi⁵³),tsi1,暂无
奉贤,歼(殲),[空],tshi1(tsʰi⁵³),tshi1,暂无
奉贤,歼(殲),[空],tsi1(tsi⁵³),tsi1,暂无
奉贤,签(簽),[空],tshi1(tsʰi⁵³),tshi1,暂无
奉贤,潜(潛),[空],zi2(zi³¹),zi2,暂无
奉贤,沾(沾),[空],tse1(tse⁵³),tse1,暂无
奉贤,占(佔),[空],tse1(tse⁵³),tse1,暂无
奉贤,占(佔),白,tsi5(tsi³³⁵),tsi5,暂无
奉贤,陕(陝),【校】原se5,se3(se⁴⁴),se3,暂无
奉贤,闪(閃),【校】原se5,se3(se⁴⁴),se3,暂无
奉贤,染(染),[空],gni6(ɲi¹¹³),gni6,暂无
奉贤,检(檢),[空],ci3(ʄi⁴⁴),ci3,暂无
奉贤,脸(臉),【校】原li6,li4(li²²),li4,暂无
奉贤,钳(鉗),[空],ji2(ɟi³¹),ji2,暂无
奉贤,俭(儉),[空],ji6(ɟi¹¹³),ji6,暂无
奉贤,验(驗),[空],gni6(ɲi¹¹³),gni6,暂无
奉贤,险(險),[空],shi3(çi⁴⁴),shi3,暂无
奉贤,险(險),白,hae3(hɛ⁴⁴),hae3,暂无
奉贤,淹(淹),[空],i1(∅i⁵³),i1,暂无
奉贤,腌(醃),【校】原i5,i(∅i),i,暂无
奉贤,阉(閹),[空],i1(∅i⁵³),i1,暂无
奉贤,掩(掩),[空],i1(∅i⁵³),i1,暂无
奉贤,厌(厭),[空],i5(∅i³³⁵),i5,暂无
奉贤,炎(炎),[空],yae2(ɦiɛ³¹),yae2,暂无
奉贤,炎(炎),白,ghae2(ɦɛ³¹),ghae2,暂无
奉贤,盐(鹽),[空],yi2(ɦi³¹),yi2,暂无
奉贤,阎(閻),[空],gni2(ɲi³¹),gni2,暂无
奉贤,艳(艷),[空],yae6(ɦiɛ¹¹³),yae6,暂无
奉贤,焰(焰),[空],yae6(ɦiɛ¹¹³),yae6,暂无
奉贤,聂(聶),[空],gniq8(ɲiɪʔ³),gniq8,暂无
奉贤,猎(獵),[空],laeq8(læʔ³),laeq8,暂无
奉贤,接(接),[空],tsiq7(tsiɪʔ⁵),tsiq7,暂无
奉贤,妾(妾),[空],tshiq7(tsʰiɪʔ⁵),tshiq7,暂无
奉贤,捷(捷),[空],ziq8(ziɪʔ³),ziq8,暂无
奉贤,折(折),[空],tseq7(tseʔ⁵),tseq7,暂无
奉贤,摄(攝),[空],seq7(seʔ⁵),seq7,暂无
奉贤,涉(涉),[空],zeq8(zeʔ³),zeq8,暂无
奉贤,叶(葉),[空],yiq8(ɦiɪʔ³),yiq8,暂无
奉贤,剑(劍),[空],ci5(ʄi³³⁵),ci5,暂无
奉贤,欠(欠),[空],chi5(cʰi³³⁵),chi5,暂无
奉贤,严(嚴),[空],gni2(ɲi³¹),gni2,暂无
奉贤,业(業),[空],gniq8(ɲiɪʔ³),gniq8,暂无
奉贤,点(點),[空],ti3(ɗi⁴⁴),ti3,暂无
奉贤,店(店),[空],ti5(ɗi³³⁵),ti5,暂无
奉贤,添(添),[空],thi1(tʰi⁵³),thi1,暂无
奉贤,舔(舔),[空],thi3(tʰi⁴⁴),thi3,暂无
奉贤,甜(甜),[空],di2(di³¹),di2,暂无
奉贤,拈(拈),[空],gni2(ɲi³¹),gni2,暂无
奉贤,念(念),[空],gniae6(ɲiɛ¹¹³),gniae6,暂无
奉贤,兼(兼),[空],ci1(ʄi⁵³),ci1,暂无
奉贤,谦(謙),[空],chi1(cʰi⁵³),chi1,暂无
奉贤,歉(歉),[空],chi5(cʰi³³⁵),chi5,暂无
奉贤,贴(貼),[空],thiq7(tʰiɪʔ⁵),thiq7,暂无
奉贤,帖(帖),[空],thiq7(tʰiɪʔ⁵),thiq7,暂无
奉贤,叠(疊),[空],diq8(diɪʔ³),diq8,暂无
奉贤,蝶(蝶),[空],diq8(diɪʔ³),diq8,暂无
奉贤,碟(碟),[空],diq8(diɪʔ³),diq8,暂无
奉贤,谍(諜),[空],diq8(diɪʔ³),diq8,暂无
奉贤,协(協),【校】yaq8,yaeq8(ɦiæʔ³),yaeq8,暂无
奉贤,泛(泛),[空],fae5(ɸɛ³³⁵),fae5,暂无
奉贤,帆(帆),[空],vae2(βɛ³¹),vae2,暂无
奉贤,凡(凡),[空],vae2(βɛ³¹),vae2,暂无
奉贤,犯(犯),[空],vae6(βɛ¹¹³),vae6,暂无
奉贤,范(範),[空],vae6(βɛ¹¹³),vae6,暂无
奉贤,法(法),[空],faeq7(ɸæʔ⁵),faeq7,暂无
奉贤,乏(乏),[空],vaeq8(βæʔ³),vaeq8,暂无
奉贤,品(品),[空],phin3(pʰiɐŋ⁴⁴),phin3,暂无
奉贤,临(臨),[空],lin2(liɐŋ³¹),lin2,暂无
奉贤,林(林),[空],lin2(liɐŋ³¹),lin2,暂无
奉贤,淋(淋),[空],lin2(liɐŋ³¹),lin2,暂无
奉贤,浸(浸),[空],tsin5(tsiɐŋ³³⁵),tsin5,暂无
奉贤,侵(侵),[空],tshin1(tsʰiɐŋ⁵³),tshin1,暂无
奉贤,心(心),[空],sin1(siɐŋ⁵³),sin1,暂无
奉贤,寻(尋),[空],zin2(ziɐŋ³¹),zin2,暂无
奉贤,沉(沉),[空],zen2(zɐŋ³¹),zen2,暂无
奉贤,森(森),[空],sen1(sɐŋ⁵³),sen1,暂无
奉贤,参(參),[空],sen1(sɐŋ⁵³),sen1,暂无
奉贤,针(針),[空],tsen1(tsɐŋ⁵³),tsen1,暂无
奉贤,斟(斟),[空],tsen1(tsɐŋ⁵³),tsen1,暂无
奉贤,枕(枕),[空],tsen3(tsɐŋ⁴⁴),tsen3,暂无
奉贤,审(審),[空],sen5(sɐŋ³³⁵),sen5,暂无
奉贤,婶(嬸),[空],sen5(sɐŋ³³⁵),sen5,暂无
奉贤,沈(沈),[空],sen5(sɐŋ³³⁵),sen5,暂无
奉贤,甚(甚),[空],zen6(zɐŋ¹¹³),zen6,暂无
奉贤,任(任),[空],zen6(zɐŋ¹¹³),zen6,暂无
奉贤,任(任),白,gnin2(ɲiɐŋ³¹),gnin2,暂无
奉贤,今(今),[空],cin1(ʄiɐŋ⁵³),cin1,暂无
奉贤,金(金),[空],cin1(ʄiɐŋ⁵³),cin1,暂无
奉贤,禁(禁),[空],cin5(ʄiɐŋ³³⁵),cin5,暂无
奉贤,锦(錦),[空],cin3(ʄiɐŋ⁴⁴),cin3,暂无
奉贤,钦(欽),[空],chin1(cʰiɐŋ⁵³),chin1,暂无
奉贤,琴(琴),[空],jin2(ɟiɐŋ³¹),jin2,暂无
奉贤,禽(禽),[空],jin2(ɟiɐŋ³¹),jin2,暂无
奉贤,擒(擒),[空],jin2(ɟiɐŋ³¹),jin2,暂无
奉贤,音(音),[空],in1(∅iɐŋ⁵³),in1,暂无
奉贤,阴(陰),[空],in1(∅iɐŋ⁵³),in1,暂无
奉贤,饮(飲),[空],in5(∅iɐŋ³³⁵),in5,暂无
奉贤,淫(淫),[空],yin2(ɦiɐŋ³¹),yin2,暂无
奉贤,立(立),[空],liq8(liɪʔ³),liq8,暂无
奉贤,粒(粒),[空],lieq8(liʌʔ³),lieq8,暂无
奉贤,笠(笠),[空],liq8(liɪʔ³),liq8,暂无
奉贤,集(集),[空],ziq8(ziɪʔ³),ziq8,暂无
奉贤,辑(輯),[空],tshiq7(tsʰiɪʔ⁵),tshiq7,暂无
奉贤,习(習),[空],ziq8(ziɪʔ³),ziq8,暂无
奉贤,袭(襲),[空],ziq8(ziɪʔ³),ziq8,暂无
奉贤,涩(澀),[空],seq7(seʔ⁵),seq7,暂无
奉贤,汁(汁),[空],tseq7(tseʔ⁵),tseq7,暂无
奉贤,执(執),[空],tseq7(tseʔ⁵),tseq7,暂无
奉贤,湿(濕),[空],seq7(seʔ⁵),seq7,暂无
奉贤,湿(濕),[空],saq7(sɑʔ⁵),saq7,暂无
奉贤,十(十),[空],zeq8(zeʔ³),zeq8,暂无
奉贤,拾(拾),[空],zeq8(zeʔ³),zeq8,暂无
奉贤,入(入),[空],zeq8(zeʔ³),zeq8,暂无
奉贤,急(急),[空],ciq8(ʄiɪʔ³),ciq8,暂无
奉贤,级(級),[空],cieq7(ʄiʌʔ⁵),cieq7,暂无
奉贤,给(給),[空],ciq7(ʄiɪʔ⁵),ciq7,暂无
奉贤,泣(泣),[空],chiq7(cʰiɪʔ⁵),chiq7,暂无
奉贤,及(及),[空],jiq8(ɟiɪʔ³),jiq8,暂无
奉贤,吸(吸),[空],shiq7(çiɪʔ⁵),shiq7,暂无
奉贤,丹(丹),[空],tae1(ɗɛ⁵³),tae1,暂无
奉贤,单(單),[空],tae1(ɗɛ⁵³),tae1,暂无
奉贤,旦(旦),[空],tae5(ɗɛ³³⁵),tae5,暂无
奉贤,滩(灘),[空],thae1(tʰɛ⁵³),thae1,暂无
奉贤,摊(攤),[空],thae1(tʰɛ⁵³),thae1,暂无
奉贤,坦(坦),[空],thae3(tʰɛ⁴⁴),thae3,暂无
奉贤,炭(炭),[空],thae5(tʰɛ³³⁵),thae5,暂无
奉贤,叹(嘆),[空],thae5(tʰɛ³³⁵),thae5,暂无
奉贤,弹(彈),[空],dae2(dɛ³¹),dae2,暂无
奉贤,但(但),[空],dae6(dɛ¹¹³),dae6,暂无
奉贤,蛋(蛋),[空],dae6(dɛ¹¹³),dae6,暂无
奉贤,弹(彈),~藥,dae6(dɛ¹¹³),dae6,暂无
奉贤,难(難),[空],nae2(nɛ³¹),nae2,暂无
奉贤,兰(蘭),[空],lae2(lɛ³¹),lae2,暂无
奉贤,拦(攔),[空],lae2(lɛ³¹),lae2,暂无
奉贤,栏(欄),[空],lae2(lɛ³¹),lae2,暂无
奉贤,懒(懶),[空],lae4(lɛ²²),lae4,暂无
奉贤,烂(爛),[空],lae6(lɛ¹¹³),lae6,暂无
奉贤,赞(贊),[空],tsae5(tsɛ³³⁵),tsae5,暂无
奉贤,灒(灒),[空],tsae5(tsɛ³³⁵),tsae5,暂无
奉贤,餐(餐),[空],tshoe1(tsʰø⁵³),tshoe1,暂无
奉贤,餐(餐),又,tshe1(tsʰe⁵³),tshe1,暂无
奉贤,残(殘),[空],zae2(zɛ³¹),zae2,暂无
奉贤,散(散),[空],sae5(sɛ³³⁵),sae5,暂无
奉贤,伞(傘),[空],sae5(sɛ³³⁵),sae5,暂无
奉贤,干(幹),[空],koe1(kø⁵³),koe1,暂无
奉贤,竿(竿),[空],koe1(kø⁵³),koe1,暂无
奉贤,杆(桿),[空],koe3(kø⁴⁴),koe3,暂无
奉贤,肝(肝),[空],koe1(kø⁵³),koe1,暂无
奉贤,奸(姦),白,kae1(kɛ⁵³),kae1,暂无
奉贤,奸(姦),文,ci1(ʄi⁵³),ci1,暂无
奉贤,奸(姦),文,ciae1(ʄiɛ⁵³),ciae1,暂无
奉贤,赶(趕),[空],koe3(kø⁴⁴),koe3,暂无
奉贤,看(看),~守,khoe1(kʰø⁵³),khoe1,暂无
奉贤,刊(刊),白,khae1(kʰɛ⁵³),khae1,暂无
奉贤,刊(刊),文,chiae1(cʰiɛ⁵³),chiae1,暂无
奉贤,看(看),~見,khoe5(kʰø³³⁵),khoe5,暂无
奉贤,岸(岸),[空],ngoe6(ŋø¹¹³),ngoe6,暂无
奉贤,汉(漢),[空],hoe5(hø³³⁵),hoe5,暂无
奉贤,寒(寒),[空],ghoe2(ɦø³¹),ghoe2,暂无
奉贤,韩(韓),[空],ghoe2(ɦø³¹),ghoe2,暂无
奉贤,旱(旱),[空],ghoe6(ɦø¹¹³),ghoe6,暂无
奉贤,汗(汗),[空],ghoe6(ɦø¹¹³),ghoe6,暂无
奉贤,安(安),[空],oe1(∅ø⁵³),oe1,暂无
奉贤,鞍(鞍),[空],oe1(∅ø⁵³),oe1,暂无
奉贤,按(按),[空],oe5(∅ø³³⁵),oe5,暂无
奉贤,案(案),[空],oe5(∅ø³³⁵),oe5,暂无
奉贤,獭(獺),[空],thaeq7(tʰæʔ⁵),thaeq7,暂无
奉贤,达(達),[空],daeq8(dæʔ³),daeq8,暂无
奉贤,辣(辣),[空],laeq8(læʔ³),laeq8,暂无
奉贤,擦(擦),[空],tshaeq7(tsʰæʔ⁵),tshaeq7,暂无
奉贤,割(割),[空],koeq7(kœʔ⁵),koeq7,暂无
奉贤,葛(葛),[空],keq7(keʔ⁵),keq7,暂无
奉贤,渴(渴),[空],khoeq7(kʰœʔ⁵),khoeq7,暂无
奉贤,扮(扮),[空],pae5(ɓɛ³³⁵),pae5,暂无
奉贤,盼(盼),[空],phae5(pʰɛ³³⁵),phae5,暂无
奉贤,办(辦),[空],bae6(bɛ¹¹³),bae6,暂无
奉贤,瓣(瓣),[空],bae6(bɛ¹¹³),bae6,暂无
奉贤,盏(盞),[空],tsae5(tsɛ³³⁵),tsae5,暂无
奉贤,铲(鏟),[空],tshae5(tsʰɛ³³⁵),tshae5,暂无
奉贤,栈(棧),[空],zae6(zɛ¹¹³),zae6,暂无
奉贤,山(山),[空],sae1(sɛ⁵³),sae1,暂无
奉贤,产(產),【校】原tshae5,tshae3(tsʰɛ⁴⁴),tshae3,暂无
奉贤,间(間),[空],ci1(ʄi⁵³),ci1,暂无
奉贤,间(間),白,kae1(kɛ⁵³),kae1,暂无
奉贤,艰(艱),[空],ci1(ʄi⁵³),ci1,暂无
奉贤,简(簡),[空],ci3(ʄi⁴⁴),ci3,暂无
奉贤,柬(柬),[空],ci3(ʄi⁴⁴),ci3,暂无
奉贤,拣(揀),[空],kae3(kɛ⁴⁴),kae3,暂无
奉贤,眼(眼),[空],ngae6(ŋɛ¹¹³),ngae6,暂无
奉贤,眼(眼),又,gniae6(ɲiɛ¹¹³),gniae6,暂无
奉贤,闲(閒),白,ghae2(ɦɛ³¹),ghae2,暂无
奉贤,闲(閒),文,yae2(ɦiɛ³¹),yae2,暂无
奉贤,限(限),[空],ghae6(ɦɛ¹¹³),ghae6,暂无
奉贤,限(限),文,yi6(ɦi¹¹³),yi6,暂无
奉贤,八(八),[空],paeq7(ɓæʔ⁵),paeq7,暂无
奉贤,拔(拔),[空],baeq8(bæʔ³),baeq8,暂无
奉贤,札(札),[空],tsaeq7(tsæʔ⁵),tsaeq7,暂无
奉贤,察(察),[空],tshaeq7(tsʰæʔ⁵),tshaeq7,暂无
奉贤,杀(殺),[空],saeq7(sæʔ⁵),saeq7,暂无
奉贤,斑(斑),[空],pae1(ɓɛ⁵³),pae1,暂无
奉贤,班(班),[空],pae1(ɓɛ⁵³),pae1,暂无
奉贤,颁(頒),[空],pae1(ɓɛ⁵³),pae1,暂无
奉贤,扳(扳),[空],pae1(ɓɛ⁵³),pae1,暂无
奉贤,板(板),[空],pae3(ɓɛ⁴⁴),pae3,暂无
奉贤,版(版),[空],pae3(ɓɛ⁴⁴),pae3,暂无
奉贤,蛮(蠻),[空],mae2(mɛ³¹),mae2,暂无
奉贤,慢(慢),[空],mae6(mɛ¹¹³),mae6,暂无
奉贤,删(刪),[空],sae1(sɛ⁵³),sae1,暂无
奉贤,颜(顏),[空],ngae2(ŋɛ³¹),ngae2,暂无
奉贤,雁(雁),[空],yae6(ɦiɛ¹¹³),yae6,暂无
奉贤,雁(雁),白,ngae6(ŋɛ¹¹³),ngae6,暂无
奉贤,晏(晏),[空],ae5(∅ɛ³³⁵),ae5,暂无
奉贤,铡(鍘),[空],zaeq8(zæʔ³),zaeq8,暂无
奉贤,瞎(瞎),[空],haeq7(hæʔ⁵),haeq7,暂无
奉贤,鞭(鞭),[空],pi1(ɓi⁵³),pi1,暂无
奉贤,编(編),[空],pi1(ɓi⁵³),pi1,暂无
奉贤,变(變),[空],pi5(ɓi³³⁵),pi5,暂无
奉贤,篇(篇),[空],phi1(pʰi⁵³),phi1,暂无
奉贤,偏(偏),[空],phi1(pʰi⁵³),phi1,暂无
奉贤,骗(騙),[空],phi5(pʰi³³⁵),phi5,暂无
奉贤,便(便),~宜,bi2(bi³¹),bi2,暂无
奉贤,辨(辨),[空],bi6(bi¹¹³),bi6,暂无
奉贤,辩(辯),[空],bi6(bi¹¹³),bi6,暂无
奉贤,便(便),[空],bi6(bi¹¹³),bi6,暂无
奉贤,棉(棉),[空],mi2(mi³¹),mi2,暂无
奉贤,绵(綿),[空],mi2(mi³¹),mi2,暂无
奉贤,免(免),【校】原mi1,mi4(mi²²),mi4,暂无
奉贤,勉(勉),[空],mi6(mi¹¹³),mi6,暂无
奉贤,娩(娩),[空],mi6(mi¹¹³),mi6,暂无
奉贤,面(面),[空],mi6(mi¹¹³),mi6,暂无
奉贤,连(連),[空],li2(li³¹),li2,暂无
奉贤,联(聯),[空],li2(li³¹),li2,暂无
奉贤,联(聯),[空],li6(li¹¹³),li6,暂无
奉贤,煎(煎),[空],tsi1(tsi⁵³),tsi1,暂无
奉贤,剪(剪),[空],tsi3(tsi⁴⁴),tsi3,暂无
奉贤,箭(箭),[空],tsi5(tsi³³⁵),tsi5,暂无
奉贤,迁(遷),[空],tshi1(tsʰi⁵³),tshi1,暂无
奉贤,浅(淺),[空],tshi3(tsʰi⁴⁴),tshi3,暂无
奉贤,钱(錢),[空],zi2(zi³¹),zi2,暂无
奉贤,贱(賤),[空],zi6(zi¹¹³),zi6,暂无
奉贤,贱(賤),[空],ze6(ze¹¹³),ze6,暂无
奉贤,仙(仙),[空],si1(si⁵³),si1,暂无
奉贤,鲜(鮮),[空],si1(si⁵³),si1,暂无
奉贤,癣(癬),[空],si3(si⁴⁴),si3,暂无
奉贤,线(線),[空],si5(si³³⁵),si5,暂无
奉贤,展(展),[空],tse3(tse⁴⁴),tse3,暂无
奉贤,缠(纏),[空],ze2(ze³¹),ze2,暂无
奉贤,战(戰),[空],tse5(tse³³⁵),tse5,暂无
奉贤,扇(扇),[空],se5(se³³⁵),se5,暂无
奉贤,禅(禪),[空],ze2(ze³¹),ze2,暂无
奉贤,善(善),[空],ze6(ze¹¹³),ze6,暂无
奉贤,然(然),[空],ze2(ze³¹),ze2,暂无
奉贤,燃(燃),[空],ze2(ze³¹),ze2,暂无
奉贤,乾(乾),[空],ji2(ɟi³¹),ji2,暂无
奉贤,件(件),[空],ji6(ɟi¹¹³),ji6,暂无
奉贤,谚(諺),[空],yi6(ɦi¹¹³),yi6,暂无
奉贤,谚(諺),白,ngae6(ŋɛ¹¹³),ngae6,暂无
奉贤,延(延),[空],yi2(ɦi³¹),yi2,暂无
奉贤,筵(筵),[空],yi2(ɦi³¹),yi2,暂无
奉贤,演(演),[空],yi6(ɦi¹¹³),yi6,暂无
奉贤,鳖(鱉),[空],piq7(ɓiɪʔ⁵),piq7,暂无
奉贤,别(別),[空],biq8(biɪʔ³),biq8,暂无
奉贤,别(別),白,beq8(beʔ³),beq8,暂无
奉贤,灭(滅),[空],miq8(miɪʔ³),miq8,暂无
奉贤,列(列),[空],liq8(liɪʔ³),liq8,暂无
奉贤,烈(烈),[空],liq8(liɪʔ³),liq8,暂无
奉贤,裂(裂),[空],liq8(liɪʔ³),liq8,暂无
奉贤,泄(洩),[空],siq7(siɪʔ⁵),siq7,暂无
奉贤,薛(薛),[空],siq7(siɪʔ⁵),siq7,暂无
奉贤,哲(哲),[空],tseq7(tseʔ⁵),tseq7,暂无
奉贤,撤(撤),[空],tsheq7(tsʰeʔ⁵),tsheq7,暂无
奉贤,彻(徹),[空],tsheq7(tsʰeʔ⁵),tsheq7,暂无
奉贤,折(折),[空],tseq7(tseʔ⁵),tseq7,暂无
奉贤,折(折),白。~被头,tsiq7(tsiɪʔ⁵),tsiq7,暂无
奉贤,浙(浙),[空],tseq7(tseʔ⁵),tseq7,暂无
奉贤,舌(舌),[空],zeq8(zeʔ³),zeq8,暂无
奉贤,设(設),[空],seq7(seʔ⁵),seq7,暂无
奉贤,热(熱),[空],gniq8(ɲiɪʔ³),gniq8,暂无
奉贤,杰(傑),[空],jiq8(ɟiɪʔ³),jiq8,暂无
奉贤,孽(孽),[空],gniq8(ɲiɪʔ³),gniq8,暂无
奉贤,建(建),[空],ci5(ʄi³³⁵),ci5,暂无
奉贤,健(健),[空],ji6(ɟi¹¹³),ji6,暂无
奉贤,言(言),[空],yi2(ɦi³¹),yi2,暂无
奉贤,掀(掀),[空],shi1(çi⁵³),shi1,暂无
奉贤,掀(掀),[空],shin1(çiɐŋ⁵³),shin1,暂无
奉贤,宪(憲),[空],shi5(çi³³⁵),shi5,暂无
奉贤,献(獻),[空],shi5(çi³³⁵),shi5,暂无
奉贤,揭(揭),[空],ciq7(ʄiɪʔ⁵),ciq7,暂无
奉贤,歇(歇),[空],shiq7(çiɪʔ⁵),shiq7,暂无
奉贤,歇(歇),又,shi3(çi⁴⁴),shi3,暂无
奉贤,边(邊),[空],pi1(ɓi⁵³),pi1,暂无
奉贤,蝙(蝙),[空],pi1(ɓi⁵³),pi1,暂无
奉贤,扁(扁),[空],pi3(ɓi⁴⁴),pi3,暂无
奉贤,匾(匾),[空],pi3(ɓi⁴⁴),pi3,暂无
奉贤,遍(遍),[空],pi5(ɓi³³⁵),pi5,暂无
奉贤,片(片),[空],phi5(pʰi³³⁵),phi5,暂无
奉贤,辫(辮),[空],bi6(bi¹¹³),bi6,暂无
奉贤,眠(眠),[空],mi2(mi³¹),mi2,暂无
奉贤,面(面),[空],mi6(mi¹¹³),mi6,暂无
奉贤,颠(顛),[空],ti1(ɗi⁵³),ti1,暂无
奉贤,典(典),[空],ti3(ɗi⁴⁴),ti3,暂无
奉贤,天(天),[空],thi1(tʰi⁵³),thi1,暂无
奉贤,田(田),[空],di2(di³¹),di2,暂无
奉贤,填(填),[空],di2(di³¹),di2,暂无
奉贤,电(電),[空],di6(di¹¹³),di6,暂无
奉贤,殿(殿),[空],di6(di¹¹³),di6,暂无
奉贤,垫(墊),[空],di6(di¹¹³),di6,暂无
奉贤,年(年),[空],gni2(ɲi³¹),gni2,暂无
奉贤,怜(憐),【校】原li6,li2(li³¹),li2,暂无
奉贤,莲(蓮),[空],li2(li³¹),li2,暂无
奉贤,练(練),[空],li6(li¹¹³),li6,暂无
奉贤,炼(煉),[空],li6(li¹¹³),li6,暂无
奉贤,笺(箋),[空],tsi1(tsi⁵³),tsi1,暂无
奉贤,千(千),[空],tshi1(tsʰi⁵³),tshi1,暂无
奉贤,前(前),[空],zi2(zi³¹),zi2,暂无
奉贤,先(先),[空],si1(si⁵³),si1,暂无
奉贤,肩(肩),[空],ci1(ʄi⁵³),ci1,暂无
奉贤,坚(堅),[空],ci1(ʄi⁵³),ci1,暂无
奉贤,茧(繭),[空],ci3(ʄi⁴⁴),ci3,暂无
奉贤,见(見),[空],ci5(ʄi³³⁵),ci5,暂无
奉贤,牵(牽),[空],chi1(cʰi⁵³),chi1,暂无
奉贤,研(研),[空],gni1(ɲi⁵³),gni1,暂无
奉贤,砚(硯),[空],gni6(ɲi¹¹³),gni6,暂无
奉贤,显(顯),[空],shi3(çi⁴⁴),shi3,暂无
奉贤,贤(賢),[空],yi2(ɦi³¹),yi2,暂无
奉贤,弦(弦),[空],yi2(ɦi³¹),yi2,暂无
奉贤,现(現),[空],yi6(ɦi¹¹³),yi6,暂无
奉贤,烟(煙),[空],i1(∅i⁵³),i1,暂无
奉贤,燕(燕),[空],i5(∅i³³⁵),i5,暂无
奉贤,咽(咽),[空],i5(∅i³³⁵),i5,暂无
奉贤,宴(宴),[空],i5(∅i³³⁵),i5,暂无
奉贤,撤(撤),[空],tsheq7(tsʰeʔ⁵),tsheq7,暂无
奉贤,铁(鐵),[空],thiq7(tʰiɪʔ⁵),thiq7,暂无
奉贤,跌(跌),[空],tiq7(ɗiɪʔ⁵),tiq7,暂无
奉贤,捏(捏),[空],gniaeq8(ɲiæʔ³),gniaeq8,暂无
奉贤,捏(捏),又。~忙,gniaq8(ɲiɑʔ³),gniaq8,暂无
奉贤,节(節),[空],tsiq7(tsiɪʔ⁵),tsiq7,暂无
奉贤,切(切),[空],tshiq7(tsʰiɪʔ⁵),tshiq7,暂无
奉贤,截(截),[空],ciq7(ʄiɪʔ⁵),ciq7,暂无
奉贤,屑(屑),[空],siq7(siɪʔ⁵),siq7,暂无
奉贤,结(結),[空],ciq7(ʄiɪʔ⁵),ciq7,暂无
奉贤,洁(潔),[空],ciq7(ʄiɪʔ⁵),ciq7,暂无
奉贤,噎(噎),[空],iq7(∅iɪʔ⁵),iq7,暂无
奉贤,般(般),[空],pae1(ɓɛ⁵³),pae1,暂无
奉贤,搬(搬),[空],pe1(ɓe⁵³),pe1,暂无
奉贤,半(半),[空],pe5(ɓe³³⁵),pe5,暂无
奉贤,绊(絆),[空],be6(be¹¹³),be6,暂无
奉贤,潘(潘),[空],phe1(pʰe⁵³),phe1,暂无
奉贤,判(判),[空],phe5(pʰe³³⁵),phe5,暂无
奉贤,盘(盤),[空],be2(be³¹),be2,暂无
奉贤,伴(伴),[空],be6(be¹¹³),be6,暂无
奉贤,拌(拌),[空],be6(be¹¹³),be6,暂无
奉贤,叛(叛),[空],be6(be¹¹³),be6,暂无
奉贤,瞒(瞞),[空],me2(me³¹),me2,暂无
奉贤,满(滿),[空],me6(me¹¹³),me6,暂无
奉贤,漫(漫),[空],me6(me¹¹³),me6,暂无
奉贤,端(端),[空],toe1(ɗø⁵³),toe1,暂无
奉贤,短(短),[空],toe3(ɗø⁴⁴),toe3,暂无
奉贤,断(斷),決~,toe5(ɗø³³⁵),toe5,暂无
奉贤,锻(鍛),[空],toe5(ɗø³³⁵),toe5,暂无
奉贤,团(團),[空],doe2(dø³¹),doe2,暂无
奉贤,断(斷),~絕,doe6(dø¹¹³),doe6,暂无
奉贤,段(段),[空],doe6(dø¹¹³),doe6,暂无
奉贤,缎(緞),[空],doe6(dø¹¹³),doe6,暂无
奉贤,暖(暖),【校】原noe6,noe4(nø²²),noe4,暂无
奉贤,卵(卵),文,lu6(lu¹¹³),lu6,暂无
奉贤,卵(卵),白,loe4(lø²²),loe4,暂无
奉贤,乱(亂),[空],loe6(lø¹¹³),loe6,暂无
奉贤,钻(鑽),~洞,tsoe1(tsø⁵³),tsoe1,暂无
奉贤,钻(鑽),~子,tshoe1(tsʰø⁵³),tshoe1,暂无
奉贤,酸(酸),[空],soe1(sø⁵³),soe1,暂无
奉贤,酸(酸),白。咸~饭,shiu1(çy⁵³),shiu1,暂无
奉贤,算(算),[空],soe5(sø³³⁵),soe5,暂无
奉贤,蒜(蒜),[空],soe5(sø³³⁵),soe5,暂无
奉贤,官(官),[空],kue1(kue⁵³),kue1,暂无
奉贤,观(觀),[空],kue1(kue⁵³),kue1,暂无
奉贤,冠(冠),[空],kue1(kue⁵³),kue1,暂无
奉贤,棺(棺),[空],kue1(kue⁵³),kue1,暂无
奉贤,管(管),[空],kue3(kue⁴⁴),kue3,暂无
奉贤,馆(館),[空],kue3(kue⁴⁴),kue3,暂无
奉贤,贯(貫),[空],kue5(kue³³⁵),kue5,暂无
奉贤,贯(貫),[空],kuae5(kɛ³³⁵),kuae5,暂无
奉贤,罐(罐),[空],kue5(kue³³⁵),kue5,暂无
奉贤,灌(灌),[空],kue5(kue³³⁵),kue5,暂无
奉贤,冠(冠),~軍,kue5(kue³³⁵),kue5,暂无
奉贤,冠(冠),鸡~,kuae5(kɛ³³⁵),kuae5,暂无
奉贤,宽(寬),[空],khue1(kʰue⁵³),khue1,暂无
奉贤,款(款),[空],khue3(kʰue⁴⁴),khue3,暂无
奉贤,玩(玩),白【校】原mae6,mae2(mɛ³¹),mae2,暂无
奉贤,玩(玩),文【校】原vae6,vae2(βɛ³¹),vae2,暂无
奉贤,欢(歡),[空],fe1(ɸe⁵³),fe1,暂无
奉贤,唤(喚),[空],fe5(ɸe³³⁵),fe5,暂无
奉贤,完(完),[空],ve2(βe³¹),ve2,暂无
奉贤,缓(緩),[空],ue3(∅ue⁴⁴),ue3,暂无
奉贤,皖(皖),[空],ue3(∅ue⁴⁴),ue3,暂无
奉贤,换(換),[空],ve6(βe¹¹³),ve6,暂无
奉贤,豌(豌),[空],ue3(∅ue⁴⁴),ue3,暂无
奉贤,碗(碗),[空],ue3(∅ue⁴⁴),ue3,暂无
奉贤,腕(腕),[空],ue5(∅ue³³⁵),ue5,暂无
奉贤,拨(撥),[空],peq7(ɓeʔ⁵),peq7,暂无
奉贤,泼(潑),[空],pheq7(pʰeʔ⁵),pheq7,暂无
奉贤,抹(抹),[空],meq8(meʔ³),meq8,暂无
奉贤,末(末),[空],meq8(meʔ³),meq8,暂无
奉贤,脱(脫),[空],thoeq7(tʰœʔ⁵),thoeq7,暂无
奉贤,夺(奪),[空],doeq8(dœʔ³),doeq8,暂无
奉贤,撮(撮),[空],tshuoeq7(tsʰuœʔ⁵),tshuoeq7,暂无
奉贤,括(括),[空],kuaeq7(kuæʔ⁵),kuaeq7,暂无
奉贤,阔(闊),[空],khueq7(kʰueʔ⁵),khueq7,暂无
奉贤,豁(豁),[空],faeq7(ɸæʔ⁵),faeq7,暂无
奉贤,活(活),[空],veq8(βeʔ³),veq8,暂无
奉贤,顽(頑),[空],vae2(βɛ³¹),vae2,暂无
奉贤,滑(滑),[空],vaeq8(βæʔ³),vaeq8,暂无
奉贤,猾(猾),[空],vaeq8(βæʔ³),vaeq8,暂无
奉贤,挖(挖),[空],uaeq7(∅uæʔ⁵),uaeq7,暂无
奉贤,关(關),[空],kuae1(kɛ⁵³),kuae1,暂无
奉贤,惯(慣),[空],kuae5(kɛ³³⁵),kuae5,暂无
奉贤,还(還),[空],vae2(βɛ³¹),vae2,暂无
奉贤,环(環),白,guae2(gɛ³¹),guae2,暂无
奉贤,患(患),[空],vae6(βɛ¹¹³),vae6,暂无
奉贤,弯(彎),[空],uae1(∅ɛ⁵³),uae1,暂无
奉贤,湾(灣),[空],uae1(∅ɛ⁵³),uae1,暂无
奉贤,刷(刷),[空],seq7(seʔ⁵),seq7,暂无
奉贤,刮(刮),[空],kuaeq7(kuæʔ⁵),kuaeq7,暂无
奉贤,恋(戀),[空],li6(li¹¹³),li6,暂无
奉贤,泉(泉),[空],zi2(zi³¹),zi2,暂无
奉贤,全(全),[空],zi2(zi³¹),zi2,暂无
奉贤,全(全),[空],ze2(ze³¹),ze2,暂无
奉贤,宣(宣),[空],si1(si⁵³),si1,暂无
奉贤,选(選),[空],si3(si⁴⁴),si3,暂无
奉贤,旋(旋),[空],zi2(zi³¹),zi2,暂无
奉贤,转(轉),[空],tse3(tse⁴⁴),tse3,暂无
奉贤,传(傳),~達,ze2(ze³¹),ze2,暂无
奉贤,椽(椽),[空],ze2(ze³¹),ze2,暂无
奉贤,传(傳),~記,ze6(ze¹¹³),ze6,暂无
奉贤,专(專),[空],tse1(tse⁵³),tse1,暂无
奉贤,砖(磚),[空],tse1(tse⁵³),tse1,暂无
奉贤,川(川),[空],tshe1(tsʰe⁵³),tshe1,暂无
奉贤,穿(穿),[空],tshe1(tsʰe⁵³),tshe1,暂无
奉贤,喘(喘),[空],tshoe5(tsʰø³³⁵),tshoe5,暂无
奉贤,串(串),[空],tshe5(tsʰe³³⁵),tshe5,暂无
奉贤,船(船),[空],ze2(ze³¹),ze2,暂无
奉贤,软(軟),[空],gnioe4(ɲyø²²),gnioe4,暂无
奉贤,软(軟),又,gnioe6(ɲyø¹¹³),gnioe6,暂无
奉贤,卷(卷),【校】原cioe3,cioe3(ʄyø⁴⁴),cioe3,暂无
奉贤,眷(眷),[空],cioe5(ʄyø³³⁵),cioe5,暂无
奉贤,绢(絹),[空],cioe5(ʄyø³³⁵),cioe5,暂无
奉贤,圈(圈),[空],chioe1(cʰyø⁵³),chioe1,暂无
奉贤,权(權),[空],jioe2(ɟyø³¹),jioe2,暂无
奉贤,拳(拳),[空],jioe2(ɟyø³¹),jioe2,暂无
奉贤,颧(顴),[空],jioe2(ɟyø³¹),jioe2,暂无
奉贤,倦(倦),[空],jioe6(ɟyø¹¹³),jioe6,暂无
奉贤,员(員),[空],ghoe2(ɦø³¹),ghoe2,暂无
奉贤,圆(圓),[空],ghoe2(ɦø³¹),ghoe2,暂无
奉贤,院(院),[空],ghoe6(ɦø¹¹³),ghoe6,暂无
奉贤,缘(緣),[空],ghoe2(ɦø³¹),ghoe2,暂无
奉贤,铅(鉛),【校】原yi2,khae1(kʰɛ⁵³),khae1,暂无
奉贤,沿(沿),[空],yi2(ɦi³¹),yi2,暂无
奉贤,捐(捐),[空],cioe1(ʄyø⁵³),cioe1,暂无
奉贤,劣(劣),[空],liq8(liɪʔ³),liq8,暂无
奉贤,绝(絕),[空],ziq8(ziɪʔ³),ziq8,暂无
奉贤,雪(雪),[空],siq7(siɪʔ⁵),siq7,暂无
奉贤,说(說),[空],suoeq7(suœʔ⁵),suoeq7,暂无
奉贤,悦(悅),[空],yoeq8(ɦyœʔ³),yoeq8,暂无
奉贤,阅(閱),[空],yoeq8(ɦyœʔ³),yoeq8,暂无
奉贤,反(反),【校】原fae5,fae3(ɸɛ⁴⁴),fae3,暂无
奉贤,贩(販),[空],fae5(ɸɛ³³⁵),fae5,暂无
奉贤,番(番),[空],fae1(ɸɛ⁵³),fae1,暂无
奉贤,翻(翻),[空],fae1(ɸɛ⁵³),fae1,暂无
奉贤,烦(煩),[空],vae2(βɛ³¹),vae2,暂无
奉贤,繁(繁),[空],vae2(βɛ³¹),vae2,暂无
奉贤,饭(飯),[空],vae6(βɛ¹¹³),vae6,暂无
奉贤,晚(晚),[空],uae5(∅ɛ³³⁵),uae5,暂无
奉贤,晚(晚),白,mae4(mɛ²²),mae4,暂无
奉贤,愿(願),[空],gnioe6(ɲyø¹¹³),gnioe6,暂无
奉贤,楦(楦),[空],shioe1(çyø⁵³),shioe1,暂无
奉贤,冤(冤),[空],oe1(∅ø⁵³),oe1,暂无
奉贤,怨(怨),[空],oe5(∅ø³³⁵),oe5,暂无
奉贤,袁(袁),[空],ghoe2(ɦø³¹),ghoe2,暂无
奉贤,园(園),[空],ghoe2(ɦø³¹),ghoe2,暂无
奉贤,万(萬),文,vae6(βɛ¹¹³),vae6,暂无
奉贤,万(萬),白,mae6(mɛ¹¹³),mae6,暂无
奉贤,劝(勸),[空],chioe5(cʰyø³³⁵),chioe5,暂无
奉贤,券(券),[空],chioe5(cʰyø³³⁵),chioe5,暂无
奉贤,原(原),[空],gnioe2(ɲyø³¹),gnioe2,暂无
奉贤,源(源),[空],gnioe2(ɲyø³¹),gnioe2,暂无
奉贤,元(元),[空],gnioe2(ɲyø³¹),gnioe2,暂无
奉贤,援(援),[空],ghoe6(ɦø¹¹³),ghoe6,暂无
奉贤,远(遠),[空],ghoe4(ɦø²²),ghoe4,暂无
奉贤,远(遠),又。长~,hoe3(hø⁴⁴),hoe3,暂无
奉贤,发(髮),[空],faeq7(ɸæʔ⁵),faeq7,暂无
奉贤,伐(伐),[空],vaeq8(βæʔ³),vaeq8,暂无
奉贤,罚(罰),[空],vaeq8(βæʔ³),vaeq8,暂无
奉贤,筏(筏),[空],vaeq8(βæʔ³),vaeq8,暂无
奉贤,袜(襪),[空],maeq8(mæʔ³),maeq8,暂无
奉贤,掘(掘),[空],jioeq8(ɟyœʔ³),jioeq8,暂无
奉贤,月(月),白,gnioeq8(ɲyœʔ³),gnioeq8,暂无
奉贤,月(月),文,yoeq8(ɦyœʔ³),yoeq8,暂无
奉贤,越(越),[空],yoeq8(ɦyœʔ³),yoeq8,暂无
奉贤,犬(犬),[空],chioe3(cʰyø⁴⁴),chioe3,暂无
奉贤,县(縣),[空],ghoe6(ɦø¹¹³),ghoe6,暂无
奉贤,决(決),[空],cioeq7(ʄyœʔ⁵),cioeq7,暂无
奉贤,缺(缺),[空],chioeq7(cʰyœʔ⁵),chioeq7,暂无
奉贤,血(血),[空],shioeq7(çyœʔ⁵),shioeq7,暂无
奉贤,穴(穴),[空],yoeq8(ɦyœʔ³),yoeq8,暂无
奉贤,吞(吞),[空],then1(tʰɐŋ⁵³),then1,暂无
奉贤,跟(跟),[空],ken1(kɐŋ⁵³),ken1,暂无
奉贤,根(根),[空],ken1(kɐŋ⁵³),ken1,暂无
奉贤,恳(懇),【校】原khen5,khen3(kʰɐŋ⁴⁴),khen3,暂无
奉贤,垦(墾),【校】原khen5,khen1(kʰɐŋ⁵³),khen1,暂无
奉贤,痕(痕),[空],ghen2(ɦɐŋ³¹),ghen2,暂无
奉贤,很(很),[空],hen3(hɐŋ⁴⁴),hen3,暂无
奉贤,恨(恨),[空],ghen6(ɦɐŋ¹¹³),ghen6,暂无
奉贤,恩(恩),[空],en1(∅ɐŋ⁵³),en1,暂无
奉贤,宾(賓),[空],pin1(ɓiɐŋ⁵³),pin1,暂无
奉贤,彬(彬),[空],pin1(ɓiɐŋ⁵³),pin1,暂无
奉贤,贫(貧),[空],bin2(biɐŋ³¹),bin2,暂无
奉贤,频(頻),[空],bin2(biɐŋ³¹),bin2,暂无
奉贤,民(民),[空],min2(miɐŋ³¹),min2,暂无
奉贤,闽(閩),【校】原min2,min3(miɐŋ⁴⁴),min3,暂无
奉贤,敏(敏),[空],min4(miɐŋ²²),min4,暂无
奉贤,邻(鄰),[空],lin2(liɐŋ³¹),lin2,暂无
奉贤,磷(磷),[空],lin2(liɐŋ³¹),lin2,暂无
奉贤,津(津),【校】原tshin1,tsin1(tsiɐŋ⁵³),tsin1,暂无
奉贤,进(進),[空],tsin5(tsiɐŋ³³⁵),tsin5,暂无
奉贤,晋(晉),[空],tsin5(tsiɐŋ³³⁵),tsin5,暂无
奉贤,亲(親),[空],tshin1(tsʰiɐŋ⁵³),tshin1,暂无
奉贤,秦(秦),[空],zin2(ziɐŋ³¹),zin2,暂无
奉贤,尽(盡),[空],zin6(ziɐŋ¹¹³),zin6,暂无
奉贤,辛(辛),[空],sin1(siɐŋ⁵³),sin1,暂无
奉贤,新(新),[空],sin1(siɐŋ⁵³),sin1,暂无
奉贤,信(信),[空],sin5(siɐŋ³³⁵),sin5,暂无
奉贤,讯(訊),[空],sin5(siɐŋ³³⁵),sin5,暂无
奉贤,迅(迅),[空],sin5(siɐŋ³³⁵),sin5,暂无
奉贤,珍(珍),[空],tsen1(tsɐŋ⁵³),tsen1,暂无
奉贤,镇(鎮),[空],tsen5(tsɐŋ³³⁵),tsen5,暂无
奉贤,趁(趁),[空],tshen5(tsʰɐŋ³³⁵),tshen5,暂无
奉贤,陈(陳),[空],zen2(zɐŋ³¹),zen2,暂无
奉贤,尘(塵),[空],zen2(zɐŋ³¹),zen2,暂无
奉贤,阵(陣),[空],zen6(zɐŋ¹¹³),zen6,暂无
奉贤,衬(襯),[空],tshen5(tsʰɐŋ³³⁵),tshen5,暂无
奉贤,真(真),[空],tsen1(tsɐŋ⁵³),tsen1,暂无
奉贤,诊(診),[空],tsen1(tsɐŋ⁵³),tsen1,暂无
奉贤,振(振),[空],tsen5(tsɐŋ³³⁵),tsen5,暂无
奉贤,震(震),[空],tsen5(tsɐŋ³³⁵),tsen5,暂无
奉贤,神(神),[空],zen2(zɐŋ³¹),zen2,暂无
奉贤,身(身),[空],sen1(sɐŋ⁵³),sen1,暂无
奉贤,申(申),[空],sen1(sɐŋ⁵³),sen1,暂无
奉贤,伸(伸),[空],sen1(sɐŋ⁵³),sen1,暂无
奉贤,晨(晨),[空],zen2(zɐŋ³¹),zen2,暂无
奉贤,辰(辰),[空],zen2(zɐŋ³¹),zen2,暂无
奉贤,臣(臣),[空],zen2(zɐŋ³¹),zen2,暂无
奉贤,肾(腎),[空],zen6(zɐŋ¹¹³),zen6,暂无
奉贤,慎(慎),[空],zen6(zɐŋ¹¹³),zen6,暂无
奉贤,人(人),白,gnin2(ɲiɐŋ³¹),gnin2,暂无
奉贤,人(人),文,zen2(zɐŋ³¹),zen2,暂无
奉贤,仁(仁),白,gnin2(ɲiɐŋ³¹),gnin2,暂无
奉贤,仁(仁),文,zen2(zɐŋ³¹),zen2,暂无
奉贤,忍(忍),白,gnin6(ɲiɐŋ¹¹³),gnin6,暂无
奉贤,忍(忍),文,zen6(zɐŋ¹¹³),zen6,暂无
奉贤,刃(刃),白,gnin6(ɲiɐŋ¹¹³),gnin6,暂无
奉贤,刃(刃),文,zen6(zɐŋ¹¹³),zen6,暂无
奉贤,认(認),白,gnin6(ɲiɐŋ¹¹³),gnin6,暂无
奉贤,认(認),文,zen6(zɐŋ¹¹³),zen6,暂无
奉贤,巾(巾),[空],cin1(ʄiɐŋ⁵³),cin1,暂无
奉贤,紧(緊),[空],cin3(ʄiɐŋ⁴⁴),cin3,暂无
奉贤,仅(僅),【校】原jin6,jin4(ɟiɐŋ²²),jin4,暂无
奉贤,银(銀),[空],gnin2(ɲiɐŋ³¹),gnin2,暂无
奉贤,因(因),[空],in1(∅iɐŋ⁵³),in1,暂无
奉贤,姻(姻),[空],in1(∅iɐŋ⁵³),in1,暂无
奉贤,印(印),[空],in5(∅iɐŋ³³⁵),in5,暂无
奉贤,寅(寅),[空],yin2(ɦiɐŋ³¹),yin2,暂无
奉贤,引(引),[空],yin6(ɦiɐŋ¹¹³),yin6,暂无
奉贤,笔(筆),[空],piq7(ɓiɪʔ⁵),piq7,暂无
奉贤,毕(畢),[空],piq7(ɓiɪʔ⁵),piq7,暂无
奉贤,必(必),[空],piq7(ɓiɪʔ⁵),piq7,暂无
奉贤,匹(匹),[空],phiq7(pʰiɪʔ⁵),phiq7,暂无
奉贤,密(密),[空],miq8(miɪʔ³),miq8,暂无
奉贤,蜜(蜜),[空],miq8(miɪʔ³),miq8,暂无
奉贤,栗(栗),[空],liq8(liɪʔ³),liq8,暂无
奉贤,七(七),[空],tshiq7(tsʰiɪʔ⁵),tshiq7,暂无
奉贤,漆(漆),[空],tshieq7(tsʰiʌʔ⁵),tshieq7,暂无
奉贤,疾(疾),[空],zieq8(ziʌʔ³),zieq8,暂无
奉贤,膝(膝),[空],sieq7(siʌʔ⁵),sieq7,暂无
奉贤,侄(侄),[空],zeq8(zeʔ³),zeq8,暂无
奉贤,秩(秩),[空],zeq8(zeʔ³),zeq8,暂无
奉贤,秩(秩),[空],zeoq8(zʌʔ³),zeoq8,暂无
奉贤,质(質),[空],tseq7(tseʔ⁵),tseq7,暂无
奉贤,实(實),[空],zeq8(zeʔ³),zeq8,暂无
奉贤,失(失),[空],seq7(seʔ⁵),seq7,暂无
奉贤,室(室),[空],seq7(seʔ⁵),seq7,暂无
奉贤,日(日),白,gniq8(ɲiɪʔ³),gniq8,暂无
奉贤,日(日),文,zeq8(zeʔ³),zeq8,暂无
奉贤,吉(吉),[空],ciq7(ʄiɪʔ⁵),ciq7,暂无
奉贤,乙(乙),[空],iq7(∅iɪʔ⁵),iq7,暂无
奉贤,一(一),[空],iq7(∅iɪʔ⁵),iq7,暂无
奉贤,逸(逸),[空],yeq8(ɦiʌʔ³),yeq8,暂无
奉贤,斤(斤),[空],cin1(ʄiɐŋ⁵³),cin1,暂无
奉贤,筋(筋),[空],cin1(ʄiɐŋ⁵³),cin1,暂无
奉贤,劲(勁),[空],cin5(ʄiɐŋ³³⁵),cin5,暂无
奉贤,勤(勤),[空],jin2(ɟiɐŋ³¹),jin2,暂无
奉贤,芹(芹),[空],jin2(ɟiɐŋ³¹),jin2,暂无
奉贤,近(近),【校】原jin6,jin4(ɟiɐŋ²²),jin4,暂无
奉贤,殷(殷),[空],in1(∅iɐŋ⁵³),in1,暂无
奉贤,隐(隱),[空],in3(∅iɐŋ⁴⁴),in3,暂无
奉贤,奔(奔),[空],pen1(ɓɐŋ⁵³),pen1,暂无
奉贤,本(本),【校】原pen5,pen3(ɓɐŋ⁴⁴),pen3,暂无
奉贤,喷(噴),[空],phen1(pʰɐŋ⁵³),phen1,暂无
奉贤,盆(盆),[空],ben2(bɐŋ³¹),ben2,暂无
奉贤,笨(笨),【校】原ben2,ben4(bɐŋ²²),ben4,暂无
奉贤,门(門),[空],men2(mɐŋ³¹),men2,暂无
奉贤,闷(悶),[空],men1(mɐŋ⁵³),men1,暂无
奉贤,敦(敦),[空],ten1(ɗɐŋ⁵³),ten1,暂无
奉贤,顿(頓),[空],ten5(ɗɐŋ³³⁵),ten5,暂无
奉贤,屯(屯),[空],den2(dɐŋ³¹),den2,暂无
奉贤,臀(臀),[空],den2(dɐŋ³¹),den2,暂无
奉贤,盾(盾),【校】原den2,den6(dɐŋ¹¹³),den6,暂无
奉贤,钝(鈍),[空],den6(dɐŋ¹¹³),den6,暂无
奉贤,嫩(嫩),[空],nen6(nɐŋ¹¹³),nen6,暂无
奉贤,论(論),[空],len6(lɐŋ¹¹³),len6,暂无
奉贤,尊(尊),[空],tsen1(tsɐŋ⁵³),tsen1,暂无
奉贤,村(村),[空],tshen1(tsʰɐŋ⁵³),tshen1,暂无
奉贤,寸(寸),[空],tshen5(tsʰɐŋ³³⁵),tshen5,暂无
奉贤,存(存),[空],zen2(zɐŋ³¹),zen2,暂无
奉贤,蹲(蹲),[空],ten1(ɗɐŋ⁵³),ten1,暂无
奉贤,孙(孫),[空],sen1(sɐŋ⁵³),sen1,暂无
奉贤,损(損),【校】原sen5,sen3(sɐŋ⁴⁴),sen3,暂无
奉贤,昆(昆),[空],khuen1(kʰuɐŋ⁵³),khuen1,暂无
奉贤,滚(滾),[空],kuen3(kuɐŋ⁴⁴),kuen3,暂无
奉贤,棍(棍),[空],kuen5(kuɐŋ³³⁵),kuen5,暂无
奉贤,捆(捆),[空],khuen3(kʰuɐŋ⁴⁴),khuen3,暂无
奉贤,困(困),[空],khuen5(kʰuɐŋ³³⁵),khuen5,暂无
奉贤,昏(昏),[空],fen1(ɸɐŋ⁵³),fen1,暂无
奉贤,婚(婚),[空],fen1(ɸɐŋ⁵³),fen1,暂无
奉贤,浑(渾),[空],ven2(βɐŋ³¹),ven2,暂无
奉贤,魂(魂),[空],ven2(βɐŋ³¹),ven2,暂无
奉贤,馄(餛),[空],ven2(βɐŋ³¹),ven2,暂无
奉贤,混(混),[空],ven6(βɐŋ¹¹³),ven6,暂无
奉贤,温(溫),[空],uen1(∅uɐŋ⁵³),uen1,暂无
奉贤,瘟(瘟),[空],uen1(∅uɐŋ⁵³),uen1,暂无
奉贤,稳(穩),[空],uen3(∅uɐŋ⁴⁴),uen3,暂无
奉贤,不(不),[空],peq7(ɓeʔ⁵),peq7,暂无
奉贤,勃(勃),[空],beq8(beʔ³),beq8,暂无
奉贤,没(沒),[空],meq8(meʔ³),meq8,暂无
奉贤,突(突),[空],deq8(deʔ³),deq8,暂无
奉贤,卒(卒),[空],tseq7(tseʔ⁵),tseq7,暂无
奉贤,卒(卒),[空],tsoeq7(tsœʔ⁵),tsoeq7,暂无
奉贤,骨(骨),[空],kueq7(kueʔ⁵),kueq7,暂无
奉贤,忽(忽),[空],feq7(ɸeʔ⁵),feq7,暂无
奉贤,核(核),[空],ngeq8(ŋeʔ³),ngeq8,暂无
奉贤,轮(輪),[空],len2(lɐŋ³¹),len2,暂无
奉贤,伦(倫),[空],len2(lɐŋ³¹),len2,暂无
奉贤,沦(淪),[空],len2(lɐŋ³¹),len2,暂无
奉贤,遵(遵),[空],tsen1(tsɐŋ⁵³),tsen1,暂无
奉贤,俊(俊),[空],tsin5(tsiɐŋ³³⁵),tsin5,暂无
奉贤,筍(筍),[空],sen3(sɐŋ⁴⁴),sen3,暂无
奉贤,榫(榫),[空],sen3(sɐŋ⁴⁴),sen3,暂无
奉贤,循(循),[空],zin2(ziɐŋ³¹),zin2,暂无
奉贤,旬(旬),[空],zin2(ziɐŋ³¹),zin2,暂无
奉贤,巡(巡),[空],zin2(ziɐŋ³¹),zin2,暂无
奉贤,准(準),[空],tsen3(tsɐŋ⁴⁴),tsen3,暂无
奉贤,春(春),[空],tshen1(tsʰɐŋ⁵³),tshen1,暂无
奉贤,蠢(蠢),[空],tshen3(tsʰɐŋ⁴⁴),tshen3,暂无
奉贤,唇(唇),[空],zen2(zɐŋ³¹),zen2,暂无
奉贤,盾(盾),【校】原den4,den6(dɐŋ¹¹³),den6,暂无
奉贤,顺(順),[空],zen6(zɐŋ¹¹³),zen6,暂无
奉贤,纯(純),[空],zen2(zɐŋ³¹),zen2,暂无
奉贤,润(潤),[空],zen6(zɐŋ¹¹³),zen6,暂无
奉贤,闰(閏),白,gnin6(ɲiɐŋ¹¹³),gnin6,暂无
奉贤,闰(閏),文,zen6(zɐŋ¹¹³),zen6,暂无
奉贤,均(均),[空],ciun1(ʄyɐ̃⁵³),ciun1,暂无
奉贤,钧(鈞),[空],ciun1(ʄyɐ̃⁵³),ciun1,暂无
奉贤,匀(勻),[空],yun2(ɦyɐ̃³¹),yun2,暂无
奉贤,允(允),[空],iun3(∅yɐ̃⁴⁴),iun3,暂无
奉贤,尹(尹),【校】原in5,yin4(ɦiɐŋ²²),yin4,暂无
奉贤,律(律),[空],liq8(liɪʔ³),liq8,暂无
奉贤,率(率),[空],liq8(liɪʔ³),liq8,暂无
奉贤,戌(戌),【校】原siq7,sieq7(siʌʔ⁵),sieq7,暂无
奉贤,出(出),[空],tsheq7(tsʰeʔ⁵),tsheq7,暂无
奉贤,术(術),[空],zeq8(zeʔ³),zeq8,暂无
奉贤,述(述),[空],zeq8(zeʔ³),zeq8,暂无
奉贤,橘(橘),[空],cioeq7(ʄyœʔ⁵),cioeq7,暂无
奉贤,分(分),[空],fen1(ɸɐŋ⁵³),fen1,暂无
奉贤,粉(粉),[空],fen3(ɸɐŋ⁴⁴),fen3,暂无
奉贤,粪(糞),[空],fen5(ɸɐŋ³³⁵),fen5,暂无
奉贤,奋(奮),[空],fen5(ɸɐŋ³³⁵),fen5,暂无
奉贤,纷(紛),[空],fen1(ɸɐŋ⁵³),fen1,暂无
奉贤,忿(忿),[空],ven6(βɐŋ¹¹³),ven6,暂无
奉贤,坟(墳),[空],ven2(βɐŋ³¹),ven2,暂无
奉贤,焚(焚),[空],ven2(βɐŋ³¹),ven2,暂无
奉贤,愤(憤),[空],ven6(βɐŋ¹¹³),ven6,暂无
奉贤,份(份),[空],ven6(βɐŋ¹¹³),ven6,暂无
奉贤,文(文),[空],ven2(βɐŋ³¹),ven2,暂无
奉贤,蚊(蚊),白,men2(mɐŋ³¹),men2,暂无
奉贤,蚊(蚊),文,ven2(βɐŋ³¹),ven2,暂无
奉贤,纹(紋),[空],ven2(βɐŋ³¹),ven2,暂无
奉贤,闻(聞),白,men2(mɐŋ³¹),men2,暂无
奉贤,闻(聞),文,ven2(βɐŋ³¹),ven2,暂无
奉贤,问(問),白,men6(mɐŋ¹¹³),men6,暂无
奉贤,问(問),文,ven6(βɐŋ¹¹³),ven6,暂无
奉贤,君(君),[空],ciun1(ʄyɐ̃⁵³),ciun1,暂无
奉贤,军(軍),[空],ciun1(ʄyɐ̃⁵³),ciun1,暂无
奉贤,群(群),[空],jiun2(ɟyɐ̃³¹),jiun2,暂无
奉贤,裙(裙),[空],jiun2(ɟyɐ̃³¹),jiun2,暂无
奉贤,熏(熏),[空],shiun1(çyɐ̃⁵³),shiun1,暂无
奉贤,勋(勳),[空],shiun1(çyɐ̃⁵³),shiun1,暂无
奉贤,荤(葷),[空],fen1(ɸɐŋ⁵³),fen1,暂无
奉贤,训(訓),[空],shiun5(çyɐ̃³³⁵),shiun5,暂无
奉贤,云(雲),[空],yun2(ɦyɐ̃³¹),yun2,暂无
奉贤,晕(暈),[空],yun6(ɦyɐ̃¹¹³),yun6,暂无
奉贤,运(運),[空],yun6(ɦyɐ̃¹¹³),yun6,暂无
奉贤,佛(佛),[空],veq8(βeʔ³),veq8,暂无
奉贤,物(物),[空],veq8(βeʔ³),veq8,暂无
奉贤,物(物),白,meq8(meʔ³),meq8,暂无
奉贤,勿(勿),[空],ueq7(∅ueʔ⁵),ueq7,暂无
奉贤,屈(屈),[空],chioeq7(cʰyœʔ⁵),chioeq7,暂无
奉贤,熨(熨),[空],yun6(ɦyɐ̃¹¹³),yun6,暂无
奉贤,帮(幫),[空],paon1(ɓɑ̃⁵³),paon1,暂无
奉贤,榜(榜),[空],paon5(ɓɑ̃³³⁵),paon5,暂无
奉贤,旁(旁),[空],baon2(bɑ̃³¹),baon2,暂无
奉贤,螃(螃),[空],baon2(bɑ̃³¹),baon2,暂无
奉贤,忙(忙),[空],maon2(mɑ̃³¹),maon2,暂无
奉贤,芒(芒),[空],maon2(mɑ̃³¹),maon2,暂无
奉贤,茫(茫),[空],maon2(mɑ̃³¹),maon2,暂无
奉贤,蟒(蟒),【校】原maon6,maon4(mɑ̃²²),maon4,暂无
奉贤,当(當),[空],taon1(ɗɑ̃⁵³),taon1,暂无
奉贤,党(黨),[空],taon3(ɗɑ̃⁴⁴),taon3,暂无
奉贤,当(當),[空],taon5(ɗɑ̃³³⁵),taon5,暂无
奉贤,汤(湯),[空],thaon1(tʰɑ̃⁵³),thaon1,暂无
奉贤,躺(躺),[空],thaon3(tʰɑ̃⁴⁴),thaon3,暂无
奉贤,烫(燙),[空],thaon5(tʰɑ̃³³⁵),thaon5,暂无
奉贤,堂(堂),[空],daon2(dɑ̃³¹),daon2,暂无
奉贤,唐(唐),[空],daon2(dɑ̃³¹),daon2,暂无
奉贤,塘(塘),[空],daon2(dɑ̃³¹),daon2,暂无
奉贤,糖(糖),[空],daon2(dɑ̃³¹),daon2,暂无
奉贤,荡(盪),[空],daon6(dɑ̃¹¹³),daon6,暂无
奉贤,狼(狼),[空],laon2(lɑ̃³¹),laon2,暂无
奉贤,郞(郞),[空],laon2(lɑ̃³¹),laon2,暂无
奉贤,廊(廊),[空],laon2(lɑ̃³¹),laon2,暂无
奉贤,浪(浪),[空],laon6(lɑ̃¹¹³),laon6,暂无
奉贤,仓(倉),[空],tshaon1(tsʰɑ̃⁵³),tshaon1,暂无
奉贤,苍(蒼),[空],tshaon1(tsʰɑ̃⁵³),tshaon1,暂无
奉贤,藏(藏),[空],zaon6(zɑ̃¹¹³),zaon6,暂无
奉贤,桑(桑),[空],saon1(sɑ̃⁵³),saon1,暂无
奉贤,丧(喪),[空],saon1(sɑ̃⁵³),saon1,暂无
奉贤,丧(喪),又,saon5(sɑ̃³³⁵),saon5,暂无
奉贤,冈(岡),[空],kaon1(kɑ̃⁵³),kaon1,暂无
奉贤,刚(剛),[空],kaon1(kɑ̃⁵³),kaon1,暂无
奉贤,纲(綱),[空],kaon1(kɑ̃⁵³),kaon1,暂无
奉贤,钢(鋼),[空],kaon1(kɑ̃⁵³),kaon1,暂无
奉贤,缸(缸),[空],kaon1(kɑ̃⁵³),kaon1,暂无
奉贤,杠(槓),[空],kaon5(kɑ̃³³⁵),kaon5,暂无
奉贤,康(康),[空],khaon1(kʰɑ̃⁵³),khaon1,暂无
奉贤,糠(糠),[空],khaon1(kʰɑ̃⁵³),khaon1,暂无
奉贤,慷(慷),【校】原khaon5,khaon1(kʰɑ̃⁵³),khaon1,暂无
奉贤,抗(抗),[空],khaon5(kʰɑ̃³³⁵),khaon5,暂无
奉贤,囥(囥),[空],khaon5(kʰɑ̃³³⁵),khaon5,暂无
奉贤,昂(昂),[空],ngaon2(ŋɑ̃³¹),ngaon2,暂无
奉贤,行(行),[空],ghaon2(ɦɑ̃³¹),ghaon2,暂无
奉贤,杭(杭),[空],ghaon2(ɦɑ̃³¹),ghaon2,暂无
奉贤,航(航),[空],ghaon2(ɦɑ̃³¹),ghaon2,暂无
奉贤,博(博),[空],paoq7(ɓɔʔ⁵),paoq7,暂无
奉贤,薄(薄),[空],baoq8(bɔʔ³),baoq8,暂无
奉贤,摸(摸),[空],maoq8(mɔʔ³),maoq8,暂无
奉贤,莫(莫),[空],maoq8(mɔʔ³),maoq8,暂无
奉贤,幕(幕),[空],mo6(mo¹¹³),mo6,暂无
奉贤,托(托),[空],thaoq7(tʰɔʔ⁵),thaoq7,暂无
奉贤,诺(諾),[空],naoq8(nɔʔ³),naoq8,暂无
奉贤,洛(洛),[空],laoq8(lɔʔ³),laoq8,暂无
奉贤,落(落),[空],laoq8(lɔʔ³),laoq8,暂无
奉贤,络(絡),[空],laoq8(lɔʔ³),laoq8,暂无
奉贤,乐(樂),[空],laoq8(lɔʔ³),laoq8,暂无
奉贤,作(作),[空],tsaoq7(tsɔʔ⁵),tsaoq7,暂无
奉贤,锉(銼),[空],tshu5(tsʰu³³⁵),tshu5,暂无
奉贤,昨(昨),[空],zaoq8(zɔʔ³),zaoq8,暂无
奉贤,昨(昨),又,zo2(zo³¹),zo2,暂无
奉贤,索(索),[空],saoq7(sɔʔ⁵),saoq7,暂无
奉贤,阁(閣),[空],kaoq7(kɔʔ⁵),kaoq7,暂无
奉贤,搁(擱),[空],kaoq7(kɔʔ⁵),kaoq7,暂无
奉贤,各(各),[空],kaoq7(kɔʔ⁵),kaoq7,暂无
奉贤,鹤(鶴),[空],ngaoq8(ŋɔʔ³),ngaoq8,暂无
奉贤,恶(惡),[空],aoq7(∅ɔʔ⁵),aoq7,暂无
奉贤,娘(娘),[空],gnian2(ɲiɛ̃³¹),gnian2,暂无
奉贤,酿(釀),[空],gnian6(ɲiɛ̃¹¹³),gnian6,暂无
奉贤,良(良),[空],lian2(liɛ̃³¹),lian2,暂无
奉贤,凉(涼),[空],lian2(liɛ̃³¹),lian2,暂无
奉贤,梁(梁),[空],lian2(liɛ̃³¹),lian2,暂无
奉贤,粮(糧),[空],lian2(liɛ̃³¹),lian2,暂无
奉贤,量(量),[空],lian2(liɛ̃³¹),lian2,暂无
奉贤,两(兩),【校】原lian6,lian4(liɛ̃²²),lian4,暂无
奉贤,亮(亮),[空],lian6(liɛ̃¹¹³),lian6,暂无
奉贤,谅(諒),[空],lian6(liɛ̃¹¹³),lian6,暂无
奉贤,将(將),[空],tsian1(tsiɛ̃⁵³),tsian1,暂无
奉贤,蒋(蔣),【校】原tsian5,tsian3(tsiɛ̃⁴⁴),tsian3,暂无
奉贤,桨(槳),【校】原tsian5,tsian3(tsiɛ̃⁴⁴),tsian3,暂无
奉贤,奖(獎),【校】原tsian5,tsian3(tsiɛ̃⁴⁴),tsian3,暂无
奉贤,酱(醬),[空],tsian5(tsiɛ̃³³⁵),tsian5,暂无
奉贤,将(將),大~,tsian5(tsiɛ̃³³⁵),tsian5,暂无
奉贤,枪(槍),[空],tshian1(tsʰiɛ̃⁵³),tshian1,暂无
奉贤,抢(搶),【校】原tshian5,tshian3(tsʰiɛ̃⁴⁴),tshian3,暂无
奉贤,墙(牆),[空],zian2(ziɛ̃³¹),zian2,暂无
奉贤,匠(匠),[空],zian6(ziɛ̃¹¹³),zian6,暂无
奉贤,相(相),~互,sian1(siɛ̃⁵³),sian1,暂无
奉贤,箱(箱),[空],sian1(siɛ̃⁵³),sian1,暂无
奉贤,厢(廂),[空],sian1(siɛ̃⁵³),sian1,暂无
奉贤,镶(鑲),[空],sian1(siɛ̃⁵³),sian1,暂无
奉贤,想(想),【校】原sian5,sian3(siɛ̃⁴⁴),sian3,暂无
奉贤,相(相),~貌,sian5(siɛ̃³³⁵),sian5,暂无
奉贤,详(詳),[空],zian2(ziɛ̃³¹),zian2,暂无
奉贤,祥(祥),[空],zian2(ziɛ̃³¹),zian2,暂无
奉贤,橡(橡),[空],zian6(ziɛ̃¹¹³),zian6,暂无
奉贤,象(象),[空],zian6(ziɛ̃¹¹³),zian6,暂无
奉贤,张(張),[空],tsan1(tsɛ̃⁵³),tsan1,暂无
奉贤,长(長),生~【校】原tsan5,tsan3(tsɛ̃⁴⁴),tsan3,暂无
奉贤,涨(漲),【校】原tsan5,tsan3(tsɛ̃⁴⁴),tsan3,暂无
奉贤,帐(帳),[空],tsan5(tsɛ̃³³⁵),tsan5,暂无
奉贤,畅(暢),[空],tshaon5(tsʰɑ̃³³⁵),tshaon5,暂无
奉贤,长(長),~短,zan2(zɛ̃³¹),zan2,暂无
奉贤,肠(腸),[空],zan2(zɛ̃³¹),zan2,暂无
奉贤,场(場),[空],zan2(zɛ̃³¹),zan2,暂无
奉贤,丈(丈),[空],zan6(zɛ̃¹¹³),zan6,暂无
奉贤,仗(仗),[空],tsan5(tsɛ̃³³⁵),tsan5,暂无
奉贤,庄(莊),[空],tsaon1(tsɑ̃⁵³),tsaon1,暂无
奉贤,装(裝),[空],tsaon1(tsɑ̃⁵³),tsaon1,暂无
奉贤,壮(壯),[空],tsaon5(tsɑ̃³³⁵),tsaon5,暂无
奉贤,疮(瘡),[空],tshaon1(tsʰɑ̃⁵³),tshaon1,暂无
奉贤,创(創),[空],tshaon5(tsʰɑ̃³³⁵),tshaon5,暂无
奉贤,床(床),[空],zaon2(zɑ̃³¹),zaon2,暂无
奉贤,状(狀),[空],zaon6(zɑ̃¹¹³),zaon6,暂无
奉贤,霜(霜),[空],saon1(sɑ̃⁵³),saon1,暂无
奉贤,爽(爽),[空],saon3(sɑ̃⁴⁴),saon3,暂无
奉贤,章(章),[空],tsan1(tsɛ̃⁵³),tsan1,暂无
奉贤,章(章),[空],tsaon1(tsɑ̃⁵³),tsaon1,暂无
奉贤,樟(樟),[空],tsan1(tsɛ̃⁵³),tsan1,暂无
奉贤,樟(樟),[空],tsaon1(tsɑ̃⁵³),tsaon1,暂无
奉贤,掌(掌),[空],tsan3(tsɛ̃⁴⁴),tsan3,暂无
奉贤,障(障),[空],tsan5(tsɛ̃³³⁵),tsan5,暂无
奉贤,昌(昌),[空],tshan1(tsʰɛ̃⁵³),tshan1,暂无
奉贤,厂(廠),[空],tshan3(tsʰɛ̃⁴⁴),tshan3,暂无
奉贤,唱(唱),[空],tshaon5(tsʰɑ̃³³⁵),tshaon5,暂无
奉贤,商(商),[空],san1(sɛ̃⁵³),san1,暂无
奉贤,商(商),[空],saon1(sɑ̃⁵³),saon1,暂无
奉贤,伤(傷),【校】原san1,saon1(sɑ̃⁵³),saon1,暂无
奉贤,赏(賞),[空],saon3(sɑ̃⁴⁴),saon3,暂无
奉贤,赏(賞),[空],san3(sɛ̃⁴⁴),san3,暂无
奉贤,常(常),[空],zan2(zɛ̃³¹),zan2,暂无
奉贤,裳(裳),[空],zaon2(zɑ̃³¹),zaon2,暂无
奉贤,裳(裳),[空],zan2(zɛ̃³¹),zan2,暂无
奉贤,上(上),[空],zaon6(zɑ̃¹¹³),zaon6,暂无
奉贤,上(上),[空],zan6(zɛ̃¹¹³),zan6,暂无
奉贤,瓤(瓤),【校】原gnian2,gnian4(ɲiɛ̃²²),gnian4,暂无
奉贤,让(讓),[空],gnian6(ɲiɛ̃¹¹³),gnian6,暂无
奉贤,疆(疆),[空],cian1(ʄiɛ̃⁵³),cian1,暂无
奉贤,僵(僵),[空],cian1(ʄiɛ̃⁵³),cian1,暂无
奉贤,姜(姜),[空],cian1(ʄiɛ̃⁵³),cian1,暂无
奉贤,强(強),[空],jian2(ɟiɛ̃³¹),jian2,暂无
奉贤,强(強),勉~【校】原chian1,chian3(cʰiɛ̃⁴⁴),chian3,暂无
奉贤,香(香),[空],shian1(çiɛ̃⁵³),shian1,暂无
奉贤,乡(鄉),[空],shian1(çiɛ̃⁵³),shian1,暂无
奉贤,享(享),[空],shian3(çiɛ̃⁴⁴),shian3,暂无
奉贤,响(響),[空],shian3(çiɛ̃⁴⁴),shian3,暂无
奉贤,向(向),[空],shian5(çiɛ̃³³⁵),shian5,暂无
奉贤,央(央),[空],ian1(∅iɛ̃⁵³),ian1,暂无
奉贤,秧(秧),[空],ian1(∅iɛ̃⁵³),ian1,暂无
奉贤,羊(羊),[空],yan2(ɦiɛ̃³¹),yan2,暂无
奉贤,洋(洋),[空],yan2(ɦiɛ̃³¹),yan2,暂无
奉贤,杨(楊),[空],yan2(ɦiɛ̃³¹),yan2,暂无
奉贤,扬(揚),[空],yan2(ɦiɛ̃³¹),yan2,暂无
奉贤,阳(陽),[空],yan2(ɦiɛ̃³¹),yan2,暂无
奉贤,烊(烊),[空],yan2(ɦiɛ̃³¹),yan2,暂无
奉贤,养(養),[空],yan4(ɦiɛ̃²²),yan4,暂无
奉贤,样(樣),[空],ian5(∅iɛ̃³³⁵),ian5,暂无
奉贤,略(略),[空],liaq8(liɑʔ³),liaq8,暂无
奉贤,掠(掠),[空],liaq8(liɑʔ³),liaq8,暂无
奉贤,雀(雀),[空],tshiaq7(tsʰiɑʔ⁵),tshiaq7,暂无
奉贤,雀(雀),tsiaq7,tsiaq7(tsiɑʔ⁵),tsiaq7,暂无
奉贤,鹊(鵲),[空],tshiaq7(tsʰiɑʔ⁵),tshiaq7,暂无
奉贤,嚼(嚼),[空],ziaq8(ziɑʔ³),ziaq8,暂无
奉贤,削(削),[空],siaq7(siɑʔ⁵),siaq7,暂无
奉贤,着(著),[空],tsaq7(tsɑʔ⁵),tsaq7,暂无
奉贤,勺(勺),[空],zaoq8(zɔʔ³),zaoq8,暂无
奉贤,若(若),[空],zaq8(zɑʔ³),zaq8,暂无
奉贤,弱(弱),[空],zaq8(zɑʔ³),zaq8,暂无
奉贤,脚(腳),[空],ciaq7(ʄiɑʔ⁵),ciaq7,暂无
奉贤,虐(虐),[空],gniaq8(ɲiɑʔ³),gniaq8,暂无
奉贤,约(約),[空],iaq7(∅iɑʔ⁵),iaq7,暂无
奉贤,药(藥),[空],yaq8(ɦiɑʔ³),yaq8,暂无
奉贤,钥(鑰),[空],yaq8(ɦiɑʔ³),yaq8,暂无
奉贤,光(光),[空],kuaon1(kuɑ̃⁵³),kuaon1,暂无
奉贤,光(光),~火,kuan1(kuɛ̃⁵³),kuan1,暂无
奉贤,广(廣),[空],kuaon3(kuɑ̃⁴⁴),kuaon3,暂无
奉贤,荒(荒),[空],faon1(ɸɑ̃⁵³),faon1,暂无
奉贤,慌(慌),[空],faon1(ɸɑ̃⁵³),faon1,暂无
奉贤,谎(謊),[空],faon5(ɸɑ̃³³⁵),faon5,暂无
奉贤,晃(晃),搖~【校】原vaon2,vaon6(βɑ̃¹¹³),vaon6,暂无
奉贤,簧(簧),[空],vaon2(βɑ̃³¹),vaon2,暂无
奉贤,皇(皇),[空],vaon2(βɑ̃³¹),vaon2,暂无
奉贤,晃(晃),~眼【校】原uaon1,faon5(ɸɑ̃⁵³),faon5,暂无
奉贤,郭(郭),[空],kuaoq7(kuɔʔ⁵),kuaoq7,暂无
奉贤,扩(擴),[空],khuaoq7(kʰuɔʔ⁵),khuaoq7,暂无
奉贤,廓(廓),【校】原kuaoq7,khuaoq7(kʰuɔʔ⁵),khuaoq7,暂无
奉贤,霍(霍),[空],haoq7(hɔʔ⁵),haoq7,暂无
奉贤,方(方),[空],faon1(ɸɑ̃⁵³),faon1,暂无
奉贤,肪(肪),[空],faon1(ɸɑ̃⁵³),faon1,暂无
奉贤,仿(仿),[空],faon3(ɸɑ̃⁴⁴),faon3,暂无
奉贤,放(放),[空],faon5(ɸɑ̃³³⁵),faon5,暂无
奉贤,芳(芳),[空],faon1(ɸɑ̃⁵³),faon1,暂无
奉贤,纺(紡),[空],faon3(ɸɑ̃⁴⁴),faon3,暂无
奉贤,仿(仿),[空],faon3(ɸɑ̃⁴⁴),faon3,暂无
奉贤,访(訪),【校】原faon5,faon3(ɸɑ̃⁴⁴),faon3,暂无
奉贤,防(防),[空],baon2(bɑ̃³¹),baon2,暂无
奉贤,房(房),[空],vaon2(βɑ̃³¹),vaon2,暂无
奉贤,亡(亡),文,maon2(mɑ̃³¹),maon2,暂无
奉贤,亡(亡),白,vaon2(βɑ̃³¹),vaon2,暂无
奉贤,芒(芒),[空],maon2(mɑ̃³¹),maon2,暂无
奉贤,网(網),【校】原maon6,maon4(mɑ̃²²),maon4,暂无
奉贤,忘(忘),白,maon6(mɑ̃¹¹³),maon6,暂无
奉贤,忘(忘),文,vaon6(βɑ̃¹¹³),vaon6,暂无
奉贤,望(望),白,maon6(mɑ̃¹¹³),maon6,暂无
奉贤,望(望),文,vaon6(βɑ̃¹¹³),vaon6,暂无
奉贤,妄(妄),[空],vaon6(βɑ̃¹¹³),vaon6,暂无
奉贤,筐(筐),[空],khaon1(kʰɑ̃⁵³),khaon1,暂无
奉贤,狂(狂),【校】原guaon6,guaon2(guɑ̃³¹),guaon2,暂无
奉贤,况(況),[空],faon5(ɸɑ̃³³⁵),faon5,暂无
奉贤,王(王),[空],vaon2(βɑ̃³¹),vaon2,暂无
奉贤,王(王),[空],yaon2(ɦiɑ̃³¹),yaon2,暂无
奉贤,往(往),[空],maon6(mɑ̃¹¹³),maon6,暂无
奉贤,往(往),【校】原uaon5,uaon3(∅uɑ̃⁴⁴),uaon3,暂无
奉贤,旺(旺),[空],yaon6(ɦiɑ̃¹¹³),yaon6,暂无
奉贤,缚(縛),[空],baoq8(bɔʔ³),baoq8,暂无
奉贤,缚(縛),[空],vaoq8(βɔʔ³),vaoq8,暂无
奉贤,邦(邦),[空],paon1(ɓɑ̃⁵³),paon1,暂无
奉贤,绑(綁),[空],paon3(ɓɑ̃⁴⁴),paon3,暂无
奉贤,胖(胖),[空],phaon5(pʰɑ̃³³⁵),phaon5,暂无
奉贤,庞(龐),[空],baon2(bɑ̃³¹),baon2,暂无
奉贤,棒(棒),[空],baon6(bɑ̃¹¹³),baon6,暂无
奉贤,桩(樁),[空],tsaon1(tsɑ̃⁵³),tsaon1,暂无
奉贤,撞(撞),[空],zaon6(zɑ̃¹¹³),zaon6,暂无
奉贤,窗(窗),[空],tshaon1(tsʰɑ̃⁵³),tshaon1,暂无
奉贤,双(雙),[空],saon1(sɑ̃⁵³),saon1,暂无
奉贤,江(江),[空],kaon1(kɑ̃⁵³),kaon1,暂无
奉贤,讲(講),白,kaon3(kɑ̃⁴⁴),kaon3,暂无
奉贤,讲(講),文,cian3(ʄiɛ̃⁴⁴),cian3,暂无
奉贤,港(港),【校】原kaon5,kaon3(kɑ̃⁴⁴),kaon3,暂无
奉贤,降(降),~落,kaon5(kɑ̃³³⁵),kaon5,暂无
奉贤,腔(腔),[空],chian1(cʰiɛ̃⁵³),chian1,暂无
奉贤,降(降),投~,ghaon2(ɦɑ̃³¹),ghaon2,暂无
奉贤,降(降),又,vaon2(βɑ̃³¹),vaon2,暂无
奉贤,项(項),[空],ghaon6(ɦɑ̃¹¹³),ghaon6,暂无
奉贤,巷(巷),[空],ghaon6(ɦɑ̃¹¹³),ghaon6,暂无
奉贤,剥(剝),[空],poq7(ɓoʔ⁵),poq7,暂无
奉贤,朴(樸),[空],phaoq7(pʰɔʔ⁵),phaoq7,暂无
奉贤,雹(雹),[空],bau6(bɔ¹¹³),bau6,暂无
奉贤,桌(桌),[空],tsaoq7(tsɔʔ⁵),tsaoq7,暂无
奉贤,戳(戳),【校】原tshoq7,tshaoq7(tsʰɔʔ⁵),tshaoq7,暂无
奉贤,戳(戳),[空],chiaoq7(cʰiɔʔ⁵),chiaoq7,暂无
奉贤,浊(濁),[空],zaoq8(zɔʔ³),zaoq8,暂无
奉贤,捉(捉),[空],tsaoq7(tsɔʔ⁵),tsaoq7,暂无
奉贤,镯(鐲),[空],zaoq8(zɔʔ³),zaoq8,暂无
奉贤,朔(朔),[空],saoq7(sɔʔ⁵),saoq7,暂无
奉贤,觉(覺),白,kaoq7(kɔʔ⁵),kaoq7,暂无
奉贤,觉(覺),文,ciaq7(ʄiɑʔ⁵),ciaq7,暂无
奉贤,角(角),[空],kaoq7(kɔʔ⁵),kaoq7,暂无
奉贤,确(確),[空],chiaq7(cʰiɑʔ⁵),chiaq7,暂无
奉贤,确(確),文,chiaoq7(cʰiɔʔ⁵),chiaoq7,暂无
奉贤,岳(岳),[空],ngaoq8(ŋɔʔ³),ngaoq8,暂无
奉贤,乐(樂),[空],yaq8(ɦiɑʔ³),yaq8,暂无
奉贤,学(學),白,ghaoq8(ɦɔʔ³),ghaoq8,暂无
奉贤,学(學),文,yaq8(ɦiɑʔ³),yaq8,暂无
奉贤,握(握),[空],uaoq7(∅uɔʔ⁵),uaoq7,暂无
奉贤,崩(崩),[空],pen1(ɓɐŋ⁵³),pen1,暂无
奉贤,朋(朋),白,ban2(bɛ̃³¹),ban2,暂无
奉贤,朋(朋),文,ben2(bɐŋ³¹),ben2,暂无
奉贤,登(登),[空],ten1(ɗɐŋ⁵³),ten1,暂无
奉贤,灯(燈),[空],ten1(ɗɐŋ⁵³),ten1,暂无
奉贤,等(等),[空],ten3(ɗɐŋ⁴⁴),ten3,暂无
奉贤,凳(凳),[空],ten5(ɗɐŋ³³⁵),ten5,暂无
奉贤,腾(騰),【校】原den6,den2(dɐŋ³¹),den2,暂无
奉贤,藤(藤),【校】原den6,den2(dɐŋ³¹),den2,暂无
奉贤,邓(鄧),[空],den6(dɐŋ¹¹³),den6,暂无
奉贤,能(能),[空],nen2(nɐŋ³¹),nen2,暂无
奉贤,增(增),[空],tsen1(tsɐŋ⁵³),tsen1,暂无
奉贤,曾(曾),~孫,tsen1(tsɐŋ⁵³),tsen1,暂无
奉贤,曾(曾),~經【校】原zen6,zen2(zɐŋ³¹),zen2,暂无
奉贤,层(層),【校】原zen6,zen2(zɐŋ³¹),zen2,暂无
奉贤,赠(贈),[空],zen6(zɐŋ¹¹³),zen6,暂无
奉贤,僧(僧),[空],sen1(sɐŋ⁵³),sen1,暂无
奉贤,肯(肯),[空],khen3(kʰɐŋ⁴⁴),khen3,暂无
奉贤,恒(恆),[空],ghen2(ɦɐŋ³¹),ghen2,暂无
奉贤,北(北),[空],poq7(ɓoʔ⁵),poq7,暂无
奉贤,墨(墨),[空],meoq8(mʌʔ³),meoq8,暂无
奉贤,默(默),[空],meoq8(mʌʔ³),meoq8,暂无
奉贤,得(得),[空],teoq7(ɗʌʔ⁵),teoq7,暂无
奉贤,德(德),[空],teoq7(ɗʌʔ⁵),teoq7,暂无
奉贤,特(特),[空],deoq8(dʌʔ³),deoq8,暂无
奉贤,肋(肋),[空],leoq8(lʌʔ³),leoq8,暂无
奉贤,勒(勒),[空],leoq8(lʌʔ³),leoq8,暂无
奉贤,贼(賊),[空],zeoq8(zʌʔ³),zeoq8,暂无
奉贤,塞(塞),[空],seoq7(sʌʔ⁵),seoq7,暂无
奉贤,克(克),[空],kheoq7(kʰʌʔ⁵),kheoq7,暂无
奉贤,刻(刻),[空],kheoq7(kʰʌʔ⁵),kheoq7,暂无
奉贤,黑(黑),[空],heoq7(hʌʔ⁵),heoq7,暂无
奉贤,冰(冰),[空],pin1(ɓiɐŋ⁵³),pin1,暂无
奉贤,凭(憑),[空],bin2(biɐŋ³¹),bin2,暂无
奉贤,陵(陵),[空],lin2(liɐŋ³¹),lin2,暂无
奉贤,菱(菱),[空],lin2(liɐŋ³¹),lin2,暂无
奉贤,征(徵),[空],tsen1(tsɐŋ⁵³),tsen1,暂无
奉贤,澄(澄),[空],zen2(zɐŋ³¹),zen2,暂无
奉贤,橙(橙),[空],zen2(zɐŋ³¹),zen2,暂无
奉贤,蒸(蒸),[空],tsen1(tsɐŋ⁵³),tsen1,暂无
奉贤,证(證),[空],tsen5(tsɐŋ³³⁵),tsen5,暂无
奉贤,症(症),[空],tsen5(tsɐŋ³³⁵),tsen5,暂无
奉贤,称(稱),[空],tshen1(tsʰɐŋ⁵³),tshen1,暂无
奉贤,称(稱),相~,tshen5(tsʰɐŋ³³⁵),tshen5,暂无
奉贤,秤(秤),[空],tshen5(tsʰɐŋ³³⁵),tshen5,暂无
奉贤,乘(乘),[空],zen2(zɐŋ³¹),zen2,暂无
奉贤,绳(繩),[空],zen2(zɐŋ³¹),zen2,暂无
奉贤,剩(剩),文,zen6(zɐŋ¹¹³),zen6,暂无
奉贤,剩(剩),白,zan6(zɛ̃¹¹³),zan6,暂无
奉贤,升(升),[空],sen1(sɐŋ⁵³),sen1,暂无
奉贤,胜(勝),[空],sen5(sɐŋ³³⁵),sen5,暂无
奉贤,承(承),[空],zen2(zɐŋ³¹),zen2,暂无
奉贤,丞(丞),[空],zen2(zɐŋ³¹),zen2,暂无
奉贤,仍(仍),[空],zen2(zɐŋ³¹),zen2,暂无
奉贤,扔(扔),[空],gnin2(ɲiɐŋ³¹),gnin2,暂无
奉贤,应(應),[空],in1(∅iɐŋ⁵³),in1,暂无
奉贤,鹰(鷹),[空],in1(∅iɐŋ⁵³),in1,暂无
奉贤,应(應),響~,in5(∅iɐŋ³³⁵),in5,暂无
奉贤,蝇(蠅),[空],in1(∅iɐŋ⁵³),in1,暂无
奉贤,孕(孕),[空],yun6(ɦyɐ̃¹¹³),yun6,暂无
奉贤,逼(逼),[空],pieq7(ɓiʌʔ⁵),pieq7,暂无
奉贤,力(力),[空],lieq8(liʌʔ³),lieq8,暂无
奉贤,即(即),[空],tsieq7(tsiʌʔ⁵),tsieq7,暂无
奉贤,鲫(鯽),[空],tsieq7(tsiʌʔ⁵),tsieq7,暂无
奉贤,鲫(鯽),[空],tsi1(tsi⁵³),tsi1,暂无
奉贤,息(息),[空],sieq7(siʌʔ⁵),sieq7,暂无
奉贤,熄(熄),[空],sieq7(siʌʔ⁵),sieq7,暂无
奉贤,直(直),[空],zeoq8(zʌʔ³),zeoq8,暂无
奉贤,值(值),[空],zeoq8(zʌʔ³),zeoq8,暂无
奉贤,侧(側),[空],tseoq7(tsʌʔ⁵),tseoq7,暂无
奉贤,测(測),[空],tsheoq7(tsʰʌʔ⁵),tsheoq7,暂无
奉贤,色(色),[空],seoq7(sʌʔ⁵),seoq7,暂无
奉贤,织(織),[空],tseoq7(tsʌʔ⁵),tseoq7,暂无
奉贤,职(職),[空],tseoq7(tsʌʔ⁵),tseoq7,暂无
奉贤,食(食),[空],zeoq8(zʌʔ³),zeoq8,暂无
奉贤,识(識),[空],seoq7(sʌʔ⁵),seoq7,暂无
奉贤,式(式),[空],seoq7(sʌʔ⁵),seoq7,暂无
奉贤,植(植),[空],zeoq8(zʌʔ³),zeoq8,暂无
奉贤,殖(殖),[空],zeoq8(zʌʔ³),zeoq8,暂无
奉贤,极(極),[空],jieq8(ɟiʌʔ³),jieq8,暂无
奉贤,忆(憶),[空],yeq7(ɦiʌʔ⁵),yeq7,暂无
奉贤,亿(億),[空],yeq7(ɦiʌʔ⁵),yeq7,暂无
奉贤,亿(億),文,yi2(ɦi³¹),yi2,暂无
奉贤,弘(弘),[空],ghon2(ɦʊŋ³¹),ghon2,暂无
奉贤,国(國),[空],koq7(koʔ⁵),koq7,暂无
奉贤,或(或),[空],voq8(βoʔ³),voq8,暂无
奉贤,或(或),又。,ghoq8(ɦoʔ³),ghoq8,暂无
奉贤,域(域),【校】原voq8,yoq8(ɦioʔ³),yoq8,暂无
奉贤,彭(彭),[空],ban2(bɛ̃³¹),ban2,暂无
奉贤,膨(膨),[空],ban2(bɛ̃³¹),ban2,暂无
奉贤,盲(盲),[空],maon2(mɑ̃³¹),maon2,暂无
奉贤,猛(猛),【校】原man6,man4(mɛ̃²²),man4,暂无
奉贤,孟(孟),[空],man6(mɛ̃¹¹³),man6,暂无
奉贤,打(打),[空],tan3(ɗɛ̃⁴⁴),tan3,暂无
奉贤,冷(冷),[空],lan4(lɛ̃²²),lan4,暂无
奉贤,撑(撐),[空],tshan1(tsʰɛ̃⁵³),tshan1,暂无
奉贤,生(生),白,san1(sɛ̃⁵³),san1,暂无
奉贤,生(生),文,sen1(sɐŋ⁵³),sen1,暂无
奉贤,甥(甥),白,san1(sɛ̃⁵³),san1,暂无
奉贤,甥(甥),文,sen1(sɐŋ⁵³),sen1,暂无
奉贤,牲(牲),白,san1(sɛ̃⁵³),san1,暂无
奉贤,牲(牲),文,sen1(sɐŋ⁵³),sen1,暂无
奉贤,省(省),【校】原san5,san3(sɛ̃⁴⁴),san3,暂无
奉贤,更(更),[空],kan1(kɛ̃⁵³),kan1,暂无
奉贤,更(更),又。~加,cin1(ʄiɐŋ⁵³),cin1,暂无
奉贤,羹(羹),[空],kan1(kɛ̃⁵³),kan1,暂无
奉贤,庚(庚),[空],kan1(kɛ̃⁵³),kan1,暂无
奉贤,粳(粳),[空],kan1(kɛ̃⁵³),kan1,暂无
奉贤,梗(梗),[空],kan3(kɛ̃⁴⁴),kan3,暂无
奉贤,更(更),文。~加,ken5(kɐŋ³³⁵),ken5,暂无
奉贤,坑(坑),[空],khaon1(kʰɑ̃⁵³),khaon1,暂无
奉贤,坑(坑),白,khan1(kʰɛ̃⁵³),khan1,暂无
奉贤,硬(硬),[空],ngan6(ŋɛ̃¹¹³),ngan6,暂无
奉贤,行(行),[空],yin2(ɦiɐŋ³¹),yin2,暂无
奉贤,行(行),白,ghan2(ɦɛ̃³¹),ghan2,暂无
奉贤,杏(杏),[空],an3(∅ɛ̃⁴⁴),an3,暂无
奉贤,百(百),[空],paq7(ɓɑʔ⁵),paq7,暂无
奉贤,柏(柏),[空],paq7(ɓɑʔ⁵),paq7,暂无
奉贤,伯(伯),[空],paq7(ɓɑʔ⁵),paq7,暂无
奉贤,迫(迫),[空],paq7(ɓɑʔ⁵),paq7,暂无
奉贤,迫(迫),[空],phaq7(pʰɑʔ⁵),phaq7,暂无
奉贤,迫(迫),[空],pheoq7(pʰʌʔ⁵),pheoq7,暂无
奉贤,拍(拍),[空],phaq7(pʰɑʔ⁵),phaq7,暂无
奉贤,魄(魄),[空],phaq7(pʰɑʔ⁵),phaq7,暂无
奉贤,白(白),[空],baq8(bɑʔ³),baq8,暂无
奉贤,陌(陌),[空],maq8(mɑʔ³),maq8,暂无
奉贤,拆(拆),[空],tshaq7(tsʰɑʔ⁵),tshaq7,暂无
奉贤,择(擇),[空],zeoq8(zʌʔ³),zeoq8,暂无
奉贤,泽(澤),[空],zeoq8(zʌʔ³),zeoq8,暂无
奉贤,宅(宅),[空],zaq8(zɑʔ³),zaq8,暂无
奉贤,格(格),[空],keoq7(kʌʔ⁵),keoq7,暂无
奉贤,客(客),[空],khaq7(kʰɑʔ⁵),khaq7,暂无
奉贤,客(客),老~人,khaeq7(kʰæʔ⁵),khaeq7,暂无
奉贤,额(額),[空],ngaq8(ŋɑʔ³),ngaq8,暂无
奉贤,吓(嚇),[空],haq7(hɑʔ⁵),haq7,暂无
奉贤,赫(赫),[空],haq7(hɑʔ⁵),haq7,暂无
奉贤,棚(棚),[空],ban2(bɛ̃³¹),ban2,暂无
奉贤,萌(萌),[空],men2(mɐŋ³¹),men2,暂无
奉贤,争(爭),白,tsan1(tsɛ̃⁵³),tsan1,暂无
奉贤,争(爭),文,tsen1(tsɐŋ⁵³),tsen1,暂无
奉贤,睁(睜),白,tsan1(tsɛ̃⁵³),tsan1,暂无
奉贤,睁(睜),文,tsen1(tsɐŋ⁵³),tsen1,暂无
奉贤,耕(耕),[空],ken1(kɐŋ⁵³),ken1,暂无
奉贤,耿(耿),[空],ken5(kɐŋ³³⁵),ken5,暂无
奉贤,茎(莖),【校】原cin5,cin1(ʄiɐŋ⁵³),cin1,暂无
奉贤,幸(幸),[空],yin6(ɦiɐŋ¹¹³),yin6,暂无
奉贤,樱(櫻),白,an1(∅ɛ̃⁵³),an1,暂无
奉贤,樱(櫻),文,in1(∅iɐŋ⁵³),in1,暂无
奉贤,莺(鶯),[空],in1(∅iɐŋ⁵³),in1,暂无
奉贤,麦(麥),[空],maq8(mɑʔ³),maq8,暂无
奉贤,脉(脈),[空],maq8(mɑʔ³),maq8,暂无
奉贤,摘(摘),[空],tsaq7(tsɑʔ⁵),tsaq7,暂无
奉贤,摘(摘),[空],tieq7(ɗiʌʔ⁵),tieq7,暂无
奉贤,责(責),[空],tseoq7(tsʌʔ⁵),tseoq7,暂无
奉贤,策(策),[空],tshaq7(tsʰɑʔ⁵),tshaq7,暂无
奉贤,册(冊),[空],tshaq7(tsʰɑʔ⁵),tshaq7,暂无
奉贤,栅(柵),[空],saq7(sɑʔ⁵),saq7,暂无
奉贤,隔(隔),[空],kaq7(kɑʔ⁵),kaq7,暂无
奉贤,革(革),[空],keoq7(kʌʔ⁵),keoq7,暂无
奉贤,革(革),白。~革,kaq7(kɑʔ⁵),kaq7,暂无
奉贤,核(核),[空],ngeoq8(ŋʌʔ³),ngeoq8,暂无
奉贤,核(核),果~,veq8(βeʔ³),veq8,暂无
奉贤,兵(兵),[空],pin1(ɓiɐŋ⁵³),pin1,暂无
奉贤,丙(丙),[空],pin3(ɓiɐŋ⁴⁴),pin3,暂无
奉贤,平(平),[空],bin2(biɐŋ³¹),bin2,暂无
奉贤,评(評),[空],bin2(biɐŋ³¹),bin2,暂无
奉贤,病(病),[空],bin6(biɐŋ¹¹³),bin6,暂无
奉贤,明(明),[空],min2(miɐŋ³¹),min2,暂无
奉贤,鸣(鳴),[空],min2(miɐŋ³¹),min2,暂无
奉贤,盟(盟),[空],men2(mɐŋ³¹),men2,暂无
奉贤,命(命),[空],min6(miɐŋ¹¹³),min6,暂无
奉贤,京(京),[空],cin1(ʄiɐŋ⁵³),cin1,暂无
奉贤,惊(驚),[空],cin1(ʄiɐŋ⁵³),cin1,暂无
奉贤,景(景),【校】原cin5,cin3(ʄiɐŋ⁴⁴),cin3,暂无
奉贤,警(警),【校】原cin5,cin3(ʄiɐŋ⁴⁴),cin3,暂无
奉贤,境(境),[空],cin5(ʄiɐŋ³³⁵),cin5,暂无
奉贤,竟(竟),[空],cin5(ʄiɐŋ³³⁵),cin5,暂无
奉贤,镜(鏡),[空],cin5(ʄiɐŋ³³⁵),cin5,暂无
奉贤,敬(敬),[空],cin5(ʄiɐŋ³³⁵),cin5,暂无
奉贤,卿(卿),[空],chin1(cʰiɐŋ⁵³),chin1,暂无
奉贤,庆(慶),[空],chin5(cʰiɐŋ³³⁵),chin5,暂无
奉贤,竞(競),[空],jin6(ɟiɐŋ¹¹³),jin6,暂无
奉贤,迎(迎),[空],gnin2(ɲiɐŋ³¹),gnin2,暂无
奉贤,英(英),[空],in1(∅iɐŋ⁵³),in1,暂无
奉贤,影(影),【校】原in5,in3(∅iɐŋ⁴⁴),in3,暂无
奉贤,碧(碧),[空],pieq7(ɓiʌʔ⁵),pieq7,暂无
奉贤,剧(劇),[空],jiaq8(ɟiɑʔ³),jiaq8,暂无
奉贤,逆(逆),[空],gnieq8(ɲiʌʔ³),gnieq8,暂无
奉贤,饼(餅),[空],pin3(ɓiɐŋ⁴⁴),pin3,暂无
奉贤,并(並),[空],pin5(ɓiɐŋ³³⁵),pin5,暂无
奉贤,聘(聘),[空],phin5(pʰiɐŋ³³⁵),phin5,暂无
奉贤,名(名),[空],min2(miɐŋ³¹),min2,暂无
奉贤,领(領),[空],lin6(liɐŋ¹¹³),lin6,暂无
奉贤,岭(嶺),[空],lin6(liɐŋ¹¹³),lin6,暂无
奉贤,令(令),[空],lin6(liɐŋ¹¹³),lin6,暂无
奉贤,精(精),[空],tsin1(tsiɐŋ⁵³),tsin1,暂无
奉贤,晶(晶),[空],tsin1(tsiɐŋ⁵³),tsin1,暂无
奉贤,睛(睛),[空],tsin1(tsiɐŋ⁵³),tsin1,暂无
奉贤,井(井),[空],tsin3(tsiɐŋ⁴⁴),tsin3,暂无
奉贤,清(清),[空],tshin1(tsʰiɐŋ⁵³),tshin1,暂无
奉贤,请(請),[空],tshin3(tsʰiɐŋ⁴⁴),tshin3,暂无
奉贤,情(情),[空],zin2(ziɐŋ³¹),zin2,暂无
奉贤,晴(晴),[空],zin2(ziɐŋ³¹),zin2,暂无
奉贤,静(靜),[空],zin6(ziɐŋ¹¹³),zin6,暂无
奉贤,靖(靖),[空],zin6(ziɐŋ¹¹³),zin6,暂无
奉贤,净(淨),[空],zin6(ziɐŋ¹¹³),zin6,暂无
奉贤,省(省),[空],sin3(siɐŋ⁴⁴),sin3,暂无
奉贤,性(性),[空],sin5(siɐŋ³³⁵),sin5,暂无
奉贤,姓(姓),[空],sin5(siɐŋ³³⁵),sin5,暂无
奉贤,贞(貞),[空],tsen1(tsɐŋ⁵³),tsen1,暂无
奉贤,侦(偵),[空],tsen1(tsɐŋ⁵³),tsen1,暂无
奉贤,呈(呈),[空],zen2(zɐŋ³¹),zen2,暂无
奉贤,程(程),[空],zen2(zɐŋ³¹),zen2,暂无
奉贤,郑(鄭),[空],zen6(zɐŋ¹¹³),zen6,暂无
奉贤,正(正),~月,tsen1(tsɐŋ⁵³),tsen1,暂无
奉贤,征(徵),[空],tsen1(tsɐŋ⁵³),tsen1,暂无
奉贤,整(整),[空],tsen5(tsɐŋ³³⁵),tsen5,暂无
奉贤,政(政),[空],tsen5(tsɐŋ³³⁵),tsen5,暂无
奉贤,正(正),[空],tsen5(tsɐŋ³³⁵),tsen5,暂无
奉贤,声(聲),文,sen1(sɐŋ⁵³),sen1,暂无
奉贤,声(聲),白,san1(sɛ̃⁵³),san1,暂无
奉贤,圣(聖),[空],sen5(sɐŋ³³⁵),sen5,暂无
奉贤,成(成),[空],zen2(zɐŋ³¹),zen2,暂无
奉贤,城(城),[空],zen2(zɐŋ³¹),zen2,暂无
奉贤,诚(誠),[空],zen2(zɐŋ³¹),zen2,暂无
奉贤,盛(盛),[空],zen2(zɐŋ³¹),zen2,暂无
奉贤,盛(盛),[空],zen6(zɐŋ¹¹³),zen6,暂无
奉贤,盛(盛),白,zan6(zɛ̃¹¹³),zan6,暂无
奉贤,颈(頸),[空],cin5(ʄiɐŋ³³⁵),cin5,暂无
奉贤,劲(勁),[空],cin5(ʄiɐŋ³³⁵),cin5,暂无
奉贤,轻(輕),[空],chin1(cʰiɐŋ⁵³),chin1,暂无
奉贤,婴(嬰),[空],in1(∅iɐŋ⁵³),in1,暂无
奉贤,盈(盈),[空],in5(∅iɐŋ³³⁵),in5,暂无
奉贤,盈(盈),[空],yin6(ɦiɐŋ¹¹³),yin6,暂无
奉贤,赢(贏),[空],yin6(ɦiɐŋ¹¹³),yin6,暂无
奉贤,璧(璧),[空],pieq7(ɓiʌʔ⁵),pieq7,暂无
奉贤,僻(僻),[空],phieq7(pʰiʌʔ⁵),phieq7,暂无
奉贤,辟(闢),[空],phieq7(pʰiʌʔ⁵),phieq7,暂无
奉贤,积(積),[空],tsieq7(tsiʌʔ⁵),tsieq7,暂无
奉贤,迹(跡),[空],tsieq7(tsiʌʔ⁵),tsieq7,暂无
奉贤,脊(脊),[空],tsieq7(tsiʌʔ⁵),tsieq7,暂无
奉贤,惜(惜),[空],sieq7(siʌʔ⁵),sieq7,暂无
奉贤,昔(昔),[空],sieq7(siʌʔ⁵),sieq7,暂无
奉贤,夕(夕),[空],zieq8(ziʌʔ³),zieq8,暂无
奉贤,席(席),[空],zieq8(ziʌʔ³),zieq8,暂无
奉贤,只(隻),[空],tsaq7(tsɑʔ⁵),tsaq7,暂无
奉贤,尺(尺),[空],tshaq7(tsʰɑʔ⁵),tshaq7,暂无
奉贤,赤(赤),[空],tshaq7(tsʰɑʔ⁵),tshaq7,暂无
奉贤,适(適),[空],seoq7(sʌʔ⁵),seoq7,暂无
奉贤,释(釋),[空],seoq7(sʌʔ⁵),seoq7,暂无
奉贤,石(石),[空],zaq8(zɑʔ³),zaq8,暂无
奉贤,石(石),文,zeoq8(zʌʔ³),zeoq8,暂无
奉贤,益(益),[空],ieq7(∅iʌʔ⁵),ieq7,暂无
奉贤,译(譯),[空],yeq8(ɦiʌʔ³),yeq8,暂无
奉贤,易(易),[空],yeq8(ɦiʌʔ³),yeq8,暂无
奉贤,液(液),[空],yeq8(ɦiʌʔ³),yeq8,暂无
奉贤,拼(拼),[空],phin1(pʰiɐŋ⁵³),phin1,暂无
奉贤,姘(姘),[空],phin1(pʰiɐŋ⁵³),phin1,暂无
奉贤,瓶(瓶),[空],bin2(biɐŋ³¹),bin2,暂无
奉贤,萍(萍),[空],bin2(biɐŋ³¹),bin2,暂无
奉贤,并(並),[空],bin6(biɐŋ¹¹³),bin6,暂无
奉贤,铭(銘),[空],min2(miɐŋ³¹),min2,暂无
奉贤,丁(丁),[空],tin1(ɗiɐŋ⁵³),tin1,暂无
奉贤,钉(釘),[空],tin1(ɗiɐŋ⁵³),tin1,暂无
奉贤,顶(頂),[空],tin3(ɗiɐŋ⁴⁴),tin3,暂无
奉贤,订(訂),[空],tin5(ɗiɐŋ³³⁵),tin5,暂无
奉贤,钉(釘),[空],tin5(ɗiɐŋ³³⁵),tin5,暂无
奉贤,听(聽),[空],thin1(tʰiɐŋ⁵³),thin1,暂无
奉贤,厅(廳),[空],thin1(tʰiɐŋ⁵³),thin1,暂无
奉贤,亭(亭),[空],din2(diɐŋ³¹),din2,暂无
奉贤,停(停),[空],din2(diɐŋ³¹),din2,暂无
奉贤,庭(庭),[空],din2(diɐŋ³¹),din2,暂无
奉贤,艇(艇),[空],thin3(tʰiɐŋ⁴⁴),thin3,暂无
奉贤,挺(挺),[空],thin3(tʰiɐŋ⁴⁴),thin3,暂无
奉贤,定(定),[空],din6(diɐŋ¹¹³),din6,暂无
奉贤,宁(寧),[空],gnin2(ɲiɐŋ³¹),gnin2,暂无
奉贤,灵(靈),[空],lin2(liɐŋ³¹),lin2,暂无
奉贤,铃(鈴),[空],lin2(liɐŋ³¹),lin2,暂无
奉贤,零(零),[空],lin2(liɐŋ³¹),lin2,暂无
奉贤,另(另),[空],lin6(liɐŋ¹¹³),lin6,暂无
奉贤,青(青),[空],tshin1(tsʰiɐŋ⁵³),tshin1,暂无
奉贤,星(星),[空],sin1(siɐŋ⁵³),sin1,暂无
奉贤,腥(腥),[空],sin1(siɐŋ⁵³),sin1,暂无
奉贤,醒(醒),【校】原sin5,sin3(siɐŋ⁴⁴),sin3,暂无
奉贤,经(經),[空],cin1(ʄiɐŋ⁵³),cin1,暂无
奉贤,形(形),[空],yin2(ɦiɐŋ³¹),yin2,暂无
奉贤,刑(刑),[空],yin2(ɦiɐŋ³¹),yin2,暂无
奉贤,型(型),[空],yin2(ɦiɐŋ³¹),yin2,暂无
奉贤,壁(壁),[空],pieq7(ɓiʌʔ⁵),pieq7,暂无
奉贤,劈(劈),[空],phieq7(pʰiʌʔ⁵),phieq7,暂无
奉贤,觅(覓),[空],mieq8(miʌʔ³),mieq8,暂无
奉贤,滴(滴),[空],tieq7(ɗiʌʔ⁵),tieq7,暂无
奉贤,的(的),[空],tieq7(ɗiʌʔ⁵),tieq7,暂无
奉贤,踢(踢),[空],thieq7(tʰiʌʔ⁵),thieq7,暂无
奉贤,剔(剔),[空],thieq7(tʰiʌʔ⁵),thieq7,暂无
奉贤,敌(敵),[空],dieq8(diʌʔ³),dieq8,暂无
奉贤,笛(笛),[空],dieq8(diʌʔ³),dieq8,暂无
奉贤,糴(糴),[空],dieq8(diʌʔ³),dieq8,暂无
奉贤,历(歷),[空],lieq8(liʌʔ³),lieq8,暂无
奉贤,绩(績),[空],tsieq7(tsiʌʔ⁵),tsieq7,暂无
奉贤,戚(戚),[空],tshieq7(tsʰiʌʔ⁵),tshieq7,暂无
奉贤,析(析),[空],sieq7(siʌʔ⁵),sieq7,暂无
奉贤,锡(錫),[空],sieq7(siʌʔ⁵),sieq7,暂无
奉贤,激(激),[空],cieq7(ʄiʌʔ⁵),cieq7,暂无
奉贤,击(擊),[空],cieq7(ʄiʌʔ⁵),cieq7,暂无
奉贤,吃(吃),[空],chieq7(cʰiʌʔ⁵),chieq7,暂无
奉贤,矿(礦),[空],khuaon5(kʰuɑ̃³³⁵),khuaon5,暂无
奉贤,横(橫),[空],van2(βɛ̃³¹),van2,暂无
奉贤,轰(轟),[空],hon1(hʊŋ⁵³),hon1,暂无
奉贤,宏(宏),[空],ghon2(ɦʊŋ³¹),ghon2,暂无
奉贤,获(獲),[空],ghaoq8(ɦɔʔ³),ghaoq8,暂无
奉贤,划(劃),[空],vaq8(βɑʔ³),vaq8,暂无
奉贤,兄(兄),[空],shion1(çiʊŋ⁵³),shion1,暂无
奉贤,荣(榮),[空],yon2(ɦiʊŋ³¹),yon2,暂无
奉贤,永(永),[空],ion3(∅iʊŋ⁴⁴),ion3,暂无
奉贤,泳(泳),【校】原yon2,ion3(∅iʊŋ⁴⁴),ion3,暂无
奉贤,咏(詠),【校】原yon2,ion3(∅iʊŋ⁴⁴),ion3,暂无
奉贤,倾(傾),[空],chin1(cʰiɐŋ⁵³),chin1,暂无
奉贤,顷(頃),[空],chin3(cʰiɐŋ⁴⁴),chin3,暂无
奉贤,琼(瓊),[空],jion2(ɟiʊŋ³¹),jion2,暂无
奉贤,营(營),[空],yon2(ɦiʊŋ³¹),yon2,暂无
奉贤,疫(疫),[空],yoq8(ɦioʔ³),yoq8,暂无
奉贤,疫(疫),又,yoeq8(ɦyœʔ³),yoeq8,暂无
奉贤,役(役),[空],yoq8(ɦioʔ³),yoq8,暂无
奉贤,萤(螢),[空],yon2(ɦiʊŋ³¹),yon2,暂无
奉贤,篷(篷),[空],bon2(bʊŋ³¹),bon2,暂无
奉贤,蓬(蓬),[空],bon2(bʊŋ³¹),bon2,暂无
奉贤,蒙(蒙),[空],mon2(mʊŋ³¹),mon2,暂无
奉贤,东(東),[空],ton1(ɗʊŋ⁵³),ton1,暂无
奉贤,董(董),[空],ton3(ɗʊŋ⁴⁴),ton3,暂无
奉贤,懂(懂),[空],ton3(ɗʊŋ⁴⁴),ton3,暂无
奉贤,冻(凍),[空],ton5(ɗʊŋ³³⁵),ton5,暂无
奉贤,栋(棟),[空],ton5(ɗʊŋ³³⁵),ton5,暂无
奉贤,通(通),[空],thon1(tʰʊŋ⁵³),thon1,暂无
奉贤,桶(桶),[空],don4(dʊŋ²²),don4,暂无
奉贤,痛(痛),[空],thon5(tʰʊŋ³³⁵),thon5,暂无
奉贤,同(同),[空],don2(dʊŋ³¹),don2,暂无
奉贤,铜(銅),[空],don2(dʊŋ³¹),don2,暂无
奉贤,童(童),[空],don2(dʊŋ³¹),don2,暂无
奉贤,动(動),[空],don6(dʊŋ¹¹³),don6,暂无
奉贤,洞(洞),[空],don6(dʊŋ¹¹³),don6,暂无
奉贤,笼(籠),[空],lon2(lʊŋ³¹),lon2,暂无
奉贤,聋(聾),[空],lon2(lʊŋ³¹),lon2,暂无
奉贤,拢(攏),【校】原lon2,lon4(lʊŋ²²),lon4,暂无
奉贤,弄(弄),[空],lon6(lʊŋ¹¹³),lon6,暂无
奉贤,总(總),[空],tson3(tsʊŋ⁴⁴),tson3,暂无
奉贤,粽(粽),[空],tson5(tsʊŋ³³⁵),tson5,暂无
奉贤,聪(聰),[空],tshon1(tsʰʊŋ⁵³),tshon1,暂无
奉贤,葱(蔥),[空],tshon1(tsʰʊŋ⁵³),tshon1,暂无
奉贤,囱(囪),[空],tshon1(tsʰʊŋ⁵³),tshon1,暂无
奉贤,丛(叢),[空],zon2(zʊŋ³¹),zon2,暂无
奉贤,送(送),[空],son5(sʊŋ³³⁵),son5,暂无
奉贤,公(公),[空],kon1(kʊŋ⁵³),kon1,暂无
奉贤,工(工),[空],kon1(kʊŋ⁵³),kon1,暂无
奉贤,功(功),[空],kon1(kʊŋ⁵³),kon1,暂无
奉贤,攻(攻),[空],kon1(kʊŋ⁵³),kon1,暂无
奉贤,贡(貢),[空],kon5(kʊŋ³³⁵),kon5,暂无
奉贤,空(空),[空],khon1(kʰʊŋ⁵³),khon1,暂无
奉贤,孔(孔),[空],khon3(kʰʊŋ⁴⁴),khon3,暂无
奉贤,控(控),[空],khon5(kʰʊŋ³³⁵),khon5,暂无
奉贤,空(空),[空],khon5(kʰʊŋ³³⁵),khon5,暂无
奉贤,烘(烘),[空],hon1(hʊŋ⁵³),hon1,暂无
奉贤,哄(哄),[空],hon1(hʊŋ⁵³),hon1,暂无
奉贤,红(紅),[空],ghon2(ɦʊŋ³¹),ghon2,暂无
奉贤,洪(洪),[空],ghon2(ɦʊŋ³¹),ghon2,暂无
奉贤,鸿(鴻),[空],ghon2(ɦʊŋ³¹),ghon2,暂无
奉贤,虹(虹),[空],ghon2(ɦʊŋ³¹),ghon2,暂无
奉贤,翁(翁),[空],on1(∅ʊŋ⁵³),on1,暂无
奉贤,扑(撲),[空],phaoq7(pʰɔʔ⁵),phaoq7,暂无
奉贤,仆(僕),[空],phaoq7(pʰɔʔ⁵),phaoq7,暂无
奉贤,木(木),[空],maoq8(mɔʔ³),maoq8,暂无
奉贤,秃(禿),[空],thoq7(tʰoʔ⁵),thoq7,暂无
奉贤,独(獨),[空],doq8(doʔ³),doq8,暂无
奉贤,读(讀),[空],doq8(doʔ³),doq8,暂无
奉贤,鹿(鹿),[空],loq8(loʔ³),loq8,暂无
奉贤,禄(祿),[空],loq8(loʔ³),loq8,暂无
奉贤,族(族),[空],zoq8(zoʔ³),zoq8,暂无
奉贤,速(速),[空],soq7(soʔ⁵),soq7,暂无
奉贤,谷(谷),[空],koq7(koʔ⁵),koq7,暂无
奉贤,哭(哭),[空],khoq7(kʰoʔ⁵),khoq7,暂无
奉贤,屋(屋),[空],oq7(∅oʔ⁵),oq7,暂无
奉贤,冬(冬),[空],ton1(ɗʊŋ⁵³),ton1,暂无
奉贤,统(統),[空],thon5(tʰʊŋ³³⁵),thon5,暂无
奉贤,农(農),[空],non2(nʊŋ³¹),non2,暂无
奉贤,脓(膿),[空],non2(nʊŋ³¹),non2,暂无
奉贤,宗(宗),[空],tson1(tsʊŋ⁵³),tson1,暂无
奉贤,综(綜),【校】原tson5,tson1(tsʊŋ⁵³),tson1,暂无
奉贤,松(松),[空],son1(sʊŋ⁵³),son1,暂无
奉贤,宋(宋),[空],son5(sʊŋ³³⁵),son5,暂无
奉贤,督(督),[空],toq7(ɗoʔ⁵),toq7,暂无
奉贤,笃(篤),[空],toq7(ɗoʔ⁵),toq7,暂无
奉贤,笃(篤),避讳,taoq7(ɗɔʔ⁵),taoq7,暂无
奉贤,毒(毒),[空],doq8(doʔ³),doq8,暂无
奉贤,酷(酷),[空],khoq7(kʰoʔ⁵),khoq7,暂无
奉贤,风(風),[空],hon1(hʊŋ⁵³),hon1,暂无
奉贤,疯(瘋),[空],hon1(hʊŋ⁵³),hon1,暂无
奉贤,讽(諷),[空],hon1(hʊŋ⁵³),hon1,暂无
奉贤,丰(豐),[空],hon1(hʊŋ⁵³),hon1,暂无
奉贤,冯(馮),[空],ghon2(ɦʊŋ³¹),ghon2,暂无
奉贤,凤(鳳),[空],ghon6(ɦʊŋ¹¹³),ghon6,暂无
奉贤,梦(夢),[空],maon6(mɑ̃¹¹³),maon6,暂无
奉贤,隆(隆),[空],lon2(lʊŋ³¹),lon2,暂无
奉贤,中(中),[空],tson1(tsʊŋ⁵³),tson1,暂无
奉贤,忠(忠),[空],tson1(tsʊŋ⁵³),tson1,暂无
奉贤,中(中),[空],tson5(tsʊŋ³³⁵),tson5,暂无
奉贤,虫(蟲),[空],zon2(zʊŋ³¹),zon2,暂无
奉贤,仲(仲),[空],zon6(zʊŋ¹¹³),zon6,暂无
奉贤,崇(崇),[空],zon2(zʊŋ³¹),zon2,暂无
奉贤,终(終),[空],tson1(tsʊŋ⁵³),tson1,暂无
奉贤,众(眾),[空],tson5(tsʊŋ³³⁵),tson5,暂无
奉贤,充(充),[空],tshon1(tsʰʊŋ⁵³),tshon1,暂无
奉贤,绒(絨),[空],gnion2(ɲiʊŋ³¹),gnion2,暂无
奉贤,弓(弓),[空],kon1(kʊŋ⁵³),kon1,暂无
奉贤,躬(躬),[空],kon1(kʊŋ⁵³),kon1,暂无
奉贤,宫(宮),[空],kon1(kʊŋ⁵³),kon1,暂无
奉贤,穷(窮),[空],jion2(ɟiʊŋ³¹),jion2,暂无
奉贤,熊(熊),[空],yon2(ɦiʊŋ³¹),yon2,暂无
奉贤,雄(雄),[空],yon2(ɦiʊŋ³¹),yon2,暂无
奉贤,福(福),[空],hoq7(hoʔ⁵),hoq7,暂无
奉贤,复(複),[空],hoq8(hoʔ³),hoq8,暂无
奉贤,复(復),[空],ghoq8(ɦoʔ³),ghoq8,暂无
奉贤,腹(腹),[空],hoq7(hoʔ⁵),hoq7,暂无
奉贤,覆(覆),[空],hoq7(hoʔ⁵),hoq7,暂无
奉贤,服(服),[空],ghoq8(ɦoʔ³),ghoq8,暂无
奉贤,伏(伏),[空],ghoq8(ɦoʔ³),ghoq8,暂无
奉贤,目(目),[空],maoq8(mɔʔ³),maoq8,暂无
奉贤,牧(牧),[空],maoq8(mɔʔ³),maoq8,暂无
奉贤,六(六),[空],loq8(loʔ³),loq8,暂无
奉贤,陆(陸),[空],loq8(loʔ³),loq8,暂无
奉贤,肃(肅),[空],soq7(soʔ⁵),soq7,暂无
奉贤,宿(宿),[空],soq7(soʔ⁵),soq7,暂无
奉贤,竹(竹),[空],tsoq7(tsoʔ⁵),tsoq7,暂无
奉贤,筑(築),[空],tsoq7(tsoʔ⁵),tsoq7,暂无
奉贤,畜(畜),[空],tshoq7(tsʰoʔ⁵),tshoq7,暂无
奉贤,逐(逐),[空],zoq8(zoʔ³),zoq8,暂无
奉贤,轴(軸),[空],zoq8(zoʔ³),zoq8,暂无
奉贤,轴(軸),[空],jioq8(ɟioʔ³),jioq8,暂无
奉贤,缩(縮),[空],soq7(soʔ⁵),soq7,暂无
奉贤,缩(縮),[空],saoq7(sɔʔ⁵),saoq7,暂无
奉贤,祝(祝),[空],tsoq7(tsoʔ⁵),tsoq7,暂无
奉贤,粥(粥),[空],tsoq7(tsoʔ⁵),tsoq7,暂无
奉贤,叔(叔),[空],soq7(soʔ⁵),soq7,暂无
奉贤,熟(熟),[空],zoq8(zoʔ³),zoq8,暂无
奉贤,肉(肉),[空],gnioq8(ɲioʔ³),gnioq8,暂无
奉贤,菊(菊),[空],cioq7(ʄioʔ⁵),cioq7,暂无
奉贤,菊(菊),新读,cioeq7(ʄyœʔ⁵),cioeq7,暂无
奉贤,麴(麴),[空],chioq7(cʰioʔ⁵),chioq7,暂无
奉贤,畜(畜),[空],shioq7(çioʔ⁵),shioq7,暂无
奉贤,蓄(蓄),[空],shioq7(çioʔ⁵),shioq7,暂无
奉贤,育(育),[空],yoq8(ɦioʔ³),yoq8,暂无
奉贤,封(封),[空],hon1(hʊŋ⁵³),hon1,暂无
奉贤,峰(峰),[空],hon1(hʊŋ⁵³),hon1,暂无
奉贤,锋(鋒),[空],hon1(hʊŋ⁵³),hon1,暂无
奉贤,蜂(蜂),[空],hon1(hʊŋ⁵³),hon1,暂无
奉贤,捧(捧),[空],hon3(hʊŋ⁴⁴),hon3,暂无
奉贤,逢(逢),[空],ghon2(ɦʊŋ³¹),ghon2,暂无
奉贤,缝(縫),[空],ghon2(ɦʊŋ³¹),ghon2,暂无
奉贤,缝(縫),[空],ghon6(ɦʊŋ¹¹³),ghon6,暂无
奉贤,奉(奉),【校】原ghon2,ghon6(ɦʊŋ¹¹³),ghon6,暂无
奉贤,浓(濃),[空],gnion2(ɲiʊŋ³¹),gnion2,暂无
奉贤,龙(龍),[空],lon2(lʊŋ³¹),lon2,暂无
奉贤,踪(踪),[空],tson1(tsʊŋ⁵³),tson1,暂无
奉贤,纵(縱),~橫,tson1(tsʊŋ⁵³),tson1,暂无
奉贤,纵(縱),放~,tson5(tsʊŋ³³⁵),tson5,暂无
奉贤,从(從),[空],zon2(zʊŋ³¹),zon2,暂无
奉贤,松(松),[空],son1(sʊŋ⁵³),son1,暂无
奉贤,诵(誦),[空],zon6(zʊŋ¹¹³),zon6,暂无
奉贤,颂(頌),[空],zon6(zʊŋ¹¹³),zon6,暂无
奉贤,讼(訟),[空],zon6(zʊŋ¹¹³),zon6,暂无
奉贤,宠(寵),【校】原tshon5,tshon3(tsʰʊŋ⁴⁴),tshon3,暂无
奉贤,重(重),~複,zon2(zʊŋ³¹),zon2,暂无
奉贤,重(重),~量,zon6(zʊŋ¹¹³),zon6,暂无
奉贤,钟(鐘),[空],tson1(tsʊŋ⁵³),tson1,暂无
奉贤,种(種),[空],tson3(tsʊŋ⁴⁴),tson3,暂无
奉贤,种(種),[空],tson5(tsʊŋ³³⁵),tson5,暂无
奉贤,肿(腫),[空],tson3(tsʊŋ⁴⁴),tson3,暂无
奉贤,冲(衝),[空],tshon1(tsʰʊŋ⁵³),tshon1,暂无
奉贤,舂(舂),[空],son1(sʊŋ⁵³),son1,暂无
奉贤,供(供),[空],kon1(kʊŋ⁵³),kon1,暂无
奉贤,拱(拱),[空],kon5(kʊŋ³³⁵),kon5,暂无
奉贤,巩(鞏),【校】原kon5,kon3(kʊŋ⁴⁴),kon3,暂无
奉贤,恐(恐),【校】原khon5,khon3(kʰʊŋ⁴⁴),khon3,暂无
奉贤,共(共),[空],gon6(gʊŋ¹¹³),gon6,暂无
奉贤,凶(兇),[空],shion1(çiʊŋ⁵³),shion1,暂无
奉贤,胸(胸),[空],shion1(çiʊŋ⁵³),shion1,暂无
奉贤,拥(擁),[空],ion3(∅iʊŋ⁴⁴),ion3,暂无
奉贤,容(容),[空],yon2(ɦiʊŋ³¹),yon2,暂无
奉贤,勇(勇),[空],ion3(∅iʊŋ⁴⁴),ion3,暂无
奉贤,涌(湧),[空],ion3(∅iʊŋ⁴⁴),ion3,暂无
奉贤,用(用),[空],yon6(ɦiʊŋ¹¹³),yon6,暂无
奉贤,绿(綠),[空],loq8(loʔ³),loq8,暂无
奉贤,录(錄),[空],loq8(loʔ³),loq8,暂无
奉贤,录(錄),[空],laoq8(lɔʔ³),laoq8,暂无
奉贤,足(足),[空],tsoq7(tsoʔ⁵),tsoq7,暂无
奉贤,促(促),[空],tshoq7(tsʰoʔ⁵),tshoq7,暂无
奉贤,粟(粟),[空],soq7(soʔ⁵),soq7,暂无
奉贤,俗(俗),[空],zoq8(zoʔ³),zoq8,暂无
奉贤,续(續),[空],zoq8(zoʔ³),zoq8,暂无
奉贤,烛(燭),[空],tsoq7(tsoʔ⁵),tsoq7,暂无
奉贤,嘱(囑),[空],tsoq7(tsoʔ⁵),tsoq7,暂无
奉贤,触(觸),[空],tshoq7(tsʰoʔ⁵),tshoq7,暂无
奉贤,赎(贖),[空],zoq8(zoʔ³),zoq8,暂无
奉贤,束(束),[空],soq7(soʔ⁵),soq7,暂无
奉贤,属(屬),[空],zoq8(zoʔ³),zoq8,暂无
奉贤,辱(辱),[空],zoq8(zoʔ³),zoq8,暂无
奉贤,褥(褥),文,zoq8(zoʔ³),zoq8,暂无
奉贤,褥(褥),白,gnioq8(ɲioʔ³),gnioq8,暂无
奉贤,曲(曲),[空],chioq7(cʰioʔ⁵),chioq7,暂无
奉贤,局(局),[空],jioq8(ɟioʔ³),jioq8,暂无
奉贤,玉(玉),[空],gnioq8(ɲioʔ³),gnioq8,暂无
奉贤,狱(獄),[空],gnioq8(ɲioʔ³),gnioq8,暂无
奉贤,欲(欲),[空],yoq8(ɦioʔ³),yoq8,暂无
奉贤,浴(浴),[空],yoq8(ɦioʔ³),yoq8,暂无